# Blender 5.2.0 LTS
# www.blender.org
mtllib Monolith.mtl
o runestone_low__0
v 137.307556 158.879929 14.534779
v 133.526382 121.385979 26.282183
v 126.682732 182.810104 -4.759847
v 107.496849 -17.052837 -66.535545
v 116.221558 -37.808167 -47.509193
v 126.677551 -36.672123 -93.503952
v 79.876999 -219.776627 -52.717690
v 79.677879 -212.211105 -47.669987
v 79.567810 -241.520844 -29.982702
v 88.204727 -252.763611 -55.118206
v 91.194382 -221.232788 -89.464996
v 98.710754 -198.794037 -92.706032
v 73.228683 -219.735886 -26.554600
v 85.549339 -203.302765 -47.417099
v 125.144554 -118.686882 -99.580620
v 116.801430 -125.312744 -98.411652
v 100.099205 -100.581406 -98.506165
v -53.086567 320.574005 -89.104057
v -53.171055 307.111389 -91.584541
v -57.078968 316.712250 -85.200127
v 75.861450 -280.580719 0.052416
v 81.586502 -259.751434 -12.551924
v 83.054108 -271.177673 2.647408
v 114.700745 238.675217 -33.371376
v 112.446426 229.249832 -36.775311
v 91.881828 266.753662 -43.044479
v 87.723503 -246.333725 -15.039625
v 6.084716 -350.718231 126.500374
v -0.416392 -295.133972 146.612549
v -13.500218 -340.775879 146.020660
v 114.926804 28.114574 84.134163
v 93.305481 76.648239 107.349030
v 106.821205 40.760178 93.060257
v 72.406784 -316.768250 -11.864596
v 68.448143 -264.698792 -23.022827
v 62.622387 -309.746429 1.971659
v 68.497383 -308.757385 16.721367
v 62.622387 -309.746429 1.971659
v 81.686386 -298.024567 11.044369
v 38.352581 -266.034088 -111.476036
v 25.016705 -252.373077 -112.491562
v 32.938797 -249.700211 -89.389091
v 0.062761 -129.775589 127.457390
v 16.404747 -97.137085 140.019684
v -1.102120 -92.526825 129.922684
v 112.969742 140.233948 -60.914139
v 88.941887 118.423401 -71.779762
v 80.832825 167.007401 -71.310158
v 53.779419 -209.697052 -95.799019
v 80.542595 -215.694138 -107.021828
v 81.549477 -248.782196 -107.671913
v -87.295845 110.682007 -104.351784
v -89.125847 140.257935 -105.961494
v -77.880028 99.664574 -105.725098
v 109.396362 22.794575 -76.538216
v 119.196716 37.455936 -81.833183
v 108.606316 26.385933 -62.876373
v 68.448143 -264.698792 -23.022827
v 83.766327 -280.839661 12.887764
v -35.426872 189.456985 128.479828
v 12.203825 167.291916 129.249512
v 5.435566 207.612350 127.098373
v 88.204727 -252.763611 -55.118206
v 89.559006 -190.429718 -80.555458
v 109.910500 -181.564972 -63.850777
v 102.701797 -177.579559 -72.149261
v 129.689651 -51.184509 10.836429
v 158.858139 -37.332458 10.991780
v 156.997711 -46.157082 30.509926
v 113.244698 -0.543046 -42.422112
v 116.042114 -8.763048 -62.409622
v 109.396362 22.794575 -76.538216
v 89.559006 -190.429718 -80.555458
v 102.701797 -177.579559 -72.149261
v 88.901688 -176.891998 -71.304848
v 121.124496 202.918259 -36.227764
v 89.559006 -190.429718 -80.555458
v 88.901688 -176.891998 -71.304848
v 98.710754 -198.794037 -92.706032
v 79.876999 -219.776627 -52.717690
v 73.022377 257.828888 85.773903
v 63.348103 254.554169 76.473526
v 61.081898 264.844238 93.607124
v 80.832825 167.007401 -71.310158
v 88.941887 118.423401 -71.779762
v 83.312241 151.395599 -78.682602
v 85.272156 -263.675171 0.064106
v 72.406784 -316.768250 -11.864596
v 69.573349 -325.190247 -18.900904
v 131.083298 33.325115 -56.887028
v 113.244698 -0.543046 -42.422112
v 123.587883 -36.403473 -12.998287
v 110.631165 -9.692560 -42.327663
v 29.013985 -265.850067 125.919945
v 25.864511 -240.687424 122.031662
v 15.318812 -251.698242 118.423332
v 67.769287 -262.430603 9.482317
v 70.148048 -249.176987 -0.939524
v 72.689209 -251.963089 16.638813
v -27.291048 -255.099106 144.148514
v -0.416392 -295.133972 146.612549
v 9.883307 -246.814392 144.741882
v 114.700745 238.675217 -33.371376
v 112.705788 246.121506 38.351971
v 127.548149 224.875580 6.942518
v 115.564171 122.294441 -58.443676
v 123.835526 90.300529 -34.340778
v 113.244698 -0.543046 -42.422112
v 151.404266 -21.444304 -18.670574
v 123.587883 -36.403473 -12.998287
v 145.418030 -91.948891 -27.078747
v 120.822609 -54.155457 -19.688055
v 124.961212 -75.371201 12.569489
v 67.769287 -262.430603 9.482317
v 85.272156 -263.675171 0.064106
v 70.148048 -249.176987 -0.939524
v 31.319704 34.445404 -103.669670
v 64.896576 16.534052 -103.421227
v 59.714394 6.534404 -99.014389
v 104.867317 223.539108 40.810425
v 126.077080 200.350647 1.254359
v 80.360115 -172.830505 -67.300751
v 82.049065 -174.512665 -50.030716
v 74.708549 -201.754623 -41.612350
v 137.797791 -83.098572 -99.802017
v 121.180473 -72.513702 -101.537292
v 126.677551 -36.672123 -93.503952
v 82.115326 280.571899 -27.394558
v 91.881828 266.753662 -43.044479
v -22.041044 245.680801 124.668556
v 32.540157 288.769287 87.149162
v -14.191656 305.016388 88.961464
v 78.199615 -193.873932 -33.309731
v 107.170227 -163.360291 -60.813034
v 73.022980 70.119293 104.249367
v 76.254196 48.787315 121.995689
v 99.405098 24.082529 84.211319
v 85.549339 -203.302765 -47.417099
v 74.708549 -201.754623 -41.612350
v 73.228683 -219.735886 -26.554600
v -106.188950 138.415573 -88.807220
v -99.996315 160.372589 -93.738571
v -99.307564 113.284943 -101.308777
v 75.786369 -103.177979 121.453621
v 61.246346 -93.136703 134.758453
v 70.686996 -102.743782 138.312515
v -106.188950 138.415573 -88.807220
v -105.950752 128.787643 -78.910606
v -97.983643 155.162216 -86.884254
v 83.766327 -280.839661 12.887764
v 80.873772 -248.950806 19.255287
v 82.701828 -246.836365 15.952390
v 83.880196 -245.330200 18.659529
v 124.961212 -75.371201 12.569489
v 10.411453 -317.842316 121.992668
v 119.196716 37.455936 -81.833183
v 109.396362 22.794575 -76.538216
v 106.878922 44.203671 -81.962173
v 71.319122 -236.189285 -12.390978
v 75.529007 -219.110703 117.849808
v 92.156670 -240.043625 91.128365
v 107.214569 -220.574478 82.633400
v 105.106377 -153.778671 -51.905899
v 87.057205 -162.518555 -57.243229
v 81.163239 -146.232590 -53.440880
v 82.049065 -174.512665 -50.030716
v 121.742943 -150.576096 -55.233410
v 112.570282 76.022339 -86.932487
v 58.072327 261.696014 -72.971146
v 90.206741 250.852875 -62.098587
v 94.799088 230.886032 -61.333103
v 100.028992 -26.647976 -92.610847
v 94.143768 1.149476 -90.555573
v 105.246941 -32.712940 -100.171928
v 87.723503 -246.333725 -15.039625
v 73.228683 -219.735886 -26.554600
v 105.246941 -32.712940 -100.171928
v 59.714394 6.534404 -99.014389
v 74.141762 -0.038932 -97.446632
v 82.569466 -47.494267 -100.745895
v 142.440811 37.694752 10.816357
v 131.899445 32.647266 7.280719
v 124.069595 66.399651 -24.718824
v 106.878922 44.203671 -81.962173
v 109.396362 22.794575 -76.538216
v 87.286552 37.392036 -89.571991
v 73.340271 -268.812042 26.973801
v -51.699986 293.190826 -99.992859
v -38.715275 336.096222 -97.860855
v 28.528589 322.507996 -95.379585
v 67.049286 -290.517303 46.917591
v 48.982517 -291.860382 40.419754
v 68.497383 -308.757385 16.721367
v 82.701828 -246.836365 15.952390
v 80.873772 -248.950806 19.255287
v 83.880196 -245.330200 18.659529
v 144.645401 -72.477455 -70.717072
v 126.723732 82.772148 57.547600
v 123.394409 94.061684 48.150200
v 122.318909 108.385216 60.742680
v 74.043556 -232.408127 2.679039
v 153.787567 -23.855778 -2.719381
v 151.404266 -21.444304 -18.670574
v 74.141762 -0.038932 -97.446632
v 87.295547 21.897129 -101.509727
v 146.146545 -120.401550 40.919918
v 132.029633 209.604111 -5.916509
v 136.149780 -100.611725 -64.459457
v 144.645401 -72.477455 -70.717072
v 145.418030 -91.948891 -27.078747
v 60.517109 45.655521 -102.499207
v 87.295547 21.897129 -101.509727
v 64.896576 16.534052 -103.421227
v 109.910500 -181.564972 -63.850777
v 113.724854 -158.163788 -94.396484
v 121.742943 -150.576096 -55.233410
v 141.755249 -75.322578 45.017719
v 148.096909 -90.759850 34.259357
v 129.689651 -51.184509 10.836429
v 110.475624 -137.657928 -41.050549
v 126.762711 72.385284 -65.770805
v 99.171043 242.436646 79.141212
v 93.025162 239.720154 66.634628
v 105.211235 257.652863 69.493164
v 81.163239 -146.232590 -53.440880
v 87.057205 -162.518555 -57.243229
v -131.334106 23.645555 -58.716713
v -125.733566 26.125736 -69.758087
v -118.970871 0.303996 -85.108284
v 69.928589 90.046074 -86.717735
v 103.017303 78.535156 -78.681938
v 75.663017 75.193138 -93.817802
v 76.359314 -74.481560 136.323090
v 85.591301 -84.231911 123.562660
v 98.097145 -80.639153 111.562569
v 73.340271 -268.812042 26.973801
v 84.319397 27.511465 -92.721649
v 79.353310 10.392592 -92.139412
v 87.295547 21.897129 -101.509727
v 81.686386 -298.024567 11.044369
v 83.766327 -280.839661 12.887764
v 68.497383 -308.757385 16.721367
v 71.319122 -236.189285 -12.390978
v 120.822609 -54.155457 -19.688055
v 116.221558 -37.808167 -47.509193
v -59.302574 -119.044548 133.373871
v -81.654640 -165.956131 141.768784
v -55.006927 -122.982193 138.303741
v 73.228683 -219.735886 -26.554600
v 67.049286 -290.517303 46.917591
v 62.211971 -279.463104 41.408554
v 48.982517 -291.860382 40.419754
v -13.500218 -340.775879 146.020660
v -0.416392 -295.133972 146.612549
v -47.778748 -329.167297 147.936600
v 154.517822 -50.082607 60.509945
v 147.488937 -90.766777 62.353771
v 141.755249 -75.322578 45.017719
v 137.797791 -83.098572 -99.802017
v 33.573009 -353.964691 46.681526
v 40.608276 -386.138702 47.994576
v 28.782780 -365.419159 35.014389
v 129.638229 -119.062042 -16.855234
v 130.180756 -180.518555 65.648575
v 126.902306 -133.699051 -1.662793
v 115.357086 -219.865036 71.824860
v 130.180756 -180.518555 65.648575
v 124.069595 66.399651 -24.718824
v 131.899445 32.647266 7.280719
v 153.787567 -23.855778 -2.719381
v 112.570282 76.022339 -86.932487
v 108.693016 84.929298 -68.057083
v 126.762711 72.385284 -65.770805
v 103.017303 78.535156 -78.681938
v 57.301193 -355.926117 100.554825
v 46.034439 -318.174011 113.321060
v 30.227236 -350.069122 118.803558
v 103.017303 78.535156 -78.681938
v 42.505882 172.362991 -99.360359
v 59.172691 95.480911 -100.800713
v 14.908888 149.440231 -101.281403
v 76.724297 42.058704 -99.725876
v 85.591301 -84.231911 123.562660
v 75.786369 -103.177979 121.453621
v 98.097145 -80.639153 111.562569
v -1.102120 -92.526825 129.922684
v 8.515121 -62.062790 128.777603
v -18.944424 -68.527145 128.353714
v 74.280579 62.139084 -102.304886
v 84.319397 27.511465 -92.721649
v 76.724297 42.058704 -99.725876
v 115.564171 122.294441 -58.443676
v 88.941887 118.423401 -71.779762
v 112.969742 140.233948 -60.914139
v 55.367882 122.277550 -98.711433
v 59.172691 95.480911 -100.800713
v 42.505882 172.362991 -99.360359
v 130.243469 96.832153 -56.492397
v 25.781860 -224.085785 103.627243
v 7.807886 -181.358719 124.299744
v 15.318812 -251.698242 118.423332
v 46.064995 -346.921051 88.483505
v 46.034439 -318.174011 113.321060
v 57.301193 -355.926117 100.554825
v 8.515121 -62.062790 128.777603
v 19.302580 -32.711933 136.916611
v 30.905643 -333.203278 33.721848
v 42.509037 -353.850800 32.653175
v 41.182236 -331.873169 24.850357
v 88.941887 118.423401 -71.779762
v 115.564171 122.294441 -58.443676
v 36.121826 -330.836426 18.515368
v 45.161121 -314.869537 13.815101
v 35.259151 -314.855896 32.157131
v 31.388716 -373.319916 18.930496
v 43.173500 -398.131348 32.072334
v 39.213436 -374.717712 11.142656
v 83.312241 151.395599 -78.682602
v 88.074348 122.420319 -77.985382
v 57.475327 121.939743 -90.792366
v 53.306587 -359.698212 97.192268
v 88.074348 122.420319 -77.985382
v 73.533394 215.610764 -71.321663
v 74.761024 195.764511 -80.308311
v 73.533394 215.610764 -71.321663
v 100.300003 209.236237 -60.668072
v 73.228683 -219.735886 -26.554600
v 79.567810 -241.520844 -29.982702
v 79.677879 -212.211105 -47.669987
v 46.844128 -323.328430 88.935425
v 53.050850 -309.373352 92.147247
v 5.719680 -223.298233 134.339706
v 3.703965 -208.041885 136.534302
v 1.298000 -228.706253 143.969818
v 29.013985 -265.850067 125.919945
v 36.457165 -243.232071 118.544624
v 25.864511 -240.687424 122.031662
v 37.650181 227.591660 -97.906540
v 47.195923 171.412888 -92.758476
v 52.778252 -376.946411 77.671387
v 53.306587 -359.698212 97.192268
v 38.529297 -392.322876 61.948509
v 47.200054 -304.899414 55.499104
v 30.905643 -333.203278 33.721848
v 58.013916 249.657822 -83.879692
v 58.072327 261.696014 -72.971146
v 35.259151 -314.855896 32.157131
v 47.200054 -304.899414 55.499104
v 41.182236 -331.873169 24.850357
v 48.840427 -367.829834 66.297997
v 52.778252 -376.946411 77.671387
v 57.928246 290.166107 -83.402039
v 58.013916 249.657822 -83.879692
v 30.198059 276.054443 -96.212761
v 92.896423 -153.526520 105.620628
v 120.817039 -160.199188 76.409523
v -82.251862 253.748825 -94.698410
v -75.779060 241.344360 -102.634712
v -81.815056 200.508408 -104.051094
v 57.928246 290.166107 -83.402039
v 112.969742 140.233948 -60.914139
v 104.071571 171.574341 -61.526440
v 115.564171 122.294441 -58.443676
v 126.682732 182.810104 -4.759847
v 124.399078 225.866455 -17.978500
v 126.682732 182.810104 -4.759847
v 112.446426 229.249832 -36.775311
v 30.905643 -333.203278 33.721848
v 41.182236 -331.873169 24.850357
v 47.200054 -304.899414 55.499104
v 19.302580 -32.711933 136.916611
v 16.404747 -97.137085 140.019684
v 51.469116 0.924422 135.432053
v 39.213436 -374.717712 11.142656
v 39.591095 -403.234070 18.187584
v 35.472725 -385.446716 5.983003
v 74.761024 195.764511 -80.308311
v 47.195923 171.412888 -92.758476
v 104.071571 171.574341 -61.526440
v 132.029633 209.604111 -5.916509
v 35.524590 -219.273468 107.594788
v 47.290710 -197.551651 129.381180
v 27.813969 -198.032028 122.049019
v 54.749210 -367.262787 81.106163
v 36.616631 -338.769348 74.321602
v 31.388716 -373.319916 18.930496
v 39.213436 -374.717712 11.142656
v 42.509037 -353.850800 32.653175
v 40.282398 228.790665 -93.197319
v 41.052200 -278.417664 62.467834
v 51.554806 -263.484100 69.134460
v 49.321114 -284.908173 71.293800
v 44.338348 -293.682434 59.026165
v 30.198059 276.054443 -96.212761
v 40.282398 228.790665 -93.197319
v 58.277077 -242.423553 49.241302
v 60.937859 -254.882782 40.719303
v 72.689209 -251.963089 16.638813
v -109.851967 54.676392 -70.645622
v -111.911819 29.946272 -68.002838
v -134.567886 34.603992 -51.498165
v -38.046959 43.858200 -106.858368
v -64.441643 52.892406 -98.355171
v -51.154690 98.459412 -105.752838
v -98.469650 51.008087 -104.060478
v -87.932678 65.119804 -107.202019
v -89.495079 49.424129 -96.580421
v -77.880028 99.664574 -105.725098
v -73.179733 81.958160 -99.117546
v -79.103958 85.458481 -103.360153
v 54.652550 -252.266190 64.733162
v -98.469650 51.008087 -104.060478
v -113.433983 97.824631 -84.854057
v 41.052200 -278.417664 62.467834
v 62.211971 -279.463104 41.408554
v -114.899948 64.253639 -84.902069
v 60.937859 -254.882782 40.719303
v 54.652550 -252.266190 64.733162
v -114.934883 91.313049 -57.300877
v -106.265961 126.950409 -58.706886
v -106.616318 116.211990 -68.659996
v -110.831131 115.801544 -85.910927
v -72.687164 101.612709 -99.293945
v -64.441643 52.892406 -98.355171
v -73.179733 81.958160 -99.117546
v 67.049286 -290.517303 46.917591
v 45.895050 -301.489899 74.388069
v 53.050850 -309.373352 92.147247
v -81.815056 200.508408 -104.051094
v -54.810112 195.106567 -102.613213
v -89.125847 140.257935 -105.961494
v 41.052200 -278.417664 62.467834
v 44.338348 -293.682434 59.026165
v 48.982517 -291.860382 40.419754
v 50.680317 -393.198395 36.075378
v 31.388716 -373.319916 18.930496
v 28.782780 -365.419159 35.014389
v 67.123344 -92.415115 122.916351
v 76.359314 -74.481560 136.323090
v 40.724445 -233.649765 99.067047
v 92.156670 -240.043625 91.128365
v 75.529007 -219.110703 117.849808
v 54.626801 -320.279877 74.100708
v -40.475533 171.229172 -102.232552
v -63.987476 165.548187 -103.480316
v 41.052200 -278.417664 62.467834
v 48.982517 -291.860382 40.419754
v 62.211971 -279.463104 41.408554
v 46.064995 -346.921051 88.483505
v 53.306587 -359.698212 97.192268
v 54.749210 -367.262787 81.106163
v 35.259151 -314.855896 32.157131
v 48.982517 -291.860382 40.419754
v 33.573009 -353.964691 46.681526
v 28.782780 -365.419159 35.014389
v 36.121826 -330.836426 18.515368
v 47.200054 -304.899414 55.499104
v 45.895050 -301.489899 74.388069
v 54.626801 -320.279877 74.100708
v 115.357086 -219.865036 71.824860
v 92.896309 -204.059158 45.937176
v 114.964607 -193.789734 51.434868
v 89.442459 -231.496429 69.273338
v 86.273338 -232.410858 55.453251
v 53.050850 -309.373352 92.147247
v 51.554806 -263.484100 69.134460
v 44.541348 -243.742996 86.526596
v -104.371178 -31.347881 -104.902290
v -114.656151 -43.599312 -111.872902
v -105.814758 -18.582178 -107.414566
v 30.227236 -350.069122 118.803558
v 6.084716 -350.718231 126.500374
v 58.277077 -242.423553 49.241302
v 76.003204 -218.406616 39.390617
v 79.294243 -244.070602 75.858482
v 92.156670 -240.043625 91.128365
v 107.214569 -220.574478 82.633400
v -99.916824 -0.480171 -102.905632
v -103.383812 21.902227 -99.626114
v -89.114059 -4.532367 -97.985481
v -18.944424 -68.527145 128.353714
v 112.229874 122.010910 39.890656
v 121.406509 147.732361 58.710522
v 111.489319 164.333725 73.544472
v 129.875595 128.198868 43.064964
v 119.321648 103.383003 34.257839
v 115.004524 112.223099 55.242065
v 122.318909 108.385216 60.742680
v 116.126358 108.932251 74.725853
v 115.004524 112.223099 55.242065
v 111.489319 164.333725 73.544472
v 118.639816 220.588684 55.261383
v 111.489319 164.333725 73.544472
v 121.406509 147.732361 58.710522
v 84.524551 137.737732 110.114304
v 93.156395 122.797859 95.732498
v 82.568474 138.841217 102.591278
v 116.126358 108.932251 74.725853
v 102.636398 134.777267 93.280830
v 110.600296 81.989967 68.518089
v -100.352875 -68.653465 -107.180008
v -106.227875 -52.039101 -110.871826
v -104.371178 -31.347881 -104.902290
v 63.953133 143.159348 124.166153
v 96.478065 118.407333 102.480865
v 126.723732 82.772148 57.547600
v 123.883080 60.082245 65.747337
v 110.600296 81.989967 68.518089
v 109.972404 78.339996 53.489285
v 126.723732 82.772148 57.547600
v 122.318909 108.385216 60.742680
v 109.972404 78.339996 53.489285
v -72.687164 101.612709 -99.293945
v 109.972404 78.339996 53.489285
v 117.623093 83.128571 34.037376
v 118.595505 55.464188 39.001522
v 109.972404 78.339996 53.489285
v 123.883080 60.082245 65.747337
v 118.595505 55.464188 39.001522
v 138.464539 54.986851 29.709293
v 117.623093 83.128571 34.037376
v 136.418839 31.638626 44.341316
v 119.321648 103.383003 34.257839
v 114.638840 105.166626 26.000572
v 115.004524 112.223099 55.242065
v -13.847327 -172.752991 137.198639
v -14.114888 -125.307007 133.933731
v -55.006927 -122.982193 138.303741
v 119.321648 103.383003 34.257839
v 112.229874 122.010910 39.890656
v 127.511528 101.541618 4.351532
v 114.638840 105.166626 26.000572
v 112.229874 122.010910 39.890656
v 139.673294 96.574234 19.020029
v 123.835526 90.300529 -34.340778
v 127.511528 101.541618 4.351532
v 132.757507 81.845863 -30.851503
v 32.618885 -329.228027 114.790398
v 44.541348 -243.742996 86.526596
v 79.294243 -244.070602 75.858482
v 139.673294 96.574234 19.020029
v 25.781860 -224.085785 103.627243
v 123.970589 76.205704 -47.672512
v -81.654640 -165.956131 141.768784
v 18.925295 -287.383270 115.230995
v 13.729850 -296.562378 122.183556
v -0.416392 -295.133972 146.612549
v 3.129688 -246.438965 137.894913
v 76.163658 -215.231567 -11.507919
v 0.062761 -129.775589 127.457390
v 32.727741 -172.200592 142.252365
v 16.404747 -97.137085 140.019684
v 17.155313 -303.081207 129.970596
v 9.883307 -246.814392 144.741882
v 57.301193 -355.926117 100.554825
v 123.970589 76.205704 -47.672512
v 132.757507 81.845863 -30.851503
v 123.970589 76.205704 -47.672512
v 126.762711 72.385284 -65.770805
v 130.243469 96.832153 -56.492397
v 148.096909 -90.759850 34.259357
v 136.877563 -99.732674 31.968561
v 107.170227 -163.360291 -60.813034
v -1.102120 -92.526825 129.922684
v -18.944424 -68.527145 128.353714
v 123.835526 90.300529 -34.340778
v 140.781509 65.063187 -13.894897
v 111.289894 -149.547729 1.646821
v 116.841637 -134.314362 2.123742
v 113.134972 -159.263351 22.658669
v 43.209843 295.063080 -64.877914
v 49.271294 289.627350 -56.976887
v 66.464172 290.995819 -69.331757
v 48.127838 308.620300 -53.136681
v 42.857056 327.824097 -58.219524
v 56.590004 312.447418 -47.915791
v 59.715115 309.806610 -81.477318
v 49.271294 289.627350 -56.976887
v 43.209843 295.063080 -64.877914
v 48.127838 308.620300 -53.136681
v 59.715115 309.806610 -81.477318
v 39.587162 323.431122 -86.191376
v -132.266983 34.365646 -44.777130
v -116.795586 23.323036 -49.044849
v -120.535767 33.892277 -41.508678
v 69.742363 271.469269 -48.333813
v 88.052887 255.298706 -50.242271
v 90.206741 250.852875 -62.098587
v 131.913055 -2.296511 53.437248
v 136.168533 -27.263607 74.318001
v 154.517822 -50.082607 60.509945
v -82.251862 253.748825 -94.698410
v -92.501411 215.364670 -91.283081
v -45.160458 291.126648 -3.844995
v 62.433479 278.188080 -62.637028
v -92.501411 215.364670 -91.283081
v -26.729097 357.630585 -9.077011
v -35.777195 291.510803 27.679317
v -22.478209 346.822601 17.748699
v 136.903625 9.141458 35.119740
v 142.440811 37.694752 10.816357
v 126.762711 72.385284 -65.770805
v 74.264526 -113.912750 120.153755
v 77.956078 -123.732582 126.906235
v 123.209129 19.628155 61.491337
v -62.802822 316.118866 -90.847221
v -72.706459 284.333374 -92.998169
v 56.590004 312.447418 -47.915791
v 53.620213 317.497498 -31.571962
v 61.981522 306.545868 -23.284885
v 70.686996 -102.743782 138.312515
v 74.264526 -113.912750 120.153755
v 75.786369 -103.177979 121.453621
v 120.705559 -6.138135 58.141033
v 49.271294 289.627350 -56.976887
v 74.446274 274.251953 -29.649567
v 69.192680 272.165314 -39.270588
v 61.246346 -93.136703 134.758453
v 76.359314 -74.481560 136.323090
v 55.999153 -59.489540 135.644882
v 77.956078 -123.732582 126.906235
v 76.372810 -140.841354 117.323296
v 74.264526 -113.912750 120.153755
v 17.155313 -303.081207 129.970596
v 46.034439 -318.174011 113.321060
v 18.925295 -287.383270 115.230995
v 48.127838 308.620300 -53.136681
v 59.715115 309.806610 -81.477318
v 42.857056 327.824097 -58.219524
v 94.799088 230.886032 -61.333103
v 88.052887 255.298706 -50.242271
v 91.881828 266.753662 -43.044479
v -0.416392 -295.133972 146.612549
v 10.411453 -317.842316 121.992668
v 17.155313 -303.081207 129.970596
v 69.192680 272.165314 -39.270588
v 74.446274 274.251953 -29.649567
v 77.060654 -145.932465 124.745018
v -130.915894 18.748693 -23.641415
v -131.572159 -0.204224 -31.169693
v -141.805557 -7.478486 -32.185322
v -127.971779 -1.558113 -68.022064
v 41.143581 -369.554901 -9.776035
v 48.516655 -392.111420 -9.943860
v 64.876595 -350.732300 -7.243346
v -102.468529 114.739502 -37.509712
v -103.678276 92.121574 -35.315773
v -91.223076 132.365280 -32.744968
v -101.273468 179.464142 -84.220932
v -84.006569 180.075775 -26.790239
v -58.862476 237.095184 2.066059
v -77.605133 196.968781 -20.337687
v -109.616020 72.784813 -2.760985
v -93.276573 120.829041 3.683808
v -100.755325 91.539818 -1.879972
v -130.915894 18.748693 -23.641415
v -141.805557 -7.478486 -32.185322
v -109.616020 72.784813 -2.760985
v -124.408813 18.270226 -54.260193
v -124.745056 3.859689 -40.924370
v -116.795586 23.323036 -49.044849
v -120.949051 94.817322 -65.313904
v -84.006569 180.075775 -26.790239
v -75.594482 182.684372 -24.057842
v -77.605133 196.968781 -20.337687
v -111.786888 67.281601 -39.859089
v -122.047005 67.984917 -41.703800
v -126.998177 52.154907 -41.419003
v -93.276573 120.829041 3.683808
v -89.966644 157.133804 -29.678415
v -131.275040 4.618875 -47.026703
v -124.408813 18.270226 -54.260193
v -119.505035 -26.636433 -67.891968
v -76.671509 177.467453 4.518345
v -75.594482 182.684372 -24.057842
v -138.801437 -26.420561 -42.226044
v -122.047005 67.984917 -41.703800
v -111.786888 67.281601 -39.859089
v -114.934883 91.313049 -57.300877
v -109.616020 72.784813 -2.760985
v -112.859581 58.003536 -18.566256
v -118.092621 57.735294 -16.050934
v -111.786888 67.281601 -39.859089
v -60.835732 180.009521 56.879471
v 69.192680 272.165314 -39.270588
v -120.535767 33.892277 -41.508678
v -112.859581 58.003536 -18.566256
v -126.998177 52.154907 -41.419003
v -122.047005 67.984917 -41.703800
v -134.567886 34.603992 -51.498165
v -89.966644 157.133804 -29.678415
v -91.223076 132.365280 -32.744968
v -131.275040 4.618875 -47.026703
v -138.801437 -26.420561 -42.226044
v -131.572159 -0.204224 -31.169693
v -102.468529 114.739502 -37.509712
v -103.170311 138.823593 -70.374290
v -118.092621 57.735294 -16.050934
v -105.934868 147.907104 -68.570374
v -115.052483 111.960068 -70.138992
v -95.112350 174.777481 -89.941277
v -101.273468 179.464142 -84.220932
v -94.140846 175.149338 -96.848503
v -103.456520 150.707077 -80.613823
v -106.265961 126.950409 -58.706886
v -105.934868 147.907104 -68.570374
v -103.170311 138.823593 -70.374290
v -108.579086 99.644577 -74.740891
v -109.831978 106.478111 -80.448280
v -113.433983 97.824631 -84.854057
v -111.603127 36.082150 -76.706635
v -109.851967 54.676392 -70.645622
v -113.337837 60.131561 -76.254951
v -124.408813 18.270226 -54.260193
v -134.567886 34.603992 -51.498165
v -132.266983 34.365646 -44.777130
v -131.334106 23.645555 -58.716713
v -111.911819 29.946272 -68.002838
v -125.733566 26.125736 -69.758087
v -131.572159 -0.204224 -31.169693
v -134.567886 34.603992 -51.498165
v -111.911819 29.946272 -68.002838
v -131.334106 23.645555 -58.716713
v -118.510498 28.894579 -82.741455
v -118.510498 28.894579 -82.741455
v -114.957741 48.879906 -86.752144
v -111.603127 36.082150 -76.706635
v -113.337837 60.131561 -76.254951
v -110.317299 48.339554 -79.029076
v -113.659958 85.919983 -81.021889
v -107.794502 72.871712 -74.315758
v -114.957741 48.879906 -86.752144
v -114.899948 64.253639 -84.902069
v -110.317299 48.339554 -79.029076
v -107.794502 72.871712 -74.315758
v -110.317299 48.339554 -79.029076
v -113.337837 60.131561 -76.254951
v -94.140846 175.149338 -96.848503
v -95.112350 174.777481 -89.941277
v -97.983643 155.162216 -86.884254
v -105.950752 128.787643 -78.910606
v -99.996315 160.372589 -93.738571
v -107.630989 141.280975 -75.843269
v -107.630989 141.280975 -75.843269
v -105.950752 128.787643 -78.910606
v -103.456520 150.707077 -80.613823
v -110.831131 115.801544 -85.910927
v -108.579086 99.644577 -74.740891
v -115.052483 111.960068 -70.138992
v -105.950752 128.787643 -78.910606
v -100.755325 91.539818 -1.879972
v -120.949051 94.817322 -65.313904
v -107.794502 72.871712 -74.315758
v -102.447166 45.872177 -100.466476
v -103.383812 21.902227 -99.626114
v -92.006943 85.275826 -103.603828
v -99.307564 113.284943 -101.308777
v -91.998444 96.790871 -101.525330
v -98.469650 51.008087 -104.060478
v -91.998444 96.790871 -101.525330
v -84.173958 69.500130 -101.863731
v -86.125435 59.857773 -94.075783
v -71.867851 20.140381 -96.840767
v -89.495079 49.424129 -96.580421
v -73.759483 66.769150 -97.007660
v -71.867851 20.140381 -96.840767
v -86.125435 59.857773 -94.075783
v -33.410023 -238.809509 -107.590813
v -45.816875 -226.190659 -113.334618
v -28.084316 -244.177765 -112.329315
v -17.200249 -262.570831 -110.270226
v -75.653824 -213.528000 -112.559479
v -14.270663 -264.692688 -102.295166
v 7.032243 -303.925171 -91.675850
v -34.239307 -269.134033 -103.857231
v -52.016884 -248.147644 -107.545578
v -33.410023 -238.809509 -107.590813
v -34.239307 -269.134033 -103.857231
v -79.103958 85.458481 -103.360153
v -35.338749 -5.775502 -108.125511
v 35.317165 -343.944275 9.439533
v 33.346256 -358.841125 5.930665
v 44.278656 -342.737030 -0.133750
v -102.447166 45.872177 -100.466476
v -104.371178 -31.347881 -104.902290
v -89.706734 -13.593786 -103.680130
v -7.043500 -456.398041 -7.163408
v 32.337429 -431.866852 12.432006
v 19.816767 -427.863129 21.338673
v -81.541290 7.923448 -97.485870
v -35.338749 -5.775502 -108.125511
v 45.804249 -401.154297 -3.978995
v 40.517120 -423.737640 4.170168
v 44.577785 -387.283142 -48.511280
v 40.608276 -386.138702 47.994576
v 43.173500 -398.131348 32.072334
v 50.680317 -393.198395 36.075378
v -89.154205 -46.869102 -100.679840
v -84.174690 -88.253044 -105.493279
v -100.352875 -68.653465 -107.180008
v 40.517120 -423.737640 4.170168
v 34.095139 -419.664032 17.188543
v 29.556444 -440.765930 -16.707254
v -63.658558 -57.370403 -106.057373
v -73.759483 66.769150 -97.007660
v -84.173958 69.500130 -101.863731
v -102.447166 45.872177 -100.466476
v -92.874527 -44.430435 -105.719200
v -89.706734 -13.593786 -103.680130
v -89.154205 -46.869102 -100.679840
v -92.874527 -44.430435 -105.719200
v -84.173958 69.500130 -101.863731
v -86.125435 59.857773 -94.075783
v -68.298569 -98.144638 -106.788063
v -84.427620 -116.574867 -113.665741
v -94.173820 -78.577072 -112.085083
v -100.352875 -68.653465 -107.180008
v -84.174690 -88.253044 -105.493279
v -106.227875 -52.039101 -110.871826
v 86.987991 -194.786926 -103.037575
v -51.154690 98.459412 -105.752838
v -66.535500 121.552528 -104.860298
v 109.910500 -181.564972 -63.850777
v 89.559006 -190.429718 -80.555458
v 98.710754 -198.794037 -92.706032
v 93.609184 -171.557358 12.357757
v 116.309448 -175.014160 35.411564
v 36.173786 -410.790039 27.283579
v 22.624519 -411.521820 22.863068
v 34.095139 -419.664032 17.188543
v 117.251030 -25.410555 100.508125
v 147.488937 -90.766777 62.353771
v 126.902306 -133.699051 -1.662793
v 132.696686 -129.428299 -26.855343
v 129.638229 -119.062042 -16.855234
v 43.173500 -398.131348 32.072334
v 36.173786 -410.790039 27.283579
v 87.057205 -162.518555 -57.243229
v 100.028992 -26.647976 -92.610847
v 112.901482 -66.997116 -94.855759
v 44.278656 -342.737030 -0.133750
v 24.399517 -404.510071 48.732204
v 36.350121 -407.744049 42.570671
v 86.987991 -194.786926 -103.037575
v 91.194382 -221.232788 -89.464996
v 93.390625 -212.937592 -107.380989
v 50.158054 -323.853668 7.746392
v 39.478291 -276.736115 120.344109
v 18.925295 -287.383270 115.230995
v 46.034439 -318.174011 113.321060
v 69.573349 -325.190247 -18.900904
v 72.406784 -316.768250 -11.864596
v 62.622387 -309.746429 1.971659
v -72.687164 101.612709 -99.293945
v -66.535500 121.552528 -104.860298
v 32.727741 -172.200592 142.252365
v -77.880028 99.664574 -105.725098
v 3.129688 -246.438965 137.894913
v 5.719680 -223.298233 134.339706
v 9.883307 -246.814392 144.741882
v 1.298000 -228.706253 143.969818
v -0.134068 -195.021088 143.726807
v 125.280365 -150.637726 17.134954
v 113.134972 -159.263351 22.658669
v 116.841637 -134.314362 2.123742
v 46.034439 -318.174011 113.321060
v 39.478291 -276.736115 120.344109
v 13.729850 -296.562378 122.183556
v 17.155313 -303.081207 129.970596
v 18.925295 -287.383270 115.230995
v 70.618225 -153.887741 -30.551153
v 32.618885 -329.228027 114.790398
v 46.034439 -318.174011 113.321060
v 67.123344 -92.415115 122.916351
v -4.519312 -173.594177 139.995605
v 0.062761 -129.775589 127.457390
v -8.344161 -133.613815 140.041809
v 33.346256 -358.841125 5.930665
v 35.317165 -343.944275 9.439533
v 41.182236 -331.873169 24.850357
v -4.519312 -173.594177 139.995605
v -13.847327 -172.752991 137.198639
v 89.759918 -202.145767 22.862619
v 92.598633 -187.516113 30.754339
v 14.591101 125.014351 -102.003845
v 16.173843 134.241791 -101.673058
v 40.517120 -423.737640 4.170168
v 45.804249 -401.154297 -3.978995
v 34.095139 -419.664032 17.188543
v 50.158054 -323.853668 7.746392
v 64.876595 -350.732300 -7.243346
v 69.573349 -325.190247 -18.900904
v 101.043358 -87.309258 -102.284912
v 54.652550 -252.266190 64.733162
v 55.999153 -59.489540 135.644882
v 84.974869 -203.902771 107.467003
v 66.519684 -216.316177 122.818985
v 31.319704 34.445404 -103.669670
v 76.724297 42.058704 -99.725876
v 48.551739 6.823778 -104.033340
v 39.298298 -63.436481 -106.565292
v 59.928120 -106.598175 -102.689392
v 100.842323 0.819984 107.837990
v -101.290642 -254.825485 145.216446
v -47.778748 -329.167297 147.936600
v -27.291048 -255.099106 144.148514
v 23.307560 -244.167465 -105.794991
v 41.954113 -223.765366 -95.541588
v 32.938797 -249.700211 -89.389091
v 56.754230 -287.777100 -98.632690
v 50.235714 -282.313019 -109.701080
v 49.388985 -272.596741 -95.559303
v 82.569466 -47.494267 -100.745895
v 100.099205 -100.581406 -98.506165
v 89.918777 -131.649933 -99.986252
v 124.399078 225.866455 -17.978500
v 73.022980 70.119293 104.249367
v 93.305481 76.648239 107.349030
v 62.071564 87.889923 128.444595
v 120.177696 -101.508804 -99.378044
v 101.914322 2.519979 -94.776466
v 116.042114 -8.763048 -62.409622
v 107.496849 -17.052837 -66.535545
v 99.036369 3.994750 -78.504440
v 116.221558 -37.808167 -47.509193
v 116.042114 -8.763048 -62.409622
v 110.631165 -9.692560 -42.327663
v 99.036369 3.994750 -78.504440
v 99.036369 3.994750 -78.504440
v 94.143768 1.149476 -90.555573
v 79.353310 10.392592 -92.139412
v 101.914322 2.519979 -94.776466
v 116.221558 -37.808167 -47.509193
v 74.280579 62.139084 -102.304886
v 76.724297 42.058704 -99.725876
v 59.172691 95.480911 -100.800713
v 103.017303 78.535156 -78.681938
v 106.878922 44.203671 -81.962173
v 87.286552 37.392036 -89.571991
v 75.663017 75.193138 -93.817802
v 103.017303 78.535156 -78.681938
v 53.093060 196.879257 121.643394
v 68.533173 207.566422 99.180023
v 71.609344 209.391006 110.221985
v 33.774258 189.915787 129.240234
v 29.876041 185.994598 118.072937
v 53.093060 196.879257 121.643394
v -60.835732 180.009521 56.879471
v -47.756378 175.195801 56.095810
v -43.617458 193.103790 50.189510
v 5.435566 207.612350 127.098373
v 29.876041 185.994598 118.072937
v 34.836292 154.640289 122.020813
v 55.126202 146.555786 114.361832
v 43.062572 150.034668 130.503128
v 74.913391 177.428680 100.888535
v 50.232590 193.771393 109.414757
v 112.901482 -66.997116 -94.855759
v 121.180473 -72.513702 -101.537292
v 68.533173 207.566422 99.180023
v 99.685814 198.330627 86.597313
v 99.171043 242.436646 79.141212
v 12.203825 167.291916 129.249512
v 52.037895 65.081474 133.493805
v 43.062572 150.034668 130.503128
v 62.071564 87.889923 128.444595
v 50.232590 193.771393 109.414757
v 71.916801 236.661667 106.842682
v 73.022377 257.828888 85.773903
v 61.081898 264.844238 93.607124
v 137.307556 158.879929 14.534779
v 71.609344 209.391006 110.221985
v 71.916801 236.661667 106.842682
v 53.093060 196.879257 121.643394
v 50.232590 193.771393 109.414757
v 33.774258 189.915787 129.240234
v 35.231583 216.907623 127.405556
v 68.338165 304.302460 59.398430
v 63.507854 304.316223 66.733315
v 84.500237 283.746735 72.142227
v 73.022377 257.828888 85.773903
v 84.500237 283.746735 72.142227
v 73.883423 269.874451 64.930244
v 33.748013 284.052643 77.686951
v 32.540157 288.769287 87.149162
v 5.435566 207.612350 127.098373
v 105.211235 257.652863 69.493164
v 101.914322 2.519979 -94.776466
v 63.348103 254.554169 76.473526
v 70.231476 234.215683 95.671249
v 79.353310 10.392592 -92.139412
v 70.231476 234.215683 95.671249
v 87.295547 21.897129 -101.509727
v 79.353310 10.392592 -92.139412
v 74.141762 -0.038932 -97.446632
v 61.081898 264.844238 93.607124
v 116.042114 -8.763048 -62.409622
v 44.574203 -214.277191 -103.910141
v 73.883423 269.874451 64.930244
v 75.945854 286.557800 74.915459
v 60.007042 297.736725 58.226379
v 61.081898 264.844238 93.607124
v 63.348103 254.554169 76.473526
v 73.883423 269.874451 64.930244
v 33.748013 284.052643 77.686951
v 6.896783 320.153046 73.871086
v 60.007042 297.736725 58.226379
v 84.500237 283.746735 72.142227
v 7.807886 -181.358719 124.299744
v 84.500237 283.746735 72.142227
v 75.945854 286.557800 74.915459
v 73.883423 269.874451 64.930244
v -1.102120 -92.526825 129.922684
v -14.114888 -125.307007 133.933731
v -8.344161 -133.613815 140.041809
v 133.526382 121.385979 26.282183
v 129.875595 128.198868 43.064964
v -8.344161 -133.613815 140.041809
v 75.945854 286.557800 74.915459
v 48.283352 326.049438 60.160164
v 48.283352 326.049438 60.160164
v 63.507854 304.316223 66.733315
v 30.136957 352.632141 47.545528
v 43.482582 323.150085 54.168873
v 42.134068 344.986481 9.770893
v 29.588226 353.493591 -1.076809
v 28.599972 358.824738 9.392434
v 40.724445 -233.649765 99.067047
v 7.345325 353.732910 56.097488
v -8.516503 324.180023 76.853691
v 18.112976 356.831818 50.618454
v 126.077080 200.350647 1.254359
v 93.025162 239.720154 66.634628
v 56.984879 316.544159 22.397346
v 104.867317 223.539108 40.810425
v 129.644928 204.909454 23.584053
v 126.077080 200.350647 1.254359
v 112.705788 246.121506 38.351971
v 105.211235 257.652863 69.493164
v 100.753700 253.466751 59.465347
v 100.753700 253.466751 59.465347
v 129.644928 204.909454 23.584053
v 69.922592 -189.769028 -101.781517
v 86.940224 -196.779236 -108.463554
v -0.134068 -195.021088 143.726807
v 118.639816 220.588684 55.261383
v 29.013985 -265.850067 125.919945
v 114.700745 238.675217 -33.371376
v 66.519684 -216.316177 122.818985
v 100.753700 253.466751 59.465347
v 100.300003 209.236237 -60.668072
v 112.446426 229.249832 -36.775311
v 25.781860 -224.085785 103.627243
v -0.416392 -295.133972 146.612549
v -1.102120 -92.526825 129.922684
v 104.071571 171.574341 -61.526440
v 14.757148 -25.974096 126.317215
v 10.532200 -8.533678 136.103790
v 91.881828 266.753662 -43.044479
v 94.799088 230.886032 -61.333103
v -26.053196 -19.514753 129.688324
v 112.446426 229.249832 -36.775311
v 126.682732 182.810104 -4.759847
v 121.124496 202.918259 -36.227764
v 93.025162 239.720154 66.634628
v 130.243469 96.832153 -56.492397
v 115.564171 122.294441 -58.443676
v 123.835526 90.300529 -34.340778
v -13.847327 -172.752991 137.198639
v 18.925295 -287.383270 115.230995
v 40.721493 333.065460 -45.556934
v 51.549648 -191.517395 143.082718
v -126.692390 -26.975456 -57.649353
v -141.924149 -32.640079 -48.994270
v 84.500237 283.746735 72.142227
v 56.984879 316.544159 22.397346
v 67.407066 307.373505 45.728508
v -2.767895 369.310913 50.310211
v -13.592362 331.393311 64.695572
v -8.516503 324.180023 76.853691
v -47.756378 175.195801 56.095810
v -36.827217 202.347778 70.296989
v -43.617458 193.103790 50.189510
v -111.365982 -150.034729 139.194687
v -89.628288 -55.070282 132.894653
v -109.245430 -74.248734 121.489784
v 20.863003 362.180634 38.027676
v 10.570907 373.551819 40.669827
v -19.430885 411.300293 -39.512131
v -32.061787 406.597351 -49.039955
v -19.921295 401.630402 -14.011030
v -89.628288 -55.070282 132.894653
v -63.329285 -10.362722 133.291794
v -26.053196 -19.514753 129.688324
v -49.071648 -3.019165 136.404541
v -36.855583 194.212708 126.435974
v -38.515205 213.704941 99.649612
v -44.582645 185.665100 104.965317
v 43.482582 323.150085 54.168873
v 48.283352 326.049438 60.160164
v 30.136957 352.632141 47.545528
v -49.071648 -3.019165 136.404541
v -3.267226 56.645523 133.177109
v -51.954895 41.541027 134.176605
v -110.924820 -10.031062 79.416725
v -87.612816 32.372654 79.800819
v -96.468285 41.937290 75.901466
v -54.478043 110.857941 80.139267
v -44.774845 122.838348 131.343491
v -45.094440 131.141327 84.276146
v -4.061247 -6.934338 131.119675
v -32.061787 406.597351 -49.039955
v -34.273930 410.262054 -67.958344
v -31.565403 406.134583 -75.251343
v -42.244427 61.288780 130.728531
v -93.939178 -0.120522 107.844193
v -87.890480 26.452393 105.767044
v 139.673294 96.574234 19.020029
v -57.130135 69.489662 131.261932
v -64.235809 51.874638 119.393112
v -36.117413 81.695312 132.413895
v 67.407066 307.373505 45.728508
v -91.961739 -40.736492 135.476547
v -91.961739 -40.736492 135.476547
v -26.053196 -19.514753 129.688324
v -63.329285 -10.362722 133.291794
v -89.628288 -55.070282 132.894653
v -111.365982 -150.034729 139.194687
v -59.302574 -119.044548 133.373871
v -141.054718 -148.586319 116.284065
v -131.119736 -164.116150 141.467453
v -82.473480 52.453590 116.283089
v -36.117413 81.695312 132.413895
v -3.267226 56.645523 133.177109
v -125.615524 -71.785271 92.125473
v -96.338211 -47.199669 117.841873
v -107.911392 -16.398981 95.723404
v -1.987358 365.060272 11.128535
v 7.529291 352.054352 -9.178410
v -7.092256 379.859375 -12.404599
v 55.625534 325.144775 29.867060
v 9.962911 375.905426 26.873285
v -136.823212 -131.804413 111.628143
v -112.437248 -81.479866 114.975143
v -15.550854 337.233154 32.340820
v -20.475922 327.876007 42.727448
v -15.997489 349.910706 39.031982
v -35.589123 262.555206 58.597111
v -22.041044 245.680801 124.668556
v 20.863003 362.180634 38.027676
v 30.136957 352.632141 47.545528
v 48.283352 326.049438 60.160164
v -25.423389 417.825745 -75.975410
v -42.244427 61.288780 130.728531
v 133.526382 121.385979 26.282183
v -83.547852 1.000013 119.314667
v -63.329285 -10.362722 133.291794
v -49.071648 -3.019165 136.404541
v 69.742363 271.469269 -48.333813
v 66.464172 290.995819 -69.331757
v 62.433479 278.188080 -62.637028
v 6.164024 367.767059 43.481995
v -1.412700 368.514221 27.976826
v -2.767895 369.310913 50.310211
v -93.350273 -3.237758 79.936020
v -10.156213 370.093170 25.747534
v -1.987358 365.060272 11.128535
v -64.027039 103.431252 126.263611
v -44.774845 122.838348 131.343491
v 6.164024 367.767059 43.481995
v -2.767895 369.310913 50.310211
v -20.475922 327.876007 42.727448
v -15.550854 337.233154 32.340820
v -21.180927 308.565521 41.530689
v 44.634434 330.726013 -16.359972
v -21.525175 393.858124 -27.980955
v -16.018829 391.546448 -10.562038
v 44.316952 336.101379 9.300012
v 56.590004 312.447418 -47.915791
v 82.115326 280.571899 -27.394558
v 99.171043 242.436646 79.141212
v 14.757148 -25.974096 126.317215
v -26.053196 -19.514753 129.688324
v 8.515121 -62.062790 128.777603
v 59.715115 309.806610 -81.477318
v 67.123344 -92.415115 122.916351
v 76.359314 -74.481560 136.323090
v 61.246346 -93.136703 134.758453
v 127.511528 101.541618 4.351532
v 48.283352 326.049438 60.160164
v 43.482582 323.150085 54.168873
v 60.007042 297.736725 58.226379
v 129.644928 204.909454 23.584053
v -35.078007 200.868912 125.739708
v -33.300434 207.525131 125.043449
v 44.316952 336.101379 9.300012
v 14.757148 -25.974096 126.317215
v 10.532200 -8.533678 136.103790
v 11.339290 369.958862 11.869648
v -43.881180 137.917435 130.414841
v -36.117413 81.695312 132.413895
v -16.041714 176.636429 128.713394
v -35.426872 189.456985 128.479828
v -16.041714 176.636429 128.713394
v 55.625534 325.144775 29.867060
v -21.525175 393.858124 -27.980955
v 42.134068 344.986481 9.770893
v 28.599972 358.824738 9.392434
v -10.156213 370.093170 25.747534
v -1.412700 368.514221 27.976826
v 10.570907 373.551819 40.669827
v 9.962911 375.905426 26.873285
v -28.030439 294.310242 48.781040
v -21.180927 308.565521 41.530689
v -29.056601 270.842255 45.801903
v -22.041044 245.680801 124.668556
v -10.156213 370.093170 25.747534
v -91.961739 -40.736492 135.476547
v -86.684433 -15.605660 123.045982
v 42.134068 344.986481 9.770893
v 12.643455 344.216125 -29.522007
v 29.413410 347.609131 -22.585558
v 20.923443 334.447083 -43.159901
v 7.529291 352.054352 -9.178410
v 9.962911 375.905426 26.873285
v 29.413410 347.609131 -22.585558
v -19.430885 411.300293 -39.512131
v -19.921295 401.630402 -14.011030
v -18.944424 -68.527145 128.353714
v -34.090004 399.756958 -74.283981
v -40.764572 379.186615 -79.758881
v -51.954895 41.541027 134.176605
v -64.235809 51.874638 119.393112
v 56.328911 310.822144 -16.091690
v 45.477535 329.047333 -30.429794
v 56.328911 310.822144 -16.091690
v 44.634434 330.726013 -16.359972
v 61.981522 306.545868 -23.284885
v -31.565403 406.134583 -75.251343
v -124.745056 3.859689 -40.924370
v -131.572159 -0.204224 -31.169693
v -120.535767 33.892277 -41.508678
v -82.473480 52.453590 116.283089
v -87.612816 32.372654 79.800819
v -110.924820 -10.031062 79.416725
v -93.350273 -3.237758 79.936020
v 82.115326 280.571899 -27.394558
v 127.511528 101.541618 4.351532
v 42.857056 327.824097 -58.219524
v -116.795586 23.323036 -49.044849
v 136.903625 9.141458 35.119740
v 40.721493 333.065460 -45.556934
v -57.130135 69.489662 131.261932
v -64.027039 103.431252 126.263611
v 42.857056 327.824097 -58.219524
v 49.388985 -272.596741 -95.559303
v 120.177696 -101.508804 -99.378044
v 57.475327 121.939743 -90.792366
v 59.715115 309.806610 -81.477318
v 66.464172 290.995819 -69.331757
v 48.127838 308.620300 -53.136681
v 56.590004 312.447418 -47.915791
v 49.271294 289.627350 -56.976887
v -71.084808 124.263885 78.799606
v -47.713638 338.003815 -93.321487
v -51.288456 352.516357 -88.942345
v -58.430439 330.566162 -90.902153
v -14.987047 364.450012 -96.113464
v -138.752350 -27.028494 -64.956360
v -126.692390 -26.975456 -57.649353
v -119.505035 -26.636433 -67.891968
v -110.421646 -76.204826 109.937996
v -31.117599 373.395050 -88.530182
v -1.614417 385.362183 -93.156769
v -19.615217 370.007935 -93.724060
v -41.381557 358.756104 -90.171181
v 28.061018 322.128357 -70.000969
v -20.442684 398.379059 -82.630539
v -31.565403 406.134583 -75.251343
v -25.423389 417.825745 -75.975410
v -16.018829 391.546448 -10.562038
v -56.953491 328.215149 -83.285561
v -40.764572 379.186615 -79.758881
v -51.288456 352.516357 -88.942345
v 126.677551 -36.672123 -93.503952
v -34.273930 410.262054 -67.958344
v -31.565403 406.134583 -75.251343
v -20.442684 398.379059 -82.630539
v -34.090004 399.756958 -74.283981
v 69.928589 90.046074 -86.717735
v 29.588226 353.493591 -1.076809
v 12.643455 344.216125 -29.522007
v -34.090004 399.756958 -74.283981
v -153.183289 -88.257301 10.997899
v -150.821167 -126.742638 60.776585
v -25.423389 417.825745 -75.975410
v -1.614417 385.362183 -93.156769
v 29.588226 353.493591 -1.076809
v 94.799088 230.886032 -61.333103
v 37.650181 227.591660 -97.906540
v 8.879900 257.932037 -98.320503
v 15.330490 168.180649 -100.670609
v -78.304039 -226.949905 -112.056465
v -52.016884 -248.147644 -107.545578
v -57.841206 -245.443817 -113.115028
v -78.304039 -226.949905 -112.056465
v -84.173958 69.500130 -101.863731
v -92.006943 85.275826 -103.603828
v -27.308897 104.176575 -102.170273
v -29.237684 96.847084 -103.270241
v -27.669641 115.410889 -102.904015
v -84.173958 69.500130 -101.863731
v -54.810112 195.106567 -102.613213
v -13.027474 140.763107 -102.825035
v -22.625290 152.914764 -102.691032
v -28.373661 151.801270 -103.017845
v -40.475533 171.229172 -102.232552
v -54.810112 195.106567 -102.613213
v -92.006943 85.275826 -103.603828
v -87.932678 65.119804 -107.202019
v -98.469650 51.008087 -104.060478
v -14.270663 -264.692688 -102.295166
v -34.239307 -269.134033 -103.857231
v -33.410023 -238.809509 -107.590813
v -27.669641 115.410889 -102.904015
v -29.237684 96.847084 -103.270241
v 145.418030 -91.948891 -27.078747
v 146.146545 -120.401550 40.919918
v 41.143581 -369.554901 -9.776035
v 35.656658 -370.106506 5.337679
v 125.280365 -150.637726 17.134954
v 35.317165 -343.944275 9.439533
v 50.158054 -323.853668 7.746392
v 36.121826 -330.836426 18.515368
v 50.158054 -323.853668 7.746392
v 116.801430 -125.312744 -98.411652
v 36.173786 -410.790039 27.283579
v 22.624519 -411.521820 22.863068
v 19.816767 -427.863129 21.338673
v 34.095139 -419.664032 17.188543
v 36.350121 -407.744049 42.570671
v 36.173786 -410.790039 27.283579
v -99.916824 -0.480171 -102.905632
v 45.161121 -314.869537 13.815101
v 83.766327 -280.839661 12.887764
v 67.049286 -290.517303 46.917591
v 68.497383 -308.757385 16.721367
v 118.529114 -36.721447 98.196732
v 137.169373 -53.108738 76.216911
v 36.121826 -330.836426 18.515368
v 64.876595 -350.732300 -7.243346
v 48.516655 -392.111420 -9.943860
v 38.529297 -392.322876 61.948509
v 122.753159 -83.622055 84.399643
v 139.081406 -92.704369 65.705917
v 133.194031 -84.223473 77.488228
v 116.309448 -175.014160 35.411564
v 89.442459 -231.496429 69.273338
v 115.357086 -219.865036 71.824860
v 107.214569 -220.574478 82.633400
v 63.891922 -205.726822 13.137124
v 86.062157 -155.305786 -14.584891
v 34.095139 -419.664032 17.188543
v 34.339951 -399.337006 6.260890
v 32.337429 -431.866852 12.432006
v 29.556444 -440.765930 -16.707254
v 34.095139 -419.664032 17.188543
v 33.573009 -353.964691 46.681526
v 63.891922 -205.726822 13.137124
v 78.199615 -193.873932 -33.309731
v 110.475624 -137.657928 -41.050549
v 102.808510 -137.568756 -12.500511
v 35.472725 -385.446716 5.983003
v 101.043358 -87.309258 -102.284912
v 12.574604 -442.047699 -12.814597
v 26.364109 -455.291687 -16.147451
v -7.043500 -456.398041 -7.163408
v 45.161121 -314.869537 13.815101
v 50.158054 -323.853668 7.746392
v 29.556444 -440.765930 -16.707254
v 127.297226 -124.834343 75.246017
v 147.488937 -90.766777 62.353771
v 139.081406 -92.704369 65.705917
v 89.183441 -142.259079 -1.050175
v 76.163658 -215.231567 -11.507919
v 47.200054 -304.899414 55.499104
v 74.043556 -232.408127 2.679039
v 35.524590 -219.273468 107.594788
v 31.388716 -373.319916 18.930496
v 50.680317 -393.198395 36.075378
v 43.173500 -398.131348 32.072334
v 123.970589 76.205704 -47.672512
v 150.781036 -113.411598 55.197418
v 132.696686 -129.428299 -26.855343
v 108.704880 -128.332489 -21.324301
v 86.062157 -155.305786 -14.584891
v 102.808510 -137.568756 -12.500511
v 89.183441 -142.259079 -1.050175
v 70.618225 -153.887741 -30.551153
v 54.652550 -252.266190 64.733162
v 81.163239 -146.232590 -53.440880
v 136.877563 -99.732674 31.968561
v 35.656658 -370.106506 5.337679
v 156.997711 -46.157082 30.509926
v 132.696686 -129.428299 -26.855343
v 116.841637 -134.314362 2.123742
v 108.704880 -128.332489 -21.324301
v 54.652550 -252.266190 64.733162
v 111.289894 -149.547729 1.646821
v 113.134972 -159.263351 22.658669
v 89.183441 -142.259079 -1.050175
v 22.624519 -411.521820 22.863068
v 24.399517 -404.510071 48.732204
v 19.816767 -427.863129 21.338673
v 20.152472 344.600403 -95.177513
v 34.339951 -399.337006 6.260890
v 48.516655 -392.111420 -9.943860
v 126.902306 -133.699051 -1.662793
v 116.841637 -134.314362 2.123742
v 132.696686 -129.428299 -26.855343
v 83.794312 -244.270203 17.146551
v 62.622387 -309.746429 1.971659
v 133.194031 -84.223473 77.488228
v 26.364109 -455.291687 -16.147451
v 83.794312 -244.270203 17.146551
v 42.509037 -353.850800 32.653175
v 158.858139 -37.332458 10.991780
v 109.910500 -181.564972 -63.850777
v 126.902306 -133.699051 -1.662793
v 108.704880 -128.332489 -21.324301
v 136.418839 31.638626 44.341316
v 102.808510 -137.568756 -12.500511
v 125.144554 -118.686882 -99.580620
v 145.418030 -91.948891 -27.078747
v 35.524590 -219.273468 107.594788
v 82.193054 -31.929283 135.800659
v 80.360115 -172.830505 -67.300751
v 89.559006 -190.429718 -80.555458
v 88.901688 -176.891998 -71.304848
v 40.608276 -386.138702 47.994576
v 53.050850 -309.373352 92.147247
v 32.938797 -249.700211 -89.389091
v 80.360115 -172.830505 -67.300751
v -57.740963 -80.759697 -111.394676
v -63.658558 -57.370403 -106.057373
v -55.245625 -55.828365 -110.276642
v -89.114059 -4.532367 -97.985481
v -68.298569 -98.144638 -106.788063
v -73.179733 81.958160 -99.117546
v -55.245625 -55.828365 -110.276642
v 20.152472 344.600403 -95.177513
v 28.061018 322.128357 -70.000969
v -146.996231 -61.817066 -36.383148
v -153.183289 -88.257301 10.997899
v -153.857773 -66.668594 -14.007296
v -134.481400 -33.694141 -70.536156
v -127.971779 -1.558113 -68.022064
v -119.505035 -26.636433 -67.891968
v -124.408813 18.270226 -54.260193
v -134.481400 -33.694141 -70.536156
v -133.360580 -25.945400 -79.580238
v 74.280579 62.139084 -102.304886
v -131.334106 23.645555 -58.716713
v -127.971779 -1.558113 -68.022064
v 19.945652 235.990936 -96.589241
v 14.881108 229.096725 -97.013649
v 14.439875 242.351776 -96.044868
v -81.654640 -165.956131 141.768784
v -154.166397 -42.052460 -50.687637
v -146.619553 -47.316532 -53.847641
v -143.647430 -50.478519 -71.207634
v -146.996231 -61.817066 -36.383148
v -146.619553 -47.316532 -53.847641
v -138.801437 -26.420561 -42.226044
v 86.002617 -162.096756 -100.145264
v 59.928120 -106.598175 -102.689392
v 56.063225 -110.761330 -107.686531
v 39.298298 -63.436481 -106.565292
v -148.217194 -142.971268 85.282066
v -154.166397 -42.052460 -50.687637
v -146.619553 -47.316532 -53.847641
v -118.970871 0.303996 -85.108284
v -151.248245 -177.706268 114.198624
v -141.924149 -32.640079 -48.994270
v -138.752350 -27.028494 -64.956360
v -134.528519 -58.540352 -78.173820
v -131.355530 -72.506310 -90.045433
v -138.144989 -78.635834 -80.889412
v -134.528519 -58.540352 -78.173820
v -131.355530 -72.506310 -90.045433
v 28.528589 322.507996 -95.379585
v 18.541368 -33.398373 -106.464027
v -3.888616 -13.099005 -107.018768
v -131.119736 -164.116150 141.467453
v -143.647430 -50.478519 -71.207634
v -101.290642 -254.825485 145.216446
v -81.654640 -165.956131 141.768784
v -131.119736 -164.116150 141.467453
v -138.144989 -78.635834 -80.889412
v -153.183289 -88.257301 10.997899
v -153.857773 -66.668594 -14.007296
v -126.692390 -26.975456 -57.649353
v -36.117413 81.695312 132.413895
v -42.244427 61.288780 130.728531
v -18.835482 244.660217 -97.926727
v -17.690636 238.816727 -99.447266
v -21.740829 241.574554 -97.193275
v -20.053019 247.253098 -99.992172
v -11.264681 255.722290 -97.185524
v -18.835482 244.660217 -97.926727
v -9.752829 259.508606 -99.100121
v -5.452434 263.286072 -96.529770
v -11.303555 244.189682 -99.628357
v -10.599458 247.322067 -96.982338
v 6.107738 251.388489 -96.416405
v -1.201466 257.758545 -98.772865
v -1.394627 259.915466 -95.805542
v 0.109681 266.456543 -97.688705
v 8.879900 257.932037 -98.320503
v 8.437022 255.628143 -95.845108
v 20.818653 244.383011 -98.086411
v 20.039507 244.805176 -96.396767
v 11.535993 244.849976 -98.508545
v 6.107738 251.388489 -96.416405
v 14.439875 242.351776 -96.044868
v 19.945652 235.990936 -96.589241
v 14.881108 229.096725 -97.013649
v 14.298102 234.676315 -98.556671
v 14.439875 242.351776 -96.044868
v -126.692390 -26.975456 -57.649353
v 12.948400 224.022919 -99.122025
v 14.273659 213.392288 -97.662613
v -0.439253 210.352844 -100.152161
v 0.873784 220.109879 -99.810097
v 12.948400 224.022919 -99.122025
v 127.280807 -113.971107 -84.637932
v 125.144554 -118.686882 -99.580620
v -15.812352 220.939713 -100.395096
v -21.607485 215.116119 -101.004051
v -22.102810 218.679031 -98.410019
v -20.112612 203.225967 -101.272148
v -25.712963 196.194824 -101.269547
v -21.835897 203.401489 -98.540665
v -28.068361 208.069046 -101.489815
v -27.682117 211.730698 -98.699936
v -25.712963 196.194824 -101.269547
v -13.027474 140.763107 -102.825035
v -21.607485 215.116119 -101.004051
v -21.835897 203.401489 -98.540665
v -22.102810 218.679031 -98.410019
v -20.112612 203.225967 -101.272148
v -21.835897 203.401489 -98.540665
v -21.607485 215.116119 -101.004051
v -27.682117 211.730698 -98.699936
v -27.457615 222.703873 -100.967125
v -18.080202 227.907089 -100.217880
v -22.006311 224.895432 -98.249596
v -22.006311 224.895432 -98.249596
v -4.002985 227.591568 -96.470078
v -7.604832 232.987793 -99.617867
v -5.189028 231.897141 -97.116737
v -0.713702 218.696793 -97.539497
v 1.491379 228.129105 -97.159019
v 0.873784 220.109879 -99.810097
v 1.093144 234.026291 -99.250397
v -5.189028 231.897141 -97.116737
v -7.604832 232.987793 -99.617867
v 1.491379 228.129105 -97.159019
v -4.002985 227.591568 -96.470078
v 1.491379 228.129105 -97.159019
v -0.713702 218.696793 -97.539497
v -5.582898 216.219315 -97.932899
v -6.956931 224.880936 -99.968559
v -4.002985 227.591568 -96.470078
v 20.658516 16.503908 -104.991615
v -6.306137 213.058853 -100.219162
v -5.582898 216.219315 -97.932899
v -21.292664 277.751709 -96.565544
v -19.544590 286.103363 -98.620018
v -19.882727 273.096527 -99.177498
v -26.479271 284.594574 -98.914558
v -26.960777 268.243225 -99.495407
v -26.479271 284.594574 -98.914558
v -26.336205 277.447021 -97.054855
v -21.279318 264.176117 -97.059570
v -20.355543 255.745392 -99.621468
v -21.920759 252.871735 -97.708305
v -26.232618 260.207245 -97.803497
v -27.521595 251.000839 -100.160202
v -21.920759 252.871735 -97.708305
v -26.232618 260.207245 -97.803497
v -21.279318 264.176117 -97.059570
v -26.397518 241.864883 -98.050140
v -20.053019 247.253098 -99.992172
v -26.397518 241.864883 -98.050140
v -24.611248 233.575104 -100.396049
v -27.521595 251.000839 -100.160202
v -21.740829 241.574554 -97.193275
v -24.611248 233.575104 -100.396049
v -11.264681 255.722290 -97.185524
v -6.085006 250.381256 -99.102806
v -9.752829 259.508606 -99.100121
v 0.109681 266.456543 -97.688705
v -5.452434 263.286072 -96.529770
v -1.201466 257.758545 -98.772865
v -6.085006 250.381256 -99.102806
v -1.394627 259.915466 -95.805542
v -5.452434 263.286072 -96.529770
v -5.452434 263.286072 -96.529770
v -1.394627 259.915466 -95.805542
v 11.535993 244.849976 -98.508545
v 8.437022 255.628143 -95.845108
v 20.039507 244.805176 -96.396767
v 18.474020 222.287659 -96.413010
v 20.427036 225.591049 -98.724434
v 18.474020 222.287659 -96.413010
v 19.679375 213.462784 -98.430885
v 13.335363 206.029892 -99.597786
v 14.273659 213.392288 -97.662613
v 19.679375 213.462784 -98.430885
v 14.273659 213.392288 -97.662613
v 19.679375 213.462784 -98.430885
v 19.842314 202.552444 -97.246262
v 14.730848 203.392578 -97.369904
v 15.044953 195.712128 -99.799538
v 5.882012 -0.830492 -105.358536
v 21.350267 200.596664 -99.352562
v 14.730848 203.392578 -97.369904
v 19.842314 202.552444 -97.246262
v 15.044953 195.712128 -99.799538
v -3.382731 247.189529 -95.620934
v -4.504683 242.283585 -97.032562
v -9.076026 241.053879 -99.484703
v -1.600145 240.823135 -99.166328
v 2.938226 241.479355 -97.346344
v 6.162947 242.912735 -98.805771
v 6.162947 242.912735 -98.805771
v 2.938226 241.479355 -97.346344
v 2.176188 245.304993 -95.463760
v -7.604832 232.987793 -99.617867
v -1.600145 240.823135 -99.166328
v 1.093144 234.026291 -99.250397
v -4.311489 249.330750 -98.854744
v 0.524909 252.052628 -98.697983
v -4.311489 249.330750 -98.854744
v -3.382731 247.189529 -95.620934
v -9.076026 241.053879 -99.484703
v 2.176188 245.304993 -95.463760
v -3.382731 247.189529 -95.620934
v 0.524909 252.052628 -98.697983
v 6.162947 242.912735 -98.805771
v 0.524909 252.052628 -98.697983
v -54.484921 258.558075 -101.065094
v -28.068361 208.069046 -101.489815
v -6.306137 213.058853 -100.219162
v -27.457615 222.703873 -100.967125
v -0.713702 218.696793 -97.539497
v 0.873784 220.109879 -99.810097
v -0.439253 210.352844 -100.152161
v 1.093144 234.026291 -99.250397
v -18.080202 227.907089 -100.217880
v -6.956931 224.880936 -99.968559
v -5.189028 231.897141 -97.116737
v 14.298102 234.676315 -98.556671
v 20.427036 225.591049 -98.724434
v 13.335363 206.029892 -99.597786
v -26.479271 284.594574 -98.914558
v -19.544590 286.103363 -98.620018
v -26.336205 277.447021 -97.054855
v -26.960777 268.243225 -99.495407
v -19.882727 273.096527 -99.177498
v -9.752829 259.508606 -99.100121
v -20.355543 255.745392 -99.621468
v -21.292664 277.751709 -96.565544
v -26.336205 277.447021 -97.054855
v -27.521595 251.000839 -100.160202
v -20.053019 247.253098 -99.992172
v -26.397518 241.864883 -98.050140
v -21.740829 241.574554 -97.193275
v 0.109681 266.456543 -97.688705
v -17.775640 144.823029 -100.562767
v -21.603514 143.315491 -100.300148
v -23.551943 148.331863 -99.991707
v -14.221038 136.734177 -100.673027
v -13.844710 129.361435 -101.011414
v 37.650181 227.591660 -97.906540
v -8.734407 129.800781 -100.168877
v -2.640795 125.675095 -100.679260
v 11.535993 244.849976 -98.508545
v -0.576935 129.272003 -100.043243
v 11.818745 129.023773 -99.340263
v 7.338393 125.534813 -100.368759
v 13.430437 187.279861 -99.402710
v 20.818653 244.383011 -98.086411
v 21.350267 200.596664 -99.352562
v -5.692154 116.906311 -103.088707
v -13.026723 102.168083 -103.989258
v -11.736124 125.670433 -103.169044
v -13.026723 102.168083 -103.989258
v -13.176867 111.415672 -102.568100
v -12.472854 114.220451 -103.474304
v -0.924305 149.278900 -100.437180
v -2.006842 155.032516 -101.880646
v -0.137312 163.949402 -99.597824
v -16.821632 113.129128 -103.069710
v -17.505865 95.239792 -103.437843
v -18.111769 104.013916 -104.006538
v -13.176867 111.415672 -102.568100
v -17.505865 95.239792 -103.437843
v -16.821632 113.129128 -103.069710
v -13.893159 92.335762 -103.379936
v 0.049243 95.895737 -102.281982
v -4.114828 99.863777 -102.815544
v 0.411104 102.529823 -103.117012
v 0.049243 95.895737 -102.281982
v -3.845257 90.419418 -102.717926
v -4.114828 99.863777 -102.815544
v -2.824283 74.738396 -102.597237
v -7.189445 69.619850 -104.501442
v -7.326628 74.561417 -102.790909
v -14.558299 76.424606 -104.904572
v -15.233038 80.456215 -103.456444
v -13.893159 92.335762 -103.379936
v -13.893159 92.335762 -103.379936
v -15.233038 80.456215 -103.456444
v -18.626495 84.791031 -103.991356
v -18.946587 75.612480 -103.905228
v -11.736124 125.670433 -103.169044
v -16.821632 113.129128 -103.069710
v -14.558299 76.424606 -104.904572
v -18.946587 75.612480 -103.905228
v -14.558299 76.424606 -104.904572
v -7.326628 74.561417 -102.790909
v -15.056147 70.531837 -103.913177
v -2.824283 74.738396 -102.597237
v -0.305499 84.557991 -103.223717
v -0.164748 77.210068 -104.125824
v -7.326628 74.561417 -102.790909
v -5.095147 81.699387 -104.144531
v -0.305499 84.557991 -103.223717
v -5.095147 81.699387 -104.144531
v -0.305499 84.557991 -103.223717
v -0.305499 84.557991 -103.223717
v 0.049243 95.895737 -102.281982
v 0.411104 102.529823 -103.117012
v 2.977242 150.169250 -99.989014
v -0.924305 149.278900 -100.437180
v -0.137312 163.949402 -99.597824
v -0.034904 175.636627 -98.817009
v 4.078875 173.717178 -99.076508
v 4.078875 173.717178 -99.076508
v -0.034904 175.636627 -98.817009
v 3.808568 181.452576 -100.802322
v 13.430437 187.279861 -99.402710
v 9.182301 182.488953 -98.691612
v 7.091571 187.997055 -100.409515
v 13.730728 173.453308 -98.898590
v 10.232382 158.423279 -99.297928
v 8.427397 171.495758 -100.696404
v 10.601771 169.766327 -98.841179
v 13.730728 173.453308 -98.898590
v 13.796085 153.719391 -99.463219
v 10.601771 169.766327 -98.841179
v 8.262753 156.588638 -101.184166
v 15.623170 131.584290 -99.971916
v 11.677790 139.185989 -99.391708
v 9.259413 142.144974 -101.409904
v 11.677790 139.185989 -99.391708
v 9.096346 131.805130 -101.392204
v 11.818745 129.023773 -99.340263
v 9.096346 131.805130 -101.392204
v -0.576935 129.272003 -100.043243
v 0.138992 132.021179 -102.275711
v 10.421363 148.684631 -99.445000
v 10.232382 158.423279 -99.297928
v 9.182301 182.488953 -98.691612
v 9.182301 182.488953 -98.691612
v -21.633839 139.814362 -103.081833
v -23.785257 135.356644 -101.762802
v -21.603514 143.315491 -100.300148
v 2.890034 143.507858 -101.810410
v 3.882228 162.986816 -99.468651
v 15.330490 168.180649 -100.670609
v 13.796085 153.719391 -99.463219
v 10.421363 148.684631 -99.445000
v -8.734407 129.800781 -100.168877
v -7.985763 132.674591 -102.512428
v -11.736124 125.670433 -103.169044
v -17.846794 133.945038 -103.178719
v -13.844710 129.361435 -101.011414
v -21.603514 143.315491 -100.300148
v -13.844710 129.361435 -101.011414
v -17.846794 133.945038 -103.178719
v -28.373661 151.801270 -103.017845
v -23.551943 148.331863 -99.991707
v -27.278782 144.411957 -101.080681
v -27.278782 144.411957 -101.080681
v -23.785257 135.356644 -101.762802
v -27.449116 131.969208 -102.062019
v -22.659822 122.952354 -103.719444
v -24.023809 120.030365 -101.968857
v -23.785257 135.356644 -101.762802
v -27.308897 104.176575 -102.170273
v -25.187483 92.974472 -103.356087
v -24.023809 120.030365 -101.968857
v -28.879335 124.357880 -103.849312
v -27.449116 131.969208 -102.062019
v -27.669641 115.410889 -102.904015
v -28.370914 134.858566 -103.571312
v -28.420418 74.156616 -103.579643
v -30.316322 73.612923 -105.569237
v -28.303722 84.129700 -103.237633
v -24.740665 78.065689 -103.568748
v -28.303722 84.129700 -103.237633
v -28.373661 151.801270 -103.017845
v -23.551943 148.331863 -99.991707
v -17.775640 144.823029 -100.562767
v -27.177498 66.815186 -103.482880
v -27.311274 61.439125 -105.491493
v -14.221038 136.734177 -100.673027
v -27.177498 66.815186 -103.482880
v -24.014616 68.229408 -105.368423
v -17.099684 66.244156 -104.044525
v 15.623170 131.584290 -99.971916
v 0.526597 124.564850 -102.668282
v 14.591101 125.014351 -102.003845
v 15.623170 131.584290 -99.971916
v 16.173843 134.241791 -101.673058
v 11.818745 129.023773 -99.340263
v -27.311274 61.439125 -105.491493
v -11.662551 60.709919 -105.159172
v -38.046959 43.858200 -106.858368
v -17.208715 62.501171 -103.803307
v 16.173843 134.241791 -101.673058
v 15.623170 131.584290 -99.971916
v 14.908888 149.440231 -101.281403
v -0.455189 62.466595 -103.828438
v 6.853265 68.477989 -103.875221
v 7.091571 187.997055 -100.409515
v 4.977650 155.388382 -101.535385
v 2.977242 150.169250 -99.989014
v 3.882228 162.986816 -99.468651
v 5.255436 171.535156 -101.026810
v -0.642445 110.384644 -103.110695
v -2.743520 114.471008 -101.305618
v 5.406789 105.312241 -101.497826
v -5.692154 116.906311 -103.088707
v -1.858221 120.636284 -102.727730
v -2.743520 114.471008 -101.305618
v 10.313043 105.519402 -101.956749
v 6.325184 94.339012 -101.448257
v 10.804372 98.938766 -102.935387
v 9.571416 88.927109 -101.696510
v 10.313043 105.519402 -101.956749
v 10.117051 83.452492 -103.311378
v 7.632565 71.834595 -102.239922
v -5.410703 65.723824 -103.045296
v -5.961683 66.942162 -104.697350
v 3.098559 71.038673 -102.048065
v -5.410703 65.723824 -103.045296
v -17.099684 66.244156 -104.044525
v -5.961683 66.942162 -104.697350
v -5.410703 65.723824 -103.045296
v -7.826080 62.497757 -103.024338
v -17.099684 66.244156 -104.044525
v -27.177498 66.815186 -103.482880
v -24.740665 78.065689 -103.568748
v -24.155722 78.879890 -105.182854
v -28.420418 74.156616 -103.579643
v -25.187483 92.974472 -103.356087
v -23.772533 91.815971 -104.782761
v -23.601215 106.984550 -102.335426
v 5.133858 102.798508 -103.011353
v 6.325184 94.339012 -101.448257
v 4.050491 89.929932 -103.337540
v 4.845177 81.111603 -102.399628
v -1.857274 174.115219 -101.182266
v -0.034904 175.636627 -98.817009
v 2.890034 143.507858 -101.810410
v -2.006842 155.032516 -101.880646
v -0.924305 149.278900 -100.437180
v 2.890034 143.507858 -101.810410
v -7.985763 132.674591 -102.512428
v -2.006842 155.032516 -101.880646
v 4.977650 155.388382 -101.535385
v 9.259413 142.144974 -101.409904
v 5.255436 171.535156 -101.026810
v 8.427397 171.495758 -100.696404
v 3.808568 181.452576 -100.802322
v 3.808568 181.452576 -100.802322
v 8.262753 156.588638 -101.184166
v -17.846794 133.945038 -103.178719
v -21.633839 139.814362 -103.081833
v -22.659822 122.952354 -103.719444
v -22.715122 105.023369 -104.232170
v -23.601215 106.984550 -102.335426
v -18.111769 104.013916 -104.006538
v -23.772533 91.815971 -104.782761
v -22.715122 105.023369 -104.232170
v -10.208116 -10.373322 -105.490723
v -11.030151 -32.819099 -106.102180
v -12.022273 -23.839403 -107.706749
v -30.006367 91.251312 -105.047562
v -29.237684 96.847084 -103.270241
v -24.014616 68.229408 -105.368423
v -24.155722 78.879890 -105.182854
v -30.316322 73.612923 -105.569237
v 3.098559 71.038673 -102.048065
v 7.632565 71.834595 -102.239922
v 10.117051 83.452492 -103.311378
v 6.853265 68.477989 -103.875221
v 3.012371 74.802612 -103.993988
v 4.845177 81.111603 -102.399628
v 9.571416 88.927109 -101.696510
v 4.050491 89.929932 -103.337540
v 0.411104 102.529823 -103.117012
v 5.133858 102.798508 -103.011353
v 2.912425 113.243042 -101.151825
v -0.305499 84.557991 -103.223717
v -5.961683 66.942162 -104.697350
v -7.189445 69.619850 -104.501442
v -2.824283 74.738396 -102.597237
v -0.164748 77.210068 -104.125824
v -12.472854 114.220451 -103.474304
v -5.095147 81.699387 -104.144531
v -13.893159 92.335762 -103.379936
v -5.095147 81.699387 -104.144531
v -14.558299 76.424606 -104.904572
v -14.558299 76.424606 -104.904572
v -3.845257 90.419418 -102.717926
v -5.095147 81.699387 -104.144531
v -4.114828 99.863777 -102.815544
v -4.114828 99.863777 -102.815544
v -5.095147 81.699387 -104.144531
v 3.012371 74.802612 -103.993988
v -0.164748 77.210068 -104.125824
v 2.890034 143.507858 -101.810410
v -1.857274 174.115219 -101.182266
v 7.091571 187.997055 -100.409515
v 11.677790 139.185989 -99.391708
v 15.623170 131.584290 -99.971916
v 11.818745 129.023773 -99.340263
v 9.096346 131.805130 -101.392204
v 0.138992 132.021179 -102.275711
v 12.743246 15.610185 -103.451363
v 11.105879 16.087700 -105.476105
v -6.772940 39.298908 -104.371223
v -22.625290 152.914764 -102.691032
v -28.373661 151.801270 -103.017845
v -54.810112 195.106567 -102.613213
v -28.370914 134.858566 -103.571312
v -28.373661 151.801270 -103.017845
v -21.633839 139.814362 -103.081833
v -28.879335 124.357880 -103.849312
v 5.882012 -0.830492 -105.358536
v -3.888616 -13.099005 -107.018768
v -5.241626 -17.383101 -105.168053
v -11.008921 -63.327816 -108.779831
v -13.863476 -74.630730 -109.081718
v -30.006367 91.251312 -105.047562
v -1.858221 120.636284 -102.727730
v -2.743520 114.471008 -101.305618
v -1.858221 120.636284 -102.727730
v 2.912425 113.243042 -101.151825
v 10.313043 105.519402 -101.956749
v 10.804372 98.938766 -102.935387
v 5.406789 105.312241 -101.497826
v 10.117051 83.452492 -103.311378
v 7.632565 71.834595 -102.239922
v -17.208715 62.501171 -103.803307
v -12.826665 16.375912 -106.115234
v -10.099819 12.594890 -106.354820
v -9.809861 -7.064790 -107.111610
v -3.304179 18.297136 -105.703651
v -6.657068 18.050028 -104.366508
v -8.039211 22.918308 -105.922340
v -6.657068 18.050028 -104.366508
v -10.140000 16.405571 -104.832672
v -12.225302 21.310793 -105.652596
v -11.551073 24.676746 -105.909668
v -8.039211 22.918308 -105.922340
v -13.504633 -42.458813 -108.315514
v -12.022273 -23.839403 -107.706749
v -10.140000 16.405571 -104.832672
v -12.225302 21.310793 -105.652596
v -11.551073 24.676746 -105.909668
v -8.039211 22.918308 -105.922340
v -6.657068 18.050028 -104.366508
v -8.039211 22.918308 -105.922340
v -3.304179 18.297136 -105.703651
v -14.717359 46.400173 -105.555161
v -9.090482 51.574337 -105.075806
v -11.030151 -32.819099 -106.102180
v -6.066877 -55.566559 -105.978462
v -11.047889 -56.198219 -106.209145
v -13.504633 -42.458813 -108.315514
v -11.047889 -56.198219 -106.209145
v -11.008921 -63.327816 -108.779831
v -10.208116 -10.373322 -105.490723
v 3.117640 36.317139 -103.418289
v 3.844038 37.838642 -105.140358
v 3.117640 36.317139 -103.418289
v -9.090482 51.574337 -105.075806
v -10.140000 16.405571 -104.832672
v 18.541368 -33.398373 -106.464027
v 10.060145 -35.181179 -104.526253
v 8.859892 -32.924541 -106.920105
v 10.060145 -35.181179 -104.526253
v -4.144364 -51.469646 -107.292496
v 8.859892 -32.924541 -106.920105
v -4.144364 -51.469646 -107.292496
v 10.903829 -42.109749 -104.981445
v -6.066877 -55.566559 -105.978462
v -5.241626 -17.383101 -105.168053
v -4.704215 -36.456760 -107.775658
v -6.066877 -55.566559 -105.978462
v -14.127365 -185.392532 -109.402954
v -7.389481 -194.175583 -112.523216
v -9.239230 -199.238663 -110.056190
v -9.809861 -7.064790 -107.111610
v 11.105879 16.087700 -105.476105
v 12.743246 15.610185 -103.451363
v 18.332071 15.848441 -103.180908
v 3.844038 37.838642 -105.140358
v 20.658516 16.503908 -104.991615
v -26.975779 -142.049026 -111.837097
v -25.357904 -147.263657 -109.103256
v -24.355055 -156.374146 -112.286201
v 9.822529 -46.907009 -107.362846
v 10.903829 -42.109749 -104.981445
v -5.241626 -17.383101 -105.168053
v -43.443523 -88.094246 -108.663055
v -28.514814 -85.456711 -107.635887
v -46.295975 -96.292847 -108.879562
v 18.332071 15.848441 -103.180908
v 10.060145 -35.181179 -104.526253
v 10.903829 -42.109749 -104.981445
v -4.144364 -51.469646 -107.292496
v -4.144364 -51.469646 -107.292496
v -7.389481 -194.175583 -112.523216
v -13.446879 -215.446014 -113.426506
v -9.239230 -199.238663 -110.056190
v -18.686180 -83.189346 -109.723846
v -10.275450 -88.852127 -106.808014
v -7.862780 -93.492172 -109.505661
v 7.263116 -98.893951 -108.999199
v -3.823491 -111.946312 -107.483650
v 2.175063 -100.226196 -106.453522
v 10.903829 -42.109749 -104.981445
v -18.045006 -140.609238 -111.307350
v -20.108065 -126.036667 -108.770966
v -18.188053 -123.862373 -110.782997
v -2.556079 -141.290619 -110.627861
v -18.971155 -144.672653 -108.275589
v -22.425085 -117.912247 -108.672081
v -14.896207 -204.147217 -110.530693
v -13.446879 -215.446014 -113.426506
v -16.302351 -191.786819 -112.581146
v -5.496189 -82.165871 -108.808990
v -8.265762 -82.740593 -106.238823
v -13.863476 -74.630730 -109.081718
v -14.896207 -204.147217 -110.530693
v -14.127365 -185.392532 -109.402954
v -9.239230 -199.238663 -110.056190
v -25.444279 -122.214035 -108.752541
v -18.971155 -144.672653 -108.275589
v -25.357904 -147.263657 -109.103256
v 132.696686 -129.428299 -26.855343
v -32.398083 -172.270340 -113.010765
v -33.051357 -191.392441 -113.351135
v -71.743896 -195.024841 -115.560974
v -23.073326 -193.320984 -113.196297
v -23.502596 -78.006927 -107.166214
v -41.597130 -84.255516 -110.853729
v -25.148985 -75.910225 -109.624115
v -10.777495 -146.233215 -109.031265
v -9.088967 -160.266129 -108.919266
v -10.724139 -159.961655 -111.692268
v -3.888616 -13.099005 -107.018768
v 8.859892 -32.924541 -106.920105
v -4.704215 -36.456760 -107.775658
v -23.758013 -182.980347 -112.752808
v -14.127365 -185.392532 -109.402954
v -25.357378 -189.238358 -109.846367
v -41.774410 -97.590721 -111.217461
v -22.995216 -114.646469 -110.758331
v -22.425085 -117.912247 -108.672081
v 150.781036 -113.411598 55.197418
v -27.913269 -167.478210 -109.668411
v -23.404415 -169.210938 -112.317322
v -24.355055 -156.374146 -112.286201
v -27.913269 -167.478210 -109.668411
v -32.398083 -172.270340 -113.010765
v -3.461837 -160.723679 -108.513718
v -1.144911 -158.963669 -111.162849
v -46.295975 -96.292847 -108.879562
v -50.542534 -97.000641 -111.584938
v -43.443523 -88.094246 -108.663055
v -14.127365 -185.392532 -109.402954
v -4.146270 -145.623795 -108.571289
v -10.777495 -146.233215 -109.031265
v -4.780471 -114.861916 -110.083199
v -18.188053 -123.862373 -110.782997
v -30.933199 -183.896393 -110.587479
v -27.913269 -167.478210 -109.668411
v -25.357378 -189.238358 -109.846367
v -24.355055 -156.374146 -112.286201
v -20.108065 -126.036667 -108.770966
v -9.088967 -160.266129 -108.919266
v -25.444279 -122.214035 -108.752541
v -27.245754 -122.266190 -111.184669
v -16.302351 -191.786819 -112.581146
v -46.295975 -96.292847 -108.879562
v -40.283646 -109.569717 -109.326431
v -6.925826 -171.413193 -111.679207
v -3.461837 -160.723679 -108.513718
v -1.144911 -158.963669 -111.162849
v -11.895502 -177.210083 -112.032089
v -6.925826 -171.413193 -111.679207
v -3.461837 -160.723679 -108.513718
v -14.127365 -185.392532 -109.402954
v -13.446879 -215.446014 -113.426506
v -25.148985 -75.910225 -109.624115
v -23.502596 -78.006927 -107.166214
v -50.542534 -97.000641 -111.584938
v -39.744633 -112.071587 -111.550446
v -46.295975 -96.292847 -108.879562
v -18.045006 -140.609238 -111.307350
v -3.823491 -111.946312 -107.483650
v -18.188053 -123.862373 -110.782997
v -20.108065 -126.036667 -108.770966
v -23.502596 -78.006927 -107.166214
v -4.780471 -114.861916 -110.083199
v -3.823491 -111.946312 -107.483650
v 7.263116 -98.893951 -108.999199
v -2.556079 -141.290619 -110.627861
v -30.933199 -183.896393 -110.587479
v -30.495548 -87.985268 -110.130890
v -41.774410 -97.590721 -111.217461
v -8.265762 -82.740593 -106.238823
v 2.175063 -100.226196 -106.453522
v -4.144364 -51.469646 -107.292496
v -22.425085 -117.912247 -108.672081
v -22.995216 -114.646469 -110.758331
v -5.777549 -103.428993 -109.680794
v -24.355055 -156.374146 -112.286201
v -4.146270 -145.623795 -108.571289
v -13.446879 -215.446014 -113.426506
v -11.895502 -177.210083 -112.032089
v -14.127365 -185.392532 -109.402954
v -23.758013 -182.980347 -112.752808
v 2.175063 -100.226196 -106.453522
v -27.245754 -122.266190 -111.184669
v 7.263116 -98.893951 -108.999199
v 2.175063 -100.226196 -106.453522
v -1.144911 -158.963669 -111.162849
v 35.627293 -160.904922 -109.535942
v -57.740963 -80.759697 -111.394676
v -41.597130 -84.255516 -110.853729
v -55.776775 -124.848747 -112.719429
v -23.758013 -182.980347 -112.752808
v -23.404415 -169.210938 -112.317322
v -10.724139 -159.961655 -111.692268
v -11.895502 -177.210083 -112.032089
v -5.496189 -82.165871 -108.808990
v -5.777549 -103.428993 -109.680794
v -25.148985 -75.910225 -109.624115
v -22.995216 -114.646469 -110.758331
v -26.975779 -142.049026 -111.837097
v 105.867744 -153.991272 -101.605370
v 116.801430 -125.312744 -98.411652
v 97.148941 -184.382278 110.576340
v 99.952606 -183.507294 112.250420
v 94.373344 -194.326050 114.045921
v 25.016705 -252.373077 -112.491562
v 60.804073 -322.103546 -82.990822
v -6.925826 -171.413193 -111.679207
v 93.974342 -167.779358 -108.117149
v -111.836281 -175.530350 -91.761894
v -118.785728 -155.554871 -81.549210
v -103.439262 -190.241928 -116.625710
v 52.037895 65.081474 133.493805
v -119.225166 -161.940628 -50.539501
v -128.751068 -125.505577 -44.939926
v -125.317123 -135.591599 -64.739990
v -132.940643 -132.631042 -10.135863
v -140.443146 -131.113281 -1.434364
v -135.513214 -116.361031 -45.829887
v -125.317123 -135.591599 -64.739990
v -128.751068 -125.505577 -44.939926
v -135.513214 -116.361031 -45.829887
v -138.144989 -78.635834 -80.889412
v -140.443146 -131.113281 -1.434364
v -153.183289 -88.257301 10.997899
v -140.443146 -131.113281 -1.434364
v -132.940643 -132.631042 -10.135863
v -142.900604 -127.006111 33.111866
v -122.149994 -170.223145 -23.312275
v -130.694748 -164.663513 21.159531
v -132.940643 -132.631042 -10.135863
v 77.060654 -145.932465 124.745018
v 99.346802 -181.202332 96.231918
v 76.372810 -140.841354 117.323296
v 94.088348 -152.560623 108.812454
v 94.088348 -152.560623 108.812454
v 83.055374 -169.110458 113.722755
v 92.896423 -153.526520 105.620628
v 68.058876 -171.509109 129.841171
v 99.405098 24.082529 84.211319
v 114.926804 28.114574 84.134163
v 106.821205 40.760178 93.060257
v -7.389481 -194.175583 -112.523216
v 86.940224 -196.779236 -108.463554
v 93.390625 -212.937592 -107.380989
v 80.542595 -215.694138 -107.021828
v 86.940224 -196.779236 -108.463554
v 93.390625 -212.937592 -107.380989
v -6.579059 -269.076172 -108.822662
v 11.167545 -293.811066 -93.720406
v 37.019653 -341.481628 -75.991417
v 20.509048 -408.424835 -40.707584
v 44.577785 -387.283142 -48.511280
v 60.804073 -322.103546 -82.990822
v 50.235714 -282.313019 -109.701080
v 67.868767 -292.594910 -102.593903
v 62.146038 -19.472858 134.025208
v -5.079731 -431.741486 -24.643129
v 20.509048 -408.424835 -40.707584
v 9.680035 -431.573853 -17.958250
v 9.680035 -431.573853 -17.958250
v 29.556444 -440.765930 -16.707254
v 26.364109 -455.291687 -16.147451
v 12.574604 -442.047699 -12.814597
v 20.509048 -408.424835 -40.707584
v 20.509048 -408.424835 -40.707584
v -70.287361 -406.286591 -6.516865
v -66.527840 -403.822052 -30.305731
v -64.674446 -423.853516 12.231591
v -7.043500 -456.398041 -7.163408
v -42.323875 -445.831787 -9.899990
v -5.079731 -431.741486 -24.643129
v 89.155777 -203.586411 104.876938
v 23.307560 -244.167465 -105.794991
v 25.938829 -206.386581 -107.580101
v 44.574203 -214.277191 -103.910141
v 56.063225 -110.761330 -107.686531
v 51.549648 -191.517395 143.082718
v 42.272289 -165.575897 -104.039024
v 35.627293 -160.904922 -109.535942
v -33.051357 -191.392441 -113.351135
v -7.043500 -456.398041 -7.163408
v -64.674446 -423.853516 12.231591
v -42.323875 -445.831787 -9.899990
v -85.819778 -275.397766 -93.702538
v -76.039330 -339.676239 -62.084896
v -83.526817 -393.922974 44.987617
v -83.526817 -393.922974 44.987617
v -110.094688 -253.872528 3.525030
v 82.193054 -31.929283 135.800659
v -76.039330 -339.676239 -62.084896
v -66.527840 -403.822052 -30.305731
v -70.287361 -406.286591 -6.516865
v -96.950790 -365.742981 77.141647
v -96.950790 -365.742981 77.141647
v -106.815269 -343.544495 103.531113
v -141.523224 -151.649109 64.920715
v -141.739059 -175.441284 65.244255
v -131.938126 -254.203964 115.853821
v -141.739059 -175.441284 65.244255
v -142.900604 -127.006111 33.111866
v -132.940643 -132.631042 -10.135863
v -130.694748 -164.663513 21.159531
v -138.005829 -156.958542 49.065411
v -130.922623 -181.409500 19.431950
v -138.005829 -156.958542 49.065411
v -102.363968 -214.975571 -85.169258
v -130.922623 -181.409500 19.431950
v -118.745819 -184.875443 -36.827984
v -123.597488 -177.804703 -7.969446
v -118.745819 -184.875443 -36.827984
v -128.751068 -125.505577 -44.939926
v -125.317123 -135.591599 -64.739990
v -119.225166 -161.940628 -50.539501
v -125.317123 -135.591599 -64.739990
v -103.766647 -171.310547 -84.937363
v -151.359772 -159.188965 92.556427
v -151.248245 -177.706268 114.198624
v 20.777712 34.337589 131.984833
v 10.532200 -8.533678 136.103790
v -150.821167 -126.742638 60.776585
v -141.523224 -151.649109 64.920715
v -151.359772 -159.188965 92.556427
v 51.469116 0.924422 135.432053
v 11.167545 -293.811066 -93.720406
v -6.579059 -269.076172 -108.822662
v 7.032243 -303.925171 -91.675850
v 62.146038 -19.472858 134.025208
v -102.363968 -214.975571 -85.169258
v -148.217194 -142.971268 85.282066
v 20.777712 34.337589 131.984833
v -150.821167 -126.742638 60.776585
v -4.061247 -6.934338 131.119675
v 10.532200 -8.533678 136.103790
v 20.777712 34.337589 131.984833
v -106.815269 -343.544495 103.531113
v -131.938126 -254.203964 115.853821
v -96.950790 -365.742981 77.141647
v -131.938126 -254.203964 115.853821
v -101.290642 -254.825485 145.216446
v -101.290642 -254.825485 145.216446
v -131.938126 -254.203964 115.853821
v -92.703880 -226.194382 -118.644302
v -102.363968 -214.975571 -85.169258
v -94.274246 -212.601730 -107.534897
v 25.016705 -252.373077 -112.491562
v -92.703880 -226.194382 -118.644302
v 81.549477 -248.782196 -107.671913
v -57.841206 -245.443817 -113.115028
v -92.703880 -226.194382 -118.644302
v -28.084316 -244.177765 -112.329315
v -103.439262 -190.241928 -116.625710
v -115.774391 -130.372330 -115.451050
v -71.743896 -195.024841 -115.560974
v -91.792145 -193.498871 -107.491173
v 56.754230 -287.777100 -98.632690
v 67.868767 -292.594910 -102.593903
v 67.868767 -292.594910 -102.593903
v 25.016705 -252.373077 -112.491562
v 13.181818 -229.887650 -110.717995
v 38.352581 -266.034088 -111.476036
v 32.938797 -249.700211 -89.389091
v 49.388985 -272.596741 -95.559303
v 50.235714 -282.313019 -109.701080
v 56.754230 -287.777100 -98.632690
v 67.868767 -292.594910 -102.593903
v -91.792145 -193.498871 -107.491173
v -92.601952 -198.420532 -76.781799
v 49.388985 -272.596741 -95.559303
v 50.235714 -282.313019 -109.701080
v 38.352581 -266.034088 -111.476036
v 53.779419 -209.697052 -95.799019
v 38.352581 -266.034088 -111.476036
v 81.549477 -248.782196 -107.671913
v -103.439262 -190.241928 -116.625710
v -78.304039 -226.949905 -112.056465
v -94.274246 -212.601730 -107.534897
v -33.410023 -238.809509 -107.590813
v -78.304039 -226.949905 -112.056465
v -75.653824 -213.528000 -112.559479
v 25.938829 -206.386581 -107.580101
v -118.785728 -155.554871 -81.549210
v -125.317123 -135.591599 -64.739990
v -138.144989 -78.635834 -80.889412
v -103.766647 -171.310547 -84.937363
v -125.317123 -135.591599 -64.739990
v -118.785728 -155.554871 -81.549210
v -115.470352 -169.211746 -46.014046
v -109.848717 -198.179077 -63.461891
v -34.239307 -269.134033 -103.857231
v -122.149994 -170.223145 -23.312275
v -119.225166 -161.940628 -50.539501
v -115.470352 -169.211746 -46.014046
v 69.922592 -189.769028 -101.781517
v -94.274246 -212.601730 -107.534897
v -111.836281 -175.530350 -91.761894
v -103.439262 -190.241928 -116.625710
v -91.792145 -193.498871 -107.491173
v 25.016705 -252.373077 -112.491562
v 35.627293 -160.904922 -109.535942
v 13.181818 -229.887650 -110.717995
v -102.363968 -214.975571 -85.169258
v -92.601952 -198.420532 -76.781799
v -109.848717 -198.179077 -63.461891
v -91.792145 -193.498871 -107.491173
v -109.848717 -198.179077 -63.461891
v -92.601952 -198.420532 -76.781799
v -102.363968 -214.975571 -85.169258
v -55.776775 -124.848747 -112.719429
v 69.922592 -189.769028 -101.781517
v 42.272289 -165.575897 -104.039024
v 93.974342 -167.779358 -108.117149
v 105.867744 -153.991272 -101.605370
v -84.427620 -116.574867 -113.665741
v -107.444824 -128.855896 -112.016167
v -124.042580 -111.081841 -111.127533
v -124.042580 -111.081841 -111.127533
v -115.774391 -130.372330 -115.451050
v 93.974342 -167.779358 -108.117149
v -107.444824 -128.855896 -112.016167
v -84.427620 -116.574867 -113.665741
v -115.774391 -130.372330 -115.451050
v -131.355530 -72.506310 -90.045433
v -130.407791 -61.806770 -107.614830
v -138.144989 -78.635834 -80.889412
v -100.352875 -68.653465 -107.180008
v -130.855682 -81.956215 -113.567726
v -130.407791 -61.806770 -107.614830
v -114.656151 -43.599312 -111.872902
v -134.528519 -58.540352 -78.173820
v -138.144989 -78.635834 -80.889412
v -99.916824 -0.480171 -102.905632
v -118.970871 0.303996 -85.108284
v -99.916824 -0.480171 -102.905632
v -105.814758 -18.582178 -107.414566
v -138.144989 -78.635834 -80.889412
v -130.855682 -81.956215 -113.567726
v -104.371178 -31.347881 -104.902290
v -106.227875 -52.039101 -110.871826
v -130.407791 -61.806770 -107.614830
v -94.173820 -78.577072 -112.085083
v -84.427620 -116.574867 -113.665741
v -84.427620 -116.574867 -113.665741
v -138.144989 -78.635834 -80.889412
v -130.407791 -61.806770 -107.614830
v -130.855682 -81.956215 -113.567726
v -115.774391 -130.372330 -115.451050
v -84.174690 -88.253044 -105.493279
v -84.427620 -116.574867 -113.665741
v -94.173820 -78.577072 -112.085083
v 112.570282 76.022339 -86.932487
v -75.779060 241.344360 -102.634712
v -66.535500 121.552528 -104.860298
v 123.209129 19.628155 61.491337
v -154.166397 -42.052460 -50.687637
v -22.041044 245.680801 124.668556
v 5.435566 207.612350 127.098373
v 35.231583 216.907623 127.405556
v -35.426872 189.456985 128.479828
v -44.774845 122.838348 131.343491
v -0.416392 -295.133972 146.612549
v -87.890480 26.452393 105.767044
v -70.708015 85.401566 78.617500
v 68.058876 -171.509109 129.841171
v 66.073204 -165.568390 121.252892
v 98.097145 -80.639153 111.562569
v 66.073204 -165.568390 121.252892
v 72.218010 -178.544342 122.779930
v 83.055374 -169.110458 113.722755
v 47.290710 -197.551651 129.381180
v 68.058876 -171.509109 129.841171
v 51.549648 -191.517395 143.082718
v 86.666985 -192.642258 105.774345
v 122.753159 -83.622055 84.399643
v 84.974869 -203.902771 107.467003
v 89.155777 -203.586411 104.876938
v 94.373344 -194.326050 114.045921
v 88.941887 118.423401 -71.779762
v 108.693016 84.929298 -68.057083
v 88.074348 122.420319 -77.985382
v 147.488937 -90.766777 62.353771
v 97.148941 -184.382278 110.576340
v 94.373344 -194.326050 114.045921
v 99.952606 -183.507294 112.250420
v 47.290710 -197.551651 129.381180
v 72.218010 -178.544342 122.779930
v 68.058876 -171.509109 129.841171
v 47.290710 -197.551651 129.381180
v 86.666985 -192.642258 105.774345
v 94.373344 -194.326050 114.045921
v 89.155777 -203.586411 104.876938
v 86.666985 -192.642258 105.774345
v 84.974869 -203.902771 107.467003
v 94.373344 -194.326050 114.045921
v 108.693016 84.929298 -68.057083
v 103.017303 78.535156 -78.681938
v 88.074348 122.420319 -77.985382
v 66.464172 290.995819 -69.331757
v -58.430439 330.566162 -90.902153
v -72.706459 284.333374 -92.998169
v -53.977852 319.573639 -93.758865
v -53.171055 307.111389 -91.584541
v -53.977852 319.573639 -93.758865
v -51.699986 293.190826 -99.992859
v -60.985489 293.723236 -97.620377
v -54.484921 258.558075 -101.065094
v -48.912422 286.347321 -97.233223
v -72.706459 284.333374 -92.998169
v -61.648972 308.275177 -93.700455
v -57.078968 316.712250 -85.200127
v -62.802822 316.118866 -90.847221
v -56.953491 328.215149 -83.285561
v -62.802822 316.118866 -90.847221
v -53.977852 319.573639 -93.758865
v -57.078968 316.712250 -85.200127
v -48.912422 286.347321 -97.233223
v -58.015305 292.261322 -91.777405
v -54.484921 258.558075 -101.065094
v -58.015305 292.261322 -91.777405
v -48.912422 286.347321 -97.233223
v -58.015305 292.261322 -91.777405
v -54.484921 258.558075 -101.065094
v -60.985489 293.723236 -97.620377
v -61.648972 308.275177 -93.700455
v -53.086567 320.574005 -89.104057
v -56.953491 328.215149 -83.285561
v -53.977852 319.573639 -93.758865
v -57.078968 316.712250 -85.200127
v -53.086567 320.574005 -89.104057
v -56.953491 328.215149 -83.285561
v -53.086823 213.681000 46.011250
v -46.940945 236.535126 36.261345
v -29.056601 270.842255 45.801903
v -27.768066 238.584335 62.945591
v -45.737267 162.602325 71.843529
v -35.589123 262.555206 58.597111
v -27.768066 238.584335 62.945591
v -31.426924 228.032181 73.424011
v -14.191656 305.016388 88.961464
v -43.617458 193.103790 50.189510
v -23.944429 297.155518 61.704361
v -28.030439 294.310242 48.781040
v -21.180927 308.565521 41.530689
v -34.925697 193.360703 78.831055
v -56.675083 163.402573 83.739632
v -45.094440 131.141327 84.276146
v -32.362522 146.945633 78.986580
v -45.737267 162.602325 71.843529
v -31.426924 228.032181 73.424011
v -34.938698 196.635757 89.826210
v -38.515205 213.704941 99.649612
v -53.086823 213.681000 46.011250
v -35.670532 198.650192 125.971802
v -46.940945 236.535126 36.261345
v -45.737267 162.602325 71.843529
v -32.362522 146.945633 78.986580
v -17.898769 164.977493 80.594215
v -38.515205 213.704941 99.649612
v -31.426924 228.032181 73.424011
v -30.650463 202.378632 65.132599
v -22.393053 167.326523 106.302711
v -34.925697 193.360703 78.831055
v -17.898769 164.977493 80.594215
v -31.426924 228.032181 73.424011
v -30.650463 202.378632 65.132599
v -36.827217 202.347778 70.296989
v -16.041714 176.636429 128.713394
v -43.881180 137.917435 130.414841
v -44.582645 185.665100 104.965317
v -22.393053 167.326523 106.302711
v -45.737267 162.602325 71.843529
v -17.898769 164.977493 80.594215
v -34.925697 193.360703 78.831055
v -36.827217 202.347778 70.296989
v -30.650463 202.378632 65.132599
v -43.617458 193.103790 50.189510
v -22.393053 167.326523 106.302711
v -71.084808 124.263885 78.799606
v -54.478043 110.857941 80.139267
v -45.094440 131.141327 84.276146
v -44.582645 185.665100 104.965317
v -56.675083 163.402573 83.739632
v -70.708015 85.401566 78.617500
v -96.468285 41.937290 75.901466
v -56.675083 163.402573 83.739632
v -44.582645 185.665100 104.965317
v -34.938698 196.635757 89.826210
v -44.582645 185.665100 104.965317
v -38.515205 213.704941 99.649612
v -19.071682 316.417358 58.290752
v 6.164024 367.767059 43.481995
v -17.200249 -262.570831 -110.270226
v -14.270663 -264.692688 -102.295166
v -33.410023 -238.809509 -107.590813
v -35.670532 198.650192 125.971802
v -33.300434 207.525131 125.043449
v -35.078007 200.868912 125.739708
v -34.485481 203.087646 125.507622
v -34.485481 203.087646 125.507622
v -35.670532 198.650192 125.971802
vn 0.9672 -0.0854 -0.2391
vn 0.8548 -0.4506 0.2576
vn 0.9688 0.0417 -0.2443
vn 0.9343 0.1745 -0.3110
vn 0.9385 0.3439 0.0307
vn 0.7650 0.4301 -0.4795
vn 0.9577 0.0407 0.2848
vn 0.9661 -0.2437 0.0852
vn 0.9006 -0.1869 -0.3925
vn 0.9727 -0.0686 0.2215
vn 0.9513 -0.2568 -0.1705
vn 0.8784 -0.3696 -0.3029
vn 0.9917 0.0379 0.1230
vn 0.9660 -0.0027 0.2584
vn 0.5814 -0.5111 -0.6330
vn 0.4384 -0.1808 -0.8804
vn -0.0687 -0.0991 -0.9927
vn -0.9631 -0.2138 -0.1634
vn -0.8991 0.0677 -0.4324
vn -0.0240 0.2201 -0.9752
vn 0.7526 -0.3660 -0.5474
vn 0.7346 -0.4699 -0.4894
vn 0.7979 -0.4232 -0.4292
vn 0.8077 0.3551 -0.4707
vn 0.8127 0.1587 -0.5606
vn 0.3733 0.6980 -0.6111
vn 0.9836 0.1599 0.0831
vn 0.3884 -0.5085 0.7685
vn 0.4796 -0.0092 0.8774
vn 0.1787 -0.4752 0.8615
vn 0.5832 -0.4708 0.6620
vn 0.4877 -0.2162 0.8458
vn 0.3648 -0.2555 0.8953
vn 0.8336 -0.3337 0.4402
vn 0.9786 -0.2055 -0.0083
vn 0.8641 -0.4961 0.0846
vn 0.5399 -0.7767 0.3244
vn 0.8642 -0.4960 0.0848
vn 0.9041 -0.4227 0.0622
vn 0.4626 0.3157 -0.8284
vn 0.4398 0.2454 -0.8639
vn 0.4657 0.1594 -0.8705
vn 0.2402 -0.0392 0.9699
vn -0.2614 0.0332 0.9647
vn -0.1848 0.0819 0.9794
vn 0.9610 0.2072 -0.1830
vn 0.8373 0.3240 -0.4404
vn 0.7968 0.1463 -0.5863
vn 0.2093 -0.4065 -0.8894
vn -0.2246 0.0055 -0.9744
vn 0.4744 -0.2133 -0.8541
vn -0.2453 -0.0851 -0.9657
vn -0.2963 0.0506 -0.9538
vn 0.2502 -0.1555 -0.9556
vn 0.7776 -0.2411 -0.5807
vn 0.5186 -0.3654 -0.7730
vn 0.8351 -0.4486 -0.3184
vn 0.9787 -0.2053 -0.0079
vn 0.9944 0.0306 0.1015
vn -0.5440 -0.3018 0.7829
vn 0.1673 0.1241 0.9781
vn 0.0134 0.0196 0.9997
vn 0.9727 -0.0686 0.2216
vn 0.6333 -0.3613 0.6844
vn 0.2922 -0.6343 0.7158
vn -0.4582 -0.2752 0.8452
vn 0.7221 -0.4395 -0.5342
vn 0.9580 -0.1630 -0.2358
vn 0.9544 -0.2517 -0.1608
vn 0.7755 -0.3630 -0.5165
vn 0.9341 -0.0801 -0.3480
vn 0.7776 -0.2412 -0.5807
vn 0.6335 -0.3612 0.6843
vn 0.4254 -0.3818 0.8205
vn 0.9269 0.1987 -0.3184
vn 0.6332 -0.3614 0.6844
vn 0.4255 -0.3818 0.8205
vn 0.8785 -0.3696 -0.3027
vn 0.9576 0.0409 0.2852
vn 0.2141 0.9518 0.2195
vn 0.1837 0.9371 0.2968
vn 0.5554 0.7324 0.3937
vn 0.7967 0.1463 -0.5863
vn 0.8372 0.3240 -0.4406
vn 0.8181 0.1252 -0.5612
vn 0.9549 0.1104 0.2758
vn 0.8336 -0.3336 0.4402
vn 0.9441 -0.3006 0.1355
vn 0.7823 -0.2862 -0.5533
vn 0.7757 -0.3629 -0.5164
vn 0.7826 -0.4005 -0.4766
vn 0.9879 -0.0853 -0.1299
vn -0.0133 -0.0801 0.9967
vn -0.2149 0.4289 0.8774
vn 0.3362 0.1128 0.9350
vn 0.9370 0.2691 0.2229
vn 0.9181 0.1994 0.3426
vn 0.9938 -0.0289 0.1076
vn -0.0057 0.0479 0.9988
vn 0.4796 -0.0093 0.8775
vn 0.9121 -0.0892 0.4001
vn 0.9353 0.2247 0.2732
vn 0.9435 0.2286 0.2398
vn 0.7648 0.1144 -0.6341
vn 0.9438 0.2936 -0.1519
vn 0.7758 -0.3628 -0.5163
vn 0.7839 -0.3958 -0.4783
vn 0.9955 0.0836 0.0456
vn 0.9740 0.2263 -0.0056
vn 0.9369 0.1524 -0.3147
vn 0.9371 0.2689 0.2227
vn 0.9550 0.1102 0.2755
vn 0.9182 0.1992 0.3424
vn 0.0479 0.0257 -0.9985
vn -0.0011 -0.1816 -0.9834
vn 0.1539 -0.0549 -0.9866
vn 0.8862 0.4288 0.1756
vn 0.9702 0.0565 0.2356
vn 0.9917 0.0377 0.1231
vn 0.7216 -0.3017 0.6232
vn 0.9778 -0.1299 0.1643
vn 0.9214 0.1807 0.3442
vn 0.7065 -0.0729 -0.7039
vn -0.2089 0.0163 -0.9778
vn 0.7651 0.4302 -0.4791
vn 0.6706 0.5872 -0.4533
vn 0.3732 0.6979 -0.6113
vn -0.4578 0.3787 0.8044
vn 0.5728 0.7008 0.4251
vn -0.4650 0.5109 0.7230
vn 0.9935 -0.0521 0.1017
vn -0.0822 -0.4946 0.8652
vn 0.6501 -0.2261 0.7254
vn 0.7142 0.1566 0.6822
vn 0.7268 -0.0901 0.6809
vn 0.9661 -0.0029 0.2581
vn 0.9215 0.1804 0.3439
vn -0.9605 0.2485 -0.1253
vn -0.9379 0.3200 -0.1340
vn -0.5569 0.0141 -0.8305
vn 0.6970 -0.0396 0.7160
vn 0.4010 0.1842 0.8974
vn 0.6140 0.3435 0.7106
vn -0.9705 0.1814 0.1590
vn -0.9687 0.2244 -0.1061
vn 0.9944 0.0304 0.1012
vn -0.6967 -0.7172 0.0173
vn -0.6838 -0.7294 0.0171
vn -0.6783 -0.7347 0.0142
vn 0.9369 0.1526 -0.3146
vn 0.5209 -0.2454 0.8176
vn 0.5187 -0.3654 -0.7729
vn 0.7777 -0.2412 -0.5806
vn 0.1095 -0.0898 -0.9899
vn 0.9061 0.2152 0.3643
vn 0.4251 -0.3602 0.8304
vn 0.5478 -0.7771 0.3099
vn 0.7423 -0.4798 0.4677
vn 0.0621 -0.5724 0.8176
vn 0.4627 -0.4272 0.7768
vn 0.5069 -0.6053 0.6137
vn 0.9778 -0.1297 0.1645
vn 0.7402 -0.5774 0.3446
vn 0.1455 0.4470 -0.8826
vn 0.8133 0.0496 -0.5797
vn 0.8063 0.3076 -0.5052
vn 0.6271 0.1844 -0.7568
vn -0.3625 -0.0268 -0.9316
vn 0.0805 0.6250 -0.7765
vn -0.3920 -0.0450 -0.9189
vn 0.9837 0.1598 0.0829
vn -0.3924 -0.0451 -0.9187
vn 0.1542 -0.0546 -0.9865
vn 0.2728 -0.0166 -0.9619
vn 0.1964 0.0700 -0.9780
vn 0.8944 -0.3292 -0.3029
vn 0.9337 -0.1404 -0.3294
vn 0.9165 -0.2001 -0.3465
vn 0.1099 -0.0898 -0.9899
vn 0.7777 -0.2411 -0.5806
vn 0.5201 0.0196 -0.8539
vn 0.7836 0.4189 0.4588
vn -0.7712 -0.1200 -0.6252
vn -0.1912 0.1340 -0.9724
vn 0.4437 0.3601 -0.8206
vn 0.3337 -0.2316 0.9138
vn 0.5156 -0.6289 0.5819
vn 0.5400 -0.7767 0.3243
vn -0.6838 -0.7294 0.0170
vn -0.6965 -0.7173 0.0173
vn -0.6782 -0.7347 0.0141
vn 0.9857 0.1649 -0.0337
vn 0.8197 -0.5727 -0.0031
vn 0.9636 -0.1095 -0.2439
vn 0.8184 0.5638 0.1112
vn 0.9915 0.0026 0.1302
vn 0.9558 -0.1934 -0.2214
vn 0.7840 -0.3958 -0.4783
vn 0.2727 -0.0170 -0.9619
vn 0.8676 -0.0788 -0.4909
vn 0.9638 -0.1777 -0.1987
vn 0.9909 -0.0638 -0.1188
vn 0.9377 -0.3079 -0.1613
vn 0.9858 0.1648 -0.0339
vn 0.0941 0.0477 -0.9944
vn 0.8676 -0.0787 -0.4910
vn -0.0010 -0.1812 -0.9834
vn 0.2925 -0.6342 0.7157
vn 0.8320 -0.2662 -0.4867
vn 0.7400 -0.5776 0.3446
vn 0.9746 -0.0046 -0.2241
vn 0.8881 0.0132 -0.4595
vn 0.7222 -0.4395 -0.5341
vn 0.2038 -0.8465 0.4918
vn 0.9003 0.2329 -0.3678
vn 0.7973 0.2427 0.5527
vn 0.9736 0.1962 -0.1169
vn 0.9256 0.1154 0.3605
vn 0.5072 -0.6050 0.6137
vn 0.4628 -0.4271 0.7768
vn -0.9973 -0.0134 -0.0724
vn -0.7360 0.6300 -0.2480
vn -0.7865 0.2000 -0.5843
vn 0.5776 0.3226 -0.7499
vn 0.1665 0.4241 -0.8902
vn 0.6263 0.3299 -0.7063
vn 0.3791 -0.2316 0.8959
vn 0.5682 -0.3844 0.7276
vn 0.6966 -0.1450 0.7026
vn 0.7833 0.4191 0.4591
vn 0.9044 0.0877 -0.4175
vn 0.8476 -0.1277 -0.5151
vn 0.8675 -0.0789 -0.4912
vn 0.9041 -0.4227 0.0620
vn 0.9944 0.0304 0.1013
vn 0.5399 -0.7768 0.3243
vn 0.9059 0.2155 0.3645
vn 0.9741 0.2261 -0.0058
vn 0.9386 0.3436 0.0305
vn -0.2045 0.2470 0.9472
vn 0.0143 0.0924 0.9956
vn -0.2162 0.2581 0.9416
vn 0.7756 -0.3630 -0.5163
vn 0.9917 0.0376 0.1230
vn 0.3338 -0.2318 0.9137
vn 0.5031 0.1925 0.8425
vn 0.5157 -0.6290 0.5818
vn 0.1785 -0.4753 0.8615
vn 0.4795 -0.0092 0.8775
vn -0.2093 -0.3983 0.8931
vn 0.9400 0.0031 0.3412
vn 0.8922 -0.0407 0.4497
vn 0.9745 -0.0048 -0.2241
vn 0.7064 -0.0729 -0.7041
vn 0.9904 -0.0052 -0.1380
vn 0.9996 -0.0285 -0.0005
vn 0.9933 -0.1068 0.0431
vn 0.9316 -0.3606 0.0450
vn 0.9277 -0.3204 0.1917
vn 0.4185 -0.8126 -0.4058
vn 0.7587 -0.6493 -0.0520
vn 0.9277 -0.3204 0.1913
vn 0.9164 -0.2001 -0.3467
vn 0.9336 -0.1407 -0.3296
vn 0.9558 -0.1935 -0.2214
vn 0.1453 0.4468 -0.8828
vn 0.5346 0.4635 -0.7067
vn 0.9003 0.2330 -0.3676
vn 0.1664 0.4241 -0.8902
vn 0.9366 -0.3267 0.1270
vn 0.7390 -0.0294 0.6731
vn 0.3403 -0.3720 0.8636
vn 0.1664 0.4243 -0.8901
vn 0.4644 0.0919 -0.8808
vn 0.4609 0.1829 -0.8684
vn -0.5266 -0.0140 -0.8500
vn 0.4529 0.1014 -0.8858
vn 0.5679 -0.3846 0.7277
vn 0.6970 -0.0393 0.7160
vn 0.6966 -0.1452 0.7026
vn -0.1845 0.0820 0.9794
vn -0.3806 0.0662 0.9224
vn 0.0252 0.0339 0.9991
vn 0.3328 0.0298 -0.9425
vn 0.9045 0.0877 -0.4175
vn 0.4532 0.1012 -0.8856
vn 0.7646 0.1144 -0.6343
vn 0.8372 0.3241 -0.4405
vn 0.9610 0.2072 -0.1829
vn 0.8285 0.1691 -0.5338
vn 0.4645 0.0919 -0.8808
vn 0.9280 0.2435 -0.2819
vn 0.0486 0.1496 0.9876
vn 0.3239 -0.1602 0.9324
vn 0.3360 0.1128 0.9351
vn 0.8903 0.2710 -0.3660
vn 0.7389 -0.0294 0.6732
vn 0.9366 -0.3266 0.1273
vn -0.3809 0.0663 0.9222
vn -0.4759 0.0359 0.8788
vn 0.9344 -0.1779 0.3087
vn 0.9277 -0.1474 0.3430
vn 0.9815 0.1757 -0.0759
vn 0.7646 0.1144 -0.6342
vn 0.9988 0.0074 0.0482
vn 0.4857 -0.5187 0.7036
vn 0.9944 -0.0572 -0.0893
vn 0.9081 0.0076 0.4186
vn 0.8730 -0.4829 0.0686
vn 0.9907 0.0193 -0.1343
vn 0.8181 0.1253 -0.5612
vn 0.7867 0.1914 -0.5869
vn 0.7440 0.1286 -0.6557
vn 0.8004 -0.5585 0.2180
vn 0.7867 0.1913 -0.5870
vn 0.6766 0.1635 -0.7180
vn 0.7622 0.1232 -0.6355
vn 0.6764 0.1634 -0.7182
vn 0.6122 0.1187 -0.7818
vn 0.9917 0.0378 0.1232
vn 0.9006 -0.1868 -0.3925
vn 0.8396 -0.3232 -0.4366
vn 0.9945 -0.0183 0.1034
vn 0.9047 0.0795 0.4187
vn 0.9045 0.0702 0.4208
vn 0.4179 0.1441 0.8970
vn -0.0133 -0.0800 0.9967
vn 0.7193 0.2182 0.6596
vn 0.5159 0.0877 -0.8522
vn 0.6396 0.1048 -0.7615
vn 0.7663 -0.6017 0.2255
vn 0.8005 -0.5582 0.2182
vn 0.5558 -0.7509 0.3567
vn 0.9173 0.1512 -0.3683
vn 0.9343 -0.1777 0.3090
vn 0.7278 0.1326 -0.6728
vn 0.8133 0.0495 -0.5797
vn 0.9944 -0.0575 -0.0890
vn 0.9173 0.1514 -0.3682
vn 0.9815 0.1757 -0.0758
vn 0.8944 0.1968 -0.4017
vn 0.7660 -0.6018 0.2258
vn 0.6779 -0.0300 -0.7345
vn 0.7277 0.1325 -0.6730
vn 0.2525 0.0290 -0.9672
vn 0.9015 -0.2293 0.3671
vn 0.6916 -0.0807 0.7178
vn -0.9036 0.2757 -0.3277
vn -0.3306 0.1039 -0.9380
vn -0.3704 0.0713 -0.9261
vn 0.6782 -0.0301 -0.7343
vn 0.9611 0.2072 -0.1829
vn 0.5748 0.1003 -0.8121
vn 0.7645 0.1144 -0.6344
vn 0.9688 0.0418 -0.2445
vn 0.9131 0.2251 -0.3400
vn 0.8129 0.1585 -0.5604
vn 0.9344 -0.1775 0.3089
vn 0.9816 0.1756 -0.0757
vn -0.4760 0.0359 0.8787
vn -0.2610 0.0332 0.9648
vn 0.2192 0.0700 0.9732
vn 0.9907 0.0193 -0.1344
vn 0.9376 -0.2343 -0.2570
vn 0.9988 -0.0077 0.0490
vn 0.7622 0.1233 -0.6355
vn 0.6394 0.1047 -0.7618
vn 0.5747 0.1004 -0.8122
vn 0.9909 -0.0638 -0.1186
vn -0.1025 -0.3346 0.9368
vn 0.0779 -0.6978 0.7120
vn -0.3271 -0.5712 0.7528
vn 0.9901 0.0834 -0.1126
vn 0.9741 -0.1873 -0.1266
vn 0.9082 0.0079 0.4185
vn 0.9908 0.0192 -0.1341
vn 0.9277 -0.1471 0.3430
vn 0.6614 0.0858 -0.7451
vn 0.9807 -0.1628 -0.1085
vn 0.9770 -0.1770 0.1191
vn 0.9059 -0.0539 -0.4200
vn 0.9394 0.1986 -0.2793
vn 0.2524 0.0289 -0.9672
vn 0.6617 0.0858 -0.7449
vn 0.9055 -0.4122 -0.1011
vn 0.9038 -0.0659 0.4228
vn 0.9937 -0.0288 0.1079
vn -0.9714 -0.0223 -0.2364
vn -0.7822 0.5375 -0.3149
vn -0.9780 -0.1733 -0.1163
vn -0.1188 0.0086 -0.9929
vn -0.2465 -0.0266 -0.9688
vn -0.1015 -0.0214 -0.9946
vn -0.1524 -0.3676 -0.9174
vn 0.4081 -0.1206 -0.9050
vn 0.4149 -0.1455 -0.8982
vn 0.2501 -0.1555 -0.9557
vn 0.2720 -0.1024 -0.9568
vn 0.1785 -0.1485 -0.9727
vn 0.8181 -0.5278 0.2281
vn -0.1521 -0.3678 -0.9174
vn -0.9845 0.1077 -0.1385
vn 0.9807 -0.1627 -0.1084
vn 0.5031 0.1926 0.8425
vn -0.9984 0.0076 -0.0565
vn 0.9039 -0.0659 0.4227
vn 0.8182 -0.5277 0.2281
vn -0.7230 0.4199 0.5486
vn -0.9793 0.1774 0.0977
vn -0.8573 0.4103 0.3111
vn -0.9822 0.1369 -0.1287
vn 0.3373 -0.2122 -0.9172
vn -0.2463 -0.0265 -0.9688
vn 0.2716 -0.1023 -0.9569
vn 0.3336 -0.2320 0.9137
vn 0.9834 0.0370 -0.1777
vn 0.9945 -0.0181 0.1033
vn -0.3703 0.0714 -0.9261
vn 0.0476 0.0200 -0.9987
vn -0.2959 0.0506 -0.9539
vn 0.9395 0.1986 -0.2792
vn 0.9527 -0.2964 0.0676
vn 0.9080 0.0077 0.4189
vn 0.9933 -0.1070 0.0430
vn 0.6402 -0.1160 0.7594
vn 0.6326 -0.4167 0.6528
vn 0.5478 -0.7770 0.3100
vn 0.4252 -0.3600 0.8304
vn 0.9795 -0.1985 -0.0329
vn -0.4761 -0.2827 -0.8327
vn 0.0679 0.0177 -0.9975
vn 0.5156 -0.6290 0.5818
vn 0.5029 0.1926 0.8426
vn 0.8903 0.2711 -0.3658
vn 0.8005 -0.5583 0.2182
vn 0.9901 0.0835 -0.1126
vn 0.9944 -0.0572 -0.0890
vn 0.5157 -0.6289 0.5819
vn 0.9904 -0.0052 -0.1378
vn 0.9934 -0.1066 0.0428
vn 0.9988 0.0073 0.0485
vn 0.9834 0.0374 -0.1776
vn 0.9796 -0.1985 -0.0330
vn 0.7588 -0.6493 -0.0517
vn 0.6352 -0.5566 -0.5355
vn 0.6286 -0.5037 -0.5926
vn 0.6829 -0.6640 -0.3046
vn 0.6805 -0.5827 -0.4443
vn 0.9945 -0.0180 0.1034
vn 0.9770 -0.1768 0.1194
vn 0.7199 -0.4630 0.5171
vn 0.3438 0.0271 -0.9386
vn -0.1673 0.2712 -0.9479
vn 0.0444 0.2051 -0.9777
vn 0.3402 -0.3721 0.8636
vn 0.3883 -0.5087 0.7684
vn 0.9056 -0.4119 -0.1009
vn 0.5263 -0.6248 -0.5768
vn 0.3757 -0.9238 -0.0739
vn 0.5477 -0.7771 0.3101
vn 0.7422 -0.4799 0.4678
vn -0.0778 0.2430 -0.9669
vn -0.3243 0.0343 -0.9453
vn 0.2495 0.1863 -0.9503
vn 0.0254 0.0338 0.9991
vn 0.8596 -0.3602 0.3625
vn 0.6369 -0.3146 0.7039
vn 0.8869 0.0114 0.4618
vn 0.6563 -0.4711 0.5893
vn 0.8058 0.5914 0.0308
vn 0.8692 0.4845 -0.0991
vn 0.8184 0.5638 0.1113
vn 0.8294 -0.0271 0.5581
vn 0.8693 0.4843 -0.0992
vn 0.8870 0.0115 0.4617
vn 0.8386 0.5235 0.1504
vn 0.8870 0.0116 0.4617
vn 0.6367 -0.3147 0.7039
vn 0.6861 0.5913 0.4238
vn 0.8640 0.1989 0.4625
vn 0.6021 0.5923 0.5354
vn 0.6434 -0.0234 0.7652
vn 0.9678 0.0941 0.2333
vn 0.8163 0.3548 -0.4559
vn 0.5309 0.1812 -0.8278
vn 0.3437 0.0272 -0.9387
vn 0.4742 0.6039 0.6406
vn 0.8630 0.3062 0.4019
vn 0.8198 -0.5727 -0.0035
vn 0.9374 0.3074 0.1637
vn 0.9780 -0.2041 -0.0442
vn 0.8199 -0.5725 -0.0034
vn 0.8184 0.5638 0.1115
vn 0.9780 -0.2040 -0.0442
vn 0.3374 -0.2123 -0.9171
vn 0.9780 -0.2038 -0.0441
vn 0.8222 -0.0508 0.5669
vn 0.7952 0.4434 0.4136
vn 0.9780 -0.2041 -0.0441
vn 0.9374 0.3075 0.1637
vn 0.7952 0.4434 0.4135
vn 0.8137 0.1762 0.5539
vn 0.8222 -0.0510 0.5669
vn 0.9292 0.0632 0.3640
vn 0.8058 0.5914 0.0310
vn 0.8608 0.4318 0.2693
vn 0.8691 0.4846 -0.0992
vn -0.1244 0.0548 0.9907
vn -0.1915 0.1601 0.9683
vn -0.2159 0.2579 0.9417
vn 0.8594 -0.3602 0.3629
vn 0.9565 0.2907 -0.0236
vn 0.8609 0.4318 0.2692
vn 0.8593 -0.3604 0.3629
vn 0.7998 0.5290 0.2835
vn 0.9437 0.2939 -0.1518
vn 0.9565 0.2909 -0.0236
vn 0.8829 0.1491 -0.4453
vn 0.1838 -0.0012 0.9830
vn 0.7201 -0.4627 0.5171
vn 0.3756 -0.9238 -0.0737
vn 0.7999 0.5289 0.2835
vn 0.0487 0.1496 0.9876
vn 0.9993 -0.0054 0.0362
vn 0.0142 0.0924 0.9956
vn 0.3580 0.0437 0.9327
vn 0.4410 0.5421 0.7153
vn 0.4796 -0.0092 0.8775
vn 0.9889 -0.1087 -0.1013
vn 0.9911 0.0188 0.1318
vn 0.2402 -0.0391 0.9699
vn -0.2968 -0.1792 0.9380
vn -0.2614 0.0331 0.9647
vn 0.5478 0.1114 0.8292
vn 0.9122 -0.0892 0.3999
vn 0.9366 -0.3266 0.1272
vn 0.9993 -0.0052 0.0361
vn 0.9993 -0.0055 0.0362
vn 0.9002 0.2333 -0.3678
vn 0.9279 0.2436 -0.2822
vn 0.8880 0.0131 -0.4596
vn 0.7971 0.0175 -0.6036
vn -0.0820 -0.4947 0.8652
vn -0.1844 0.0820 0.9794
vn 0.0252 0.0340 0.9991
vn 0.9437 0.2939 -0.1521
vn 0.8505 -0.2375 -0.4693
vn 0.4370 -0.7243 -0.5334
vn 0.3028 -0.7702 -0.5613
vn 0.3509 -0.5746 -0.7394
vn 0.9024 0.3146 0.2945
vn 0.8133 0.5562 -0.1706
vn 0.8744 0.4628 0.1460
vn 0.8636 0.0525 -0.5015
vn 0.4843 0.8420 -0.2377
vn 0.7937 0.3629 -0.4882
vn 0.8768 0.3631 -0.3153
vn 0.8133 0.5564 -0.1705
vn 0.9022 0.3148 0.2947
vn 0.8635 0.0525 -0.5016
vn 0.3093 0.8801 -0.3602
vn -0.7082 -0.3604 0.6071
vn -0.9440 -0.1153 0.3092
vn -0.8673 -0.0526 0.4951
vn 0.6635 0.7373 0.1268
vn 0.4886 0.6689 -0.5603
vn 0.8062 0.3075 -0.5055
vn 0.6799 0.3381 0.6507
vn 0.7283 0.4930 0.4760
vn 0.9400 0.0031 0.3413
vn -0.9036 0.2757 -0.3278
vn -0.9412 0.2098 -0.2648
vn -0.9240 0.2712 0.2696
vn 0.1491 0.7589 0.6339
vn -0.9412 0.2099 -0.2648
vn -0.9201 0.2840 0.2698
vn -0.8694 0.2622 0.4187
vn -0.8738 0.2824 0.3959
vn 0.9566 0.1639 0.2409
vn 0.8944 -0.3291 -0.3029
vn 0.9003 0.2331 -0.3676
vn 0.8559 0.0392 0.5157
vn 0.9821 0.0589 0.1790
vn 0.7755 -0.2420 0.5831
vn 0.8742 0.4630 0.1463
vn -0.4279 0.6488 -0.6293
vn -0.8212 0.2912 -0.4907
vn 0.7937 0.3628 -0.4883
vn 0.8019 0.5972 0.0165
vn 0.7744 0.6319 -0.0313
vn 0.6139 0.3436 0.7107
vn 0.8560 0.0392 0.5155
vn 0.6970 -0.0394 0.7160
vn 0.5788 0.3627 0.7304
vn 0.8132 0.5565 -0.1703
vn 0.3407 0.4205 -0.8409
vn 0.6842 0.6510 -0.3287
vn 0.4011 0.1840 0.8974
vn 0.3791 -0.2317 0.8959
vn 0.0416 0.0071 0.9991
vn 0.9821 0.0589 0.1788
vn 0.8448 -0.1038 0.5249
vn 0.8559 0.0394 0.5157
vn 0.5477 0.1116 0.8292
vn 0.7390 -0.0294 0.6730
vn 0.3579 0.0436 0.9328
vn 0.8636 0.0524 -0.5015
vn 0.8767 0.3631 -0.3155
vn 0.4841 0.8421 -0.2376
vn 0.6272 0.1844 -0.7567
vn 0.4886 0.6688 -0.5603
vn 0.3735 0.6980 -0.6110
vn 0.5208 -0.2455 0.8176
vn 0.5478 0.1117 0.8291
vn 0.6841 0.6512 -0.3286
vn 0.3408 0.4206 -0.8408
vn 0.9540 -0.2419 0.1768
vn -0.7073 0.4155 -0.5719
vn -0.6531 0.4575 -0.6035
vn -0.7794 0.4784 -0.4045
vn -0.9898 -0.0506 0.1330
vn 0.5340 -0.0479 0.8441
vn 0.9437 -0.1660 0.2861
vn 0.8308 -0.3386 0.4417
vn -0.7803 0.1575 0.6052
vn -0.9363 0.2229 0.2713
vn -0.7610 0.1219 0.6372
vn -0.9682 0.1400 -0.2073
vn -0.7187 0.0931 0.6891
vn -0.9186 0.2769 0.2819
vn -0.9456 0.1764 0.2734
vn -0.9287 0.3695 0.0319
vn -0.9478 0.2812 0.1504
vn -0.9062 0.3007 -0.2972
vn -0.7075 0.4155 -0.5717
vn -0.7792 0.4785 -0.4048
vn -0.9287 0.3694 0.0320
vn -0.7895 -0.0687 0.6099
vn -0.7539 0.6567 0.0187
vn -0.9440 -0.1156 0.3091
vn -0.9319 0.3413 -0.1230
vn -0.8174 -0.0627 0.5726
vn -0.9455 0.1763 0.2736
vn -0.7485 0.3402 0.5693
vn -0.5630 0.3555 0.7461
vn -0.6418 0.1533 0.7514
vn -0.9478 0.2811 0.1506
vn -0.6453 0.0507 0.7623
vn -0.8793 0.4717 -0.0658
vn -0.7896 -0.0685 0.6098
vn -0.8769 0.4626 0.1302
vn -0.9512 0.2537 0.1758
vn -0.8172 -0.0628 0.5729
vn -0.1909 0.5755 -0.7952
vn -0.7485 0.3401 0.5693
vn -0.7231 0.4198 0.5485
vn -0.8266 0.4518 -0.3354
vn -0.7999 0.4879 -0.3494
vn -0.7484 0.3402 0.5694
vn -0.5566 0.5080 0.6574
vn 0.6842 0.6512 -0.3284
vn -0.8671 -0.0526 0.4954
vn -0.8267 0.4518 -0.3353
vn -0.6416 0.1533 0.7515
vn -0.5629 0.3554 0.7462
vn -0.9780 -0.1732 -0.1164
vn -0.6452 0.0507 0.7623
vn -0.7611 0.1220 0.6370
vn -0.8793 0.4716 -0.0659
vn -0.1911 0.5755 -0.7951
vn -0.6529 0.4575 -0.6037
vn -0.7804 0.1575 0.6051
vn -0.9832 -0.1650 0.0785
vn -0.7998 0.4880 -0.3495
vn -0.9847 0.1160 0.1298
vn -0.9232 0.3736 0.0907
vn -0.8884 -0.2861 -0.3590
vn -0.8252 0.0963 -0.5565
vn -0.8866 0.0810 -0.4554
vn -0.9793 0.1775 0.0978
vn -0.9847 0.1161 0.1299
vn -0.9832 -0.1649 0.0783
vn -0.9650 0.0567 -0.2559
vn -0.9260 0.1173 0.3588
vn -0.9845 0.1078 -0.1386
vn -0.9196 0.2475 0.3052
vn -0.9713 -0.0224 -0.2367
vn -0.9031 0.2850 -0.3212
vn -0.7894 -0.0687 0.6100
vn -0.9780 -0.1730 -0.1166
vn -0.7081 -0.3603 0.6072
vn -0.9973 -0.0134 -0.0722
vn -0.7823 0.5374 -0.3150
vn -0.7362 0.6297 -0.2481
vn -0.6529 0.4576 -0.6036
vn -0.9780 -0.1731 -0.1165
vn -0.7823 0.5374 -0.3149
vn -0.9973 -0.0135 -0.0722
vn -0.9257 0.3065 -0.2216
vn -0.9845 0.0801 -0.1558
vn -0.9196 0.2476 0.3051
vn -0.9983 0.0408 -0.0411
vn -0.9241 0.0270 0.3812
vn -0.9931 -0.0356 -0.1119
vn -0.9845 0.0801 -0.1560
vn -0.9984 0.0076 -0.0569
vn -0.9983 0.0406 -0.0414
vn -0.9931 -0.0356 -0.1117
vn -0.9983 0.0407 -0.0413
vn -0.9031 0.2850 -0.3214
vn -0.8253 0.0963 -0.5565
vn -0.8885 -0.2859 -0.3590
vn -0.9687 0.2245 -0.1059
vn -0.9379 0.3199 -0.1344
vn -0.9984 -0.0340 -0.0443
vn -0.9984 -0.0341 -0.0443
vn -0.9705 0.1813 0.1590
vn -0.8867 0.0812 -0.4551
vn -0.9651 0.0568 -0.2556
vn -0.9705 0.1812 0.1588
vn -0.9287 0.3696 0.0317
vn -0.9062 0.3007 -0.2973
vn -0.9319 0.3414 -0.1226
vn -0.9931 -0.0355 -0.1115
vn -0.3555 -0.1104 -0.9281
vn -0.3243 0.0344 -0.9453
vn 0.1826 0.1167 -0.9762
vn -0.5570 0.0141 -0.8304
vn 0.0564 0.0291 -0.9980
vn -0.1522 -0.3675 -0.9175
vn 0.0561 0.0289 -0.9980
vn 0.5675 -0.2013 -0.7984
vn 0.4771 -0.2706 -0.8362
vn -0.1326 0.0670 -0.9889
vn 0.4149 -0.1452 -0.8982
vn -0.0710 -0.1870 -0.9798
vn -0.1329 0.0669 -0.9889
vn 0.4772 -0.2707 -0.8361
vn -0.4671 -0.5580 -0.6859
vn -0.2105 -0.3862 -0.8981
vn -0.4684 -0.3791 -0.7980
vn -0.5443 -0.5928 -0.5935
vn -0.1666 -0.0713 -0.9834
vn -0.3691 -0.6090 -0.7021
vn -0.1339 -0.4288 -0.8934
vn 0.0033 -0.2975 -0.9547
vn 0.4316 0.2354 -0.8708
vn -0.4674 -0.5580 -0.6857
vn 0.0035 -0.2972 -0.9548
vn 0.1781 -0.1484 -0.9728
vn -0.0817 0.0510 -0.9953
vn 0.9497 -0.2323 0.2100
vn 0.9979 -0.0300 0.0569
vn 0.4721 -0.3962 0.7875
vn 0.3435 0.0272 -0.9388
vn 0.6644 0.1152 -0.7384
vn -0.0399 -0.9913 -0.1254
vn 0.7428 -0.5062 0.4382
vn 0.3790 -0.6381 0.6702
vn -0.0352 0.0671 -0.9971
vn -0.0815 0.0510 -0.9954
vn 0.9397 -0.0088 0.3419
vn 0.8231 -0.4918 0.2840
vn 0.6480 -0.4843 -0.5878
vn 0.9996 -0.0285 -0.0002
vn 0.8730 -0.4830 0.0685
vn 0.9526 -0.2965 0.0678
vn 0.3246 -0.0093 -0.9458
vn 0.3273 0.2183 -0.9194
vn 0.8164 0.3547 -0.4556
vn 0.8231 -0.4918 0.2839
vn 0.7086 -0.3809 0.5940
vn 0.6060 -0.4779 -0.6359
vn -0.3149 0.0893 -0.9449
vn -0.0708 -0.1869 -0.9798
vn 0.5674 -0.2015 -0.7984
vn -0.3557 -0.1104 -0.9281
vn 0.4516 -0.0298 -0.8917
vn 0.6642 0.1152 -0.7386
vn 0.3245 -0.0094 -0.9458
vn 0.5677 -0.2014 -0.7982
vn 0.4770 -0.2707 -0.8362
vn 0.8162 0.3548 -0.4559
vn -0.1573 0.1389 -0.9777
vn 0.0673 0.1148 -0.9911
vn 0.5220 0.3515 -0.7771
vn 0.3272 0.2183 -0.9194
vn 0.5308 0.1811 -0.8279
vn 0.9292 -0.1120 -0.3523
vn -0.1012 -0.0213 -0.9946
vn 0.0202 -0.0260 -0.9995
vn 0.2923 -0.6343 0.7157
vn 0.6334 -0.3611 0.6845
vn 0.8786 -0.3694 -0.3027
vn 0.6719 -0.4222 -0.6086
vn 0.3513 -0.5744 -0.7393
vn 0.5919 -0.5722 -0.5677
vn 0.5857 -0.7629 0.2736
vn 0.5642 -0.6391 0.5228
vn 0.7727 0.2345 0.5898
vn 0.8923 -0.0409 0.4497
vn 0.4185 -0.8126 -0.4056
vn 0.7324 -0.6537 0.1905
vn 0.9316 -0.3606 0.0451
vn 0.8730 -0.4829 0.0684
vn 0.5856 -0.7630 0.2737
vn 0.4629 -0.4270 0.7768
vn -0.3628 -0.0269 -0.9315
vn -0.2639 -0.0248 -0.9642
vn 0.4719 -0.3964 0.7876
vn 0.2108 -0.8166 0.5374
vn 0.5696 -0.7682 0.2922
vn 0.9291 -0.1120 -0.3524
vn 0.9513 -0.2569 -0.1706
vn 0.8086 0.0373 -0.5872
vn 0.5975 -0.4065 0.6913
vn 0.6101 -0.0839 0.7879
vn 0.7390 -0.0293 0.6731
vn 0.9441 -0.3004 0.1356
vn 0.8643 -0.4959 0.0846
vn 0.3376 -0.2124 -0.9170
vn -0.2965 -0.1791 0.9381
vn 0.2501 -0.1554 -0.9557
vn 0.9889 -0.1087 -0.1010
vn 0.9048 0.0795 0.4184
vn 0.9122 -0.0894 0.3998
vn 0.5419 0.2098 0.8138
vn 0.4775 -0.6315 -0.6109
vn 0.3030 -0.7702 -0.5613
vn 0.7391 -0.0294 0.6729
vn 0.6100 -0.0839 0.7880
vn 0.4412 0.5419 0.7153
vn 0.5478 0.1116 0.8291
vn 0.8573 -0.5126 -0.0477
vn 0.1840 -0.0015 0.9829
vn 0.7390 -0.0293 0.6730
vn 0.6399 -0.1161 0.7596
vn 0.3325 0.1007 0.9377
vn 0.2398 -0.0393 0.9700
vn 0.0821 0.1087 0.9907
vn 0.9496 -0.2325 0.2101
vn 0.9815 0.1757 -0.0760
vn 0.3328 0.1008 0.9376
vn -0.1247 0.0548 0.9907
vn 0.7136 -0.4973 -0.4935
vn 0.8012 -0.4356 -0.4103
vn -0.0753 0.1774 -0.9813
vn -0.5229 0.0068 -0.8524
vn 0.7086 -0.3808 0.5940
vn 0.5976 -0.4063 0.6912
vn 0.8307 -0.3386 0.4419
vn 0.9441 -0.3005 0.1357
vn -0.1170 -0.0386 -0.9924
vn 0.8182 -0.5278 0.2281
vn 0.4867 -0.0338 0.8729
vn 0.1846 -0.4550 0.8711
vn 0.0479 0.0258 -0.9985
vn 0.4532 0.1015 -0.8856
vn 0.2354 0.1383 -0.9620
vn 0.0938 0.0228 -0.9953
vn 0.3821 0.0382 -0.9233
vn 0.7440 0.3134 0.5901
vn -0.3678 -0.1343 0.9202
vn -0.2092 -0.3981 0.8932
vn 0.8004 0.1837 -0.5706
vn 0.6148 -0.4569 -0.6428
vn 0.4657 0.1597 -0.8704
vn 0.3016 0.6721 -0.6762
vn 0.4790 0.0488 -0.8765
vn 0.2851 0.3833 -0.8785
vn 0.1966 0.0701 -0.9780
vn -0.0683 -0.0989 -0.9927
vn 0.0747 0.0050 -0.9972
vn 0.9131 0.2254 -0.3398
vn 0.6503 -0.2259 0.7253
vn 0.4876 -0.2163 0.8459
vn 0.5008 0.0069 0.8656
vn 0.0784 0.0405 -0.9961
vn 0.2439 0.7364 -0.6311
vn 0.9340 -0.0802 -0.3480
vn 0.9343 0.1747 -0.3107
vn 0.7554 0.2250 -0.6154
vn 0.9386 0.3437 0.0307
vn 0.9340 -0.0802 -0.3482
vn 0.9879 -0.0851 -0.1298
vn 0.7552 0.2250 -0.6156
vn 0.7555 0.2250 -0.6154
vn 0.0805 0.6250 -0.7764
vn 0.8476 -0.1278 -0.5150
vn 0.2439 0.7363 -0.6312
vn 0.9386 0.3438 0.0304
vn 0.3331 0.0299 -0.9424
vn 0.4530 0.1014 -0.8857
vn 0.4609 0.1830 -0.8684
vn 0.1098 -0.0896 -0.9899
vn 0.5199 0.0197 -0.8540
vn 0.6264 0.3296 -0.7064
vn 0.5833 -0.5052 0.6360
vn 0.7665 -0.1423 0.6262
vn 0.8768 -0.3199 0.3591
vn 0.0811 -0.6151 0.7843
vn 0.2914 -0.3378 0.8950
vn -0.5568 0.5078 0.6574
vn -0.3621 0.5716 0.7363
vn -0.4943 0.3679 0.7876
vn 0.0131 0.0194 0.9997
vn 0.5153 0.6499 0.5587
vn 0.4531 0.6777 0.5792
vn 0.3137 0.5831 0.7494
vn 0.4127 0.1270 0.9020
vn 0.5907 -0.4350 0.6796
vn -0.2091 0.0163 -0.9778
vn 0.7667 -0.1424 0.6261
vn 0.6336 0.1241 0.7636
vn 0.7971 0.2428 0.5529
vn 0.1670 0.1239 0.9781
vn 0.2115 0.0152 0.9773
vn 0.3138 0.5832 0.7493
vn 0.5007 0.0068 0.8656
vn 0.5907 -0.4347 0.6798
vn 0.8325 0.2954 0.4687
vn 0.2143 0.9518 0.2194
vn 0.5555 0.7325 0.3935
vn 0.9672 -0.0854 -0.2392
vn 0.8768 -0.3200 0.3590
vn 0.8327 0.2954 0.4684
vn 0.5834 -0.5054 0.6358
vn 0.0811 -0.6152 0.7842
vn 0.2047 0.2237 0.9529
vn 0.7049 0.6697 0.2338
vn -0.1306 0.3082 0.9423
vn 0.5541 0.5054 0.6615
vn 0.2142 0.9518 0.2194
vn 0.5540 0.5053 0.6616
vn -0.3849 0.3852 0.8387
vn 0.6904 0.6442 0.3292
vn 0.5729 0.7008 0.4251
vn 0.0133 0.0195 0.9997
vn 0.2437 0.7365 -0.6310
vn 0.9257 0.1153 0.3604
vn 0.2438 0.7363 -0.6312
vn 0.1839 0.9372 0.2965
vn 0.8697 0.1354 0.4747
vn 0.8476 -0.1276 -0.5151
vn 0.8696 0.1354 0.4749
vn 0.8675 -0.0787 -0.4911
vn 0.8475 -0.1276 -0.5153
vn 0.2727 -0.0167 -0.9620
vn 0.5554 0.7326 0.3936
vn 0.9340 -0.0801 -0.3482
vn 0.4775 -0.3578 -0.8025
vn -0.3848 0.3856 0.8386
vn -0.1319 0.0471 0.9901
vn -0.2611 0.0522 0.9639
vn 0.5555 0.7326 0.3934
vn 0.1836 0.9372 0.2966
vn -0.3851 0.3854 0.8386
vn 0.3362 0.4630 0.8201
vn -0.2614 0.0519 0.9638
vn 0.5542 0.5053 0.6615
vn 0.3242 -0.1600 0.9323
vn 0.5541 0.5051 0.6617
vn -0.1322 0.0472 0.9901
vn -0.3848 0.3853 0.8387
vn -0.1848 0.0821 0.9793
vn -0.1918 0.1602 0.9683
vn 0.0824 0.1087 0.9906
vn 0.8549 -0.4504 0.2575
vn 0.6562 -0.4712 0.5894
vn -0.1323 0.0469 0.9901
vn 0.0407 0.4129 0.9099
vn 0.0404 0.4127 0.9100
vn -0.1305 0.3081 0.9424
vn 0.7673 0.5883 0.2552
vn -0.1594 0.1075 0.9813
vn 0.8204 0.4945 -0.2869
vn 0.4751 0.8122 -0.3385
vn 0.5793 0.7821 -0.2296
vn 0.6324 -0.4169 0.6529
vn 0.2836 0.5115 0.8112
vn -0.1854 0.5501 0.8142
vn 0.3609 0.6058 0.7091
vn 0.9703 0.0566 0.2354
vn 0.9736 0.1961 -0.1171
vn 0.8532 0.4999 -0.1490
vn 0.8863 0.4285 0.1758
vn 0.8576 0.5118 -0.0501
vn 0.9702 0.0568 0.2354
vn 0.9257 0.1154 0.3603
vn 0.6406 -0.6943 0.3279
vn 0.6405 -0.6944 0.3280
vn 0.8576 0.5118 -0.0502
vn -0.1230 0.0204 -0.9922
vn 0.4391 0.1262 -0.8895
vn 0.5416 0.2097 0.8141
vn 0.8387 0.5234 0.1505
vn -0.0132 -0.0802 0.9967
vn 0.8077 0.3549 -0.4708
vn 0.6405 -0.6944 0.3279
vn 0.6124 0.1188 -0.7815
vn 0.8126 0.1588 -0.5608
vn 0.0487 0.1499 0.9875
vn 0.4795 -0.0091 0.8775
vn 0.5750 0.1005 -0.8120
vn -0.5760 -0.1669 0.8002
vn -0.2679 -0.1093 0.9572
vn 0.6273 0.1845 -0.7566
vn 0.0677 -0.1368 0.9883
vn 0.8128 0.1587 -0.5606
vn 0.9688 0.0418 -0.2442
vn 0.9270 0.1988 -0.3181
vn 0.9736 0.1959 -0.1167
vn 0.9279 0.2434 -0.2822
vn 0.7647 0.1145 -0.6341
vn 0.9437 0.2938 -0.1519
vn -0.1243 0.0548 0.9907
vn 0.4738 0.8370 -0.2736
vn 0.2943 -0.5982 0.7453
vn -0.8358 0.3331 -0.4363
vn -0.5102 0.6754 -0.5325
vn 0.5541 0.5053 0.6616
vn 0.8532 0.4997 -0.1493
vn 0.8504 0.5205 -0.0766
vn -0.1938 0.8261 0.5291
vn -0.8473 0.3495 0.3998
vn -0.3617 0.5716 0.7365
vn -0.9147 0.4036 -0.0186
vn -0.4939 0.3678 0.7879
vn -0.2305 0.2656 0.9361
vn -0.3933 0.0524 0.9179
vn -0.8368 0.3493 0.4215
vn 0.7072 0.6718 0.2205
vn 0.0940 0.8778 0.4697
vn 0.2749 0.9277 0.2527
vn -0.9675 0.1524 0.2016
vn -0.2202 0.5538 0.8030
vn -0.2079 0.1691 0.9634
vn 0.0677 -0.1371 0.9882
vn -0.1169 -0.1092 0.9871
vn -0.8258 0.1365 0.5471
vn -0.9888 0.1493 -0.0063
vn -0.9346 -0.3544 -0.0307
vn -0.1560 0.1002 0.9827
vn 0.0405 0.4128 0.9099
vn -0.1169 -0.1089 0.9872
vn 0.0047 0.0112 0.9999
vn -0.3477 0.1948 0.9171
vn -0.7822 0.4272 0.4534
vn -0.7607 0.2167 0.6118
vn -0.6923 0.2250 0.6856
vn -0.6682 0.3222 0.6706
vn -0.5018 0.2644 0.8236
vn -0.6641 0.3320 0.6699
vn -0.0481 -0.1361 0.9895
vn -0.9675 0.1528 0.2016
vn -0.9693 0.2443 -0.0262
vn -0.8165 0.1641 -0.5536
vn -0.2827 0.1298 0.9504
vn -0.8689 0.2773 0.4101
vn -0.8994 0.2014 0.3880
vn 0.7999 0.5290 0.2833
vn -0.0951 -0.3097 0.9461
vn -0.4018 -0.1189 0.9080
vn -0.0492 -0.0257 0.9985
vn 0.8503 0.5208 -0.0763
vn -0.6093 0.0536 0.7911
vn -0.6094 0.0536 0.7911
vn 0.0678 -0.1368 0.9883
vn -0.2077 0.1689 0.9635
vn -0.2302 0.2655 0.9362
vn -0.2042 0.2469 0.9473
vn -0.7929 0.3643 0.4884
vn -0.4946 0.2324 0.8375
vn -0.7904 -0.0162 0.6124
vn -0.0493 -0.0257 0.9985
vn 0.0047 0.0110 0.9999
vn -0.8570 0.2813 0.4317
vn -0.8466 0.2197 0.4847
vn -0.8066 0.4287 0.4069
vn 0.3760 0.9180 -0.1257
vn 0.5318 0.8114 -0.2424
vn 0.8382 0.5127 0.1860
vn 0.8462 0.5298 -0.0575
vn 0.0603 0.9960 -0.0657
vn -0.8108 0.2904 0.5082
vn -0.8596 0.4606 0.2213
vn -0.9651 0.2221 0.1388
vn -0.9892 0.1340 -0.0599
vn -0.9627 0.2655 0.0527
vn -0.9767 -0.0155 -0.2142
vn -0.4574 0.3787 0.8046
vn 0.7071 0.6718 0.2207
vn 0.7672 0.5883 0.2554
vn 0.0406 0.4128 0.9099
vn -0.0430 0.8913 -0.4514
vn -0.2827 0.1296 0.9504
vn 0.8549 -0.4504 0.2574
vn -0.6295 0.2087 0.7485
vn -0.2080 0.1692 0.9634
vn -0.1171 -0.1089 0.9871
vn 0.6635 0.7374 0.1267
vn 0.8743 0.4628 0.1461
vn 0.1495 0.7588 0.6340
vn 0.0037 0.8232 0.5677
vn -0.1297 0.9883 -0.0804
vn -0.1941 0.8260 0.5292
vn -0.6677 0.4252 0.6110
vn -0.4236 0.8781 0.2226
vn 0.3763 0.9179 -0.1255
vn -0.7524 0.4056 0.5191
vn -0.5017 0.2643 0.8237
vn 0.0038 0.8232 0.5677
vn -0.1941 0.8261 0.5290
vn -0.9891 0.1340 -0.0603
vn -0.9449 0.2687 0.1871
vn 0.7996 0.5958 -0.0754
vn -0.9601 -0.0182 0.2792
vn -0.1608 0.6498 0.7429
vn 0.8696 0.4122 -0.2717
vn 0.7937 0.3627 -0.4884
vn 0.7972 0.2430 0.5526
vn -0.5763 -0.1671 0.8000
vn -0.3807 0.0663 0.9223
vn 0.8769 0.3629 -0.3152
vn 0.6400 -0.1157 0.7596
vn 0.3790 -0.2315 0.8960
vn 0.4013 0.1839 0.8973
vn 0.9565 0.2909 -0.0235
vn 0.0405 0.4127 0.9100
vn -0.1590 0.1077 0.9814
vn 0.8577 0.5116 -0.0502
vn -0.7837 0.4437 0.4346
vn -0.9243 0.2749 0.2647
vn 0.8696 0.4120 -0.2720
vn -0.5761 -0.1671 0.8001
vn -0.2678 -0.1093 0.9573
vn 0.0739 0.8859 -0.4579
vn -0.7127 0.2997 0.6342
vn -0.0491 -0.0256 0.9985
vn -0.3366 -0.0882 0.9375
vn -0.5439 -0.3016 0.7831
vn -0.3366 -0.0884 0.9375
vn 0.8461 0.5300 -0.0571
vn -0.9601 -0.0180 0.2792
vn 0.8205 0.4944 -0.2869
vn 0.5794 0.7821 -0.2292
vn -0.4234 0.8782 0.2224
vn -0.1299 0.9883 -0.0803
vn 0.0942 0.8778 0.4697
vn 0.0607 0.9960 -0.0657
vn -0.9544 0.2334 -0.1862
vn -0.9449 0.2686 0.1871
vn -0.9799 0.1594 0.1202
vn -0.4576 0.3787 0.8044
vn -0.4233 0.8783 0.2224
vn -0.6092 0.0535 0.7912
vn -0.7583 0.3381 0.5575
vn 0.8205 0.4943 -0.2871
vn 0.5861 0.7824 -0.2103
vn 0.3727 0.8738 -0.3124
vn 0.2938 0.8765 -0.3814
vn 0.0605 0.9960 -0.0657
vn 0.3729 0.8737 -0.3124
vn 0.2745 0.9278 0.2528
vn -0.2198 0.5539 0.8030
vn -0.8969 0.3465 -0.2749
vn -0.8580 0.4044 -0.3165
vn -0.3481 0.1949 0.9170
vn -0.4017 -0.1189 0.9080
vn -0.0533 0.4922 -0.8689
vn 0.7962 0.6037 -0.0402
vn -0.0533 0.4925 -0.8687
vn 0.7996 0.5958 -0.0755
vn 0.7744 0.6319 -0.0312
vn -0.8163 0.1641 -0.5538
vn -0.7538 0.6568 0.0189
vn -0.6520 0.4565 -0.6054
vn -0.7902 -0.0162 0.6126
vn -0.7608 0.2168 0.6117
vn -0.7821 0.4272 0.4536
vn -0.6678 0.4255 0.6108
vn 0.9564 0.2911 -0.0236
vn 0.4844 0.8420 -0.2375
vn 0.9567 0.1637 0.2408
vn 0.4736 0.8371 -0.2737
vn -0.0952 -0.3096 0.9461
vn -0.7524 0.4055 0.5191
vn 0.4842 0.8421 -0.2375
vn 0.2854 0.3834 -0.8784
vn 0.0785 0.0405 -0.9961
vn 0.7441 0.1286 -0.6555
vn 0.8768 0.3630 -0.3153
vn 0.8742 0.4629 0.1463
vn 0.7937 0.3627 -0.4883
vn 0.8134 0.5563 -0.1703
vn -0.6535 0.1387 0.7441
vn -0.3822 0.1695 -0.9084
vn -0.8127 0.3693 -0.4507
vn -0.9016 0.0631 -0.4279
vn -0.0660 0.1469 -0.9870
vn -0.5397 0.7803 -0.3160
vn -0.8358 0.3333 -0.4363
vn -0.8769 0.4627 0.1301
vn -0.7644 0.4751 0.4358
vn -0.3801 0.3672 -0.8489
vn 0.4939 0.5313 -0.6884
vn -0.2517 0.3002 -0.9201
vn -0.3394 0.3464 -0.8746
vn 0.4021 0.9105 -0.0968
vn -0.3887 0.2656 -0.8822
vn -0.8165 0.1640 -0.5536
vn -0.0432 0.8913 -0.4513
vn -0.1607 0.6498 0.7430
vn -0.9811 0.1556 0.1146
vn -0.8582 0.4044 -0.3162
vn -0.8125 0.3693 -0.4510
vn 0.7652 0.4300 -0.4792
vn -0.8164 0.1642 -0.5536
vn -0.9694 0.2441 -0.0262
vn 0.6969 -0.0395 0.7161
vn 0.8560 0.0393 0.5155
vn 0.6965 -0.1450 0.7028
vn -0.8164 0.1640 -0.5536
vn -0.3888 0.2654 -0.8823
vn -0.8969 0.3465 -0.2747
vn 0.5778 0.3225 -0.7497
vn 0.4751 0.8123 -0.3384
vn 0.5861 0.7825 -0.2103
vn -0.8969 0.3464 -0.2748
vn -0.9990 0.0171 0.0407
vn -0.9980 -0.0326 0.0542
vn 0.4936 0.5312 -0.6886
vn 0.4753 0.8121 -0.3384
vn 0.5158 0.0877 -0.8522
vn -0.2957 -0.2821 -0.9127
vn -0.3674 0.0261 -0.9297
vn 0.2059 0.2792 -0.9379
vn 0.4315 0.2354 -0.8708
vn 0.3952 0.1873 -0.8993
vn 0.2060 0.2793 -0.9378
vn 0.5676 -0.2015 -0.7983
vn 0.1826 0.1168 -0.9762
vn 0.2520 0.0118 -0.9676
vn 0.1575 0.1122 -0.9811
vn 0.1981 -0.0130 -0.9801
vn 0.5677 -0.2016 -0.7982
vn 0.0475 0.0199 -0.9987
vn -0.2572 -0.1583 -0.9533
vn -0.1891 -0.2940 -0.9369
vn 0.1293 -0.0717 -0.9890
vn -0.4758 -0.2825 -0.8329
vn 0.0474 0.0198 -0.9987
vn 0.4083 -0.1205 -0.9049
vn -0.1522 -0.3677 -0.9174
vn -0.3692 -0.6090 -0.7020
vn 0.0035 -0.2973 -0.9548
vn -0.4673 -0.5581 -0.6857
vn 0.1575 0.1123 -0.9811
vn 0.9954 0.0837 0.0458
vn 0.9638 -0.1777 -0.1988
vn 0.5340 -0.0479 0.8442
vn 0.9919 0.1203 -0.0409
vn 0.4777 -0.6315 -0.6108
vn 0.9497 -0.2325 0.2099
vn 0.5973 -0.4065 0.6913
vn 0.9988 0.0075 0.0481
vn 0.5975 -0.4063 0.6913
vn 0.5856 -0.7629 0.2738
vn 0.5641 -0.6392 0.5226
vn 0.3792 -0.6380 0.6702
vn 0.5693 -0.7684 0.2923
vn 0.5854 -0.7631 0.2737
vn -0.0778 0.2429 -0.9669
vn 0.4857 -0.5188 0.7035
vn 0.9944 0.0305 0.1014
vn 0.3336 -0.2317 0.9138
vn 0.7102 -0.0965 0.6973
vn 0.6800 -0.1347 0.7207
vn 0.9988 0.0074 0.0486
vn 0.8306 -0.3386 0.4421
vn 0.9437 -0.1660 0.2860
vn 0.5557 -0.7509 0.3567
vn 0.6837 -0.1280 0.7185
vn 0.5043 -0.2317 0.8318
vn 0.5594 -0.3332 0.7590
vn 0.6829 -0.6639 -0.3047
vn 0.7588 -0.6493 -0.0519
vn 0.7423 -0.4798 0.4678
vn 0.9460 -0.2667 -0.1842
vn 0.7085 -0.6442 -0.2883
vn 0.7084 -0.3808 0.5942
vn 0.9717 0.0661 0.2267
vn 0.7427 -0.5063 0.4383
vn 0.6058 -0.4778 -0.6361
vn 0.7084 -0.3809 0.5942
vn 0.9904 -0.0053 -0.1380
vn 0.9459 -0.2669 -0.1845
vn 0.9934 -0.0518 0.1020
vn 0.2037 -0.8466 0.4917
vn 0.6333 -0.7563 -0.1643
vn 0.9988 -0.0076 0.0490
vn -0.1168 -0.0385 -0.9924
vn -0.0649 -0.3058 -0.9499
vn 0.4077 -0.7775 -0.4789
vn -0.0399 -0.9913 -0.1251
vn 0.4856 -0.5188 0.7036
vn 0.5975 -0.4065 0.6912
vn 0.6060 -0.4778 -0.6360
vn 0.6643 -0.0902 0.7420
vn 0.8923 -0.0408 0.4497
vn 0.5044 -0.2316 0.8319
vn 0.6380 -0.7104 -0.2971
vn 0.9911 0.0190 0.1320
vn 0.9173 0.1515 -0.3683
vn 0.9914 0.0029 0.1305
vn -0.1023 -0.3343 0.9369
vn 0.9080 0.0079 0.4188
vn 0.9526 -0.2965 0.0677
vn 0.8729 -0.4830 0.0686
vn 0.8922 -0.0408 0.4497
vn 0.9588 -0.1281 0.2536
vn 0.7326 -0.6535 0.1904
vn 0.4884 -0.8693 0.0758
vn 0.7085 -0.6441 -0.2884
vn 0.6331 -0.7564 -0.1645
vn 0.6381 -0.7102 -0.2974
vn 0.8575 -0.5123 -0.0476
vn 0.8182 -0.5277 0.2283
vn 0.5069 -0.6051 0.6140
vn 0.7970 0.0174 -0.6037
vn 0.9919 0.1203 -0.0412
vn 0.9543 -0.2519 -0.1608
vn 0.7325 -0.6536 0.1906
vn 0.3030 -0.7701 -0.5613
vn 0.4884 -0.8693 0.0759
vn 0.8183 -0.5277 0.2280
vn 0.4373 -0.7241 -0.5333
vn 0.3513 -0.5744 -0.7394
vn 0.6381 -0.7103 -0.2971
vn 0.5639 -0.6392 0.5229
vn 0.2110 -0.8165 0.5373
vn 0.3794 -0.6379 0.6702
vn 0.6861 0.3306 -0.6480
vn 0.9718 0.0660 0.2265
vn 0.4183 -0.8127 -0.4057
vn 0.7325 -0.6535 0.1906
vn 0.3237 -0.9438 0.0661
vn 0.8642 -0.4959 0.0848
vn 0.8922 -0.0408 0.4499
vn 0.5595 -0.3329 0.7590
vn 0.4077 -0.7775 -0.4787
vn 0.3238 -0.9438 0.0664
vn 0.9277 -0.1472 0.3431
vn 0.2924 -0.6344 0.7156
vn 0.4883 -0.8694 0.0756
vn 0.9293 0.0631 0.3639
vn 0.6332 -0.7564 -0.1643
vn 0.9955 0.0837 0.0455
vn -0.1026 -0.3343 0.9369
vn 0.3798 0.1568 0.9117
vn 0.7218 -0.3014 0.6231
vn 0.6332 -0.3614 0.6845
vn 0.9996 -0.0285 -0.0004
vn 0.9945 -0.0182 0.1033
vn 0.4658 0.1595 -0.8704
vn 0.7085 -0.3809 0.5942
vn 0.7218 -0.3017 0.6229
vn -0.2365 0.0510 -0.9703
vn -0.3151 0.0893 -0.9449
vn -0.2425 0.1107 -0.9638
vn 0.2497 0.1862 -0.9502
vn -0.1577 0.1388 -0.9777
vn 0.2719 -0.1023 -0.9569
vn -0.2423 0.1107 -0.9639
vn 0.6859 0.3305 -0.6483
vn 0.4019 0.9105 -0.0969
vn -0.9116 -0.3106 -0.2695
vn -0.9950 -0.0875 -0.0488
vn -0.7217 0.4850 -0.4939
vn -0.9899 -0.0485 0.1333
vn -0.8770 0.4626 0.1299
vn -0.7216 0.4850 -0.4941
vn -0.9569 0.2903 -0.0094
vn 0.3330 0.0298 -0.9425
vn -0.9973 -0.0133 -0.0723
vn -0.9899 -0.0505 0.1327
vn -0.5700 0.0469 -0.8203
vn 0.5142 -0.0247 -0.8573
vn 0.3347 0.1258 -0.9339
vn 0.0142 0.0925 0.9956
vn -0.8081 0.0896 -0.5822
vn -0.8982 -0.0553 -0.4362
vn -0.8283 0.1340 -0.5441
vn -0.9117 -0.3103 -0.2694
vn -0.8983 -0.0552 -0.4360
vn -0.1908 0.5755 -0.7952
vn -0.1509 0.2123 -0.9655
vn 0.3823 0.0381 -0.9232
vn 0.5435 -0.0403 -0.8385
vn 0.0936 0.0228 -0.9953
vn -0.9912 0.1200 0.0551
vn -0.8080 0.0899 -0.5823
vn -0.8982 -0.0551 -0.4361
vn -0.7865 0.2003 -0.5842
vn -0.9629 -0.0597 0.2630
vn -0.5102 0.6753 -0.5326
vn -0.5397 0.7803 -0.3159
vn -0.7805 0.1462 -0.6078
vn -0.7693 0.6285 0.1150
vn -0.9640 -0.0372 -0.2632
vn -0.7805 0.1461 -0.6079
vn -0.7692 0.6286 0.1149
vn 0.4439 0.3602 -0.8205
vn -0.0102 0.0026 -0.9999
vn -0.7399 0.4767 -0.4747
vn -0.4944 0.2323 0.8376
vn -0.8282 0.1339 -0.5441
vn -0.3677 -0.1342 0.9202
vn -0.9641 -0.0375 -0.2629
vn -0.9990 0.0169 0.0404
vn -0.9950 -0.0874 -0.0488
vn -0.8359 0.3330 -0.4364
vn -0.0493 -0.0258 0.9985
vn -0.2830 0.1297 0.9503
vn 0.1732 -0.1326 -0.9759
vn -0.1024 0.1931 -0.9758
vn -0.0904 0.1352 -0.9867
vn -0.1753 -0.2413 -0.9545
vn 0.4582 -0.2983 -0.8373
vn 0.1733 -0.1328 -0.9759
vn 0.4393 -0.2853 -0.8518
vn 0.4652 -0.6825 -0.5638
vn -0.2715 0.3305 -0.9039
vn -0.2904 0.3520 -0.8898
vn 0.4397 0.4534 -0.7753
vn -0.0356 0.6062 -0.7945
vn -0.0092 0.0800 -0.9968
vn 0.0105 -0.1041 -0.9945
vn -0.2958 -0.2822 -0.9126
vn -0.2823 -0.2623 -0.9228
vn -0.4706 -0.1572 -0.8682
vn -0.6177 -0.2913 -0.7304
vn 0.5263 0.3970 -0.7519
vn 0.4395 0.4533 -0.7754
vn 0.3348 0.1259 -0.9339
vn 0.6542 0.0524 -0.7545
vn 0.3348 0.1260 -0.9338
vn 0.4197 0.0185 -0.9075
vn 0.4634 0.0378 -0.8853
vn 0.0052 0.1048 -0.9945
vn -0.4870 0.1228 -0.8647
vn 0.4194 0.0185 -0.9076
vn 0.9257 -0.3320 -0.1812
vn 0.5812 -0.5109 -0.6333
vn -0.2409 0.5615 -0.7916
vn -0.6168 0.1151 -0.7786
vn -0.2106 0.2043 -0.9560
vn -0.3240 0.0801 -0.9427
vn 0.0532 0.0715 -0.9960
vn -0.4085 0.2388 -0.8810
vn 0.5659 0.0846 -0.8201
vn 0.6905 0.0096 -0.7233
vn 0.0534 0.0715 -0.9960
vn -0.2569 -0.1581 -0.9534
vn -0.6167 0.1152 -0.7788
vn -0.4086 0.2387 -0.8809
vn -0.2110 0.2042 -0.9559
vn -0.3240 0.0800 -0.9427
vn -0.4084 0.2387 -0.8810
vn -0.6170 0.1150 -0.7785
vn 0.6906 0.0097 -0.7232
vn 0.2569 -0.0834 -0.9628
vn 0.2789 -0.4477 -0.8496
vn 0.3793 -0.4760 -0.7934
vn 0.3793 -0.4761 -0.7934
vn 0.0429 0.0419 -0.9982
vn 0.1606 -0.3737 -0.9135
vn 0.0873 -0.5356 -0.8400
vn -0.4606 0.1920 -0.8666
vn -0.7868 -0.0715 -0.6130
vn -0.4868 0.1228 -0.8648
vn -0.0577 -0.1013 -0.9932
vn 0.0871 -0.5356 -0.8400
vn 0.1606 -0.3735 -0.9136
vn -0.7871 -0.0715 -0.6127
vn 0.0429 0.0415 -0.9982
vn -0.7870 -0.0716 -0.6127
vn 0.0428 0.0418 -0.9982
vn 0.5164 0.2253 -0.8262
vn 0.2075 0.5162 -0.8309
vn 0.0428 0.0417 -0.9982
vn -0.1581 0.0103 -0.9874
vn 0.2001 0.1865 -0.9619
vn -0.3976 -0.0563 -0.9158
vn 0.0001 -0.0109 -0.9999
vn -0.4711 0.0311 -0.8815
vn 0.1090 -0.0532 -0.9926
vn 0.6028 0.0297 -0.7973
vn 0.1092 -0.0531 -0.9926
vn 0.6516 -0.0793 -0.7544
vn -0.4786 0.0501 -0.8766
vn -0.4571 0.0532 -0.8878
vn -0.4066 0.0140 -0.9135
vn 0.5733 0.0193 -0.8191
vn 0.5267 0.0223 -0.8498
vn -0.4065 0.0140 -0.9135
vn -0.4787 0.0501 -0.8765
vn 0.7787 0.1860 -0.5992
vn -0.1750 -0.2414 -0.9545
vn 0.7785 0.1861 -0.5994
vn 0.1070 0.0975 -0.9895
vn 0.5268 0.0222 -0.8497
vn -0.0903 0.1350 -0.9867
vn 0.1070 0.0976 -0.9895
vn 0.4581 -0.2983 -0.8373
vn -0.2896 0.2879 -0.9128
vn 0.0106 -0.1041 -0.9945
vn 0.4647 -0.6826 -0.5640
vn -0.0090 0.0800 -0.9968
vn -0.0354 0.6062 -0.7945
vn -0.2895 0.2878 -0.9129
vn -0.0092 0.0801 -0.9967
vn 0.4652 -0.6826 -0.5637
vn 0.4651 -0.6826 -0.5637
vn -0.0090 0.0799 -0.9968
vn 0.5264 0.3971 -0.7518
vn -0.2822 -0.2621 -0.9229
vn -0.6178 -0.2914 -0.7303
vn -0.3303 0.0559 -0.9422
vn -0.4403 0.0514 -0.8964
vn -0.1589 0.0153 -0.9872
vn 0.5111 0.0477 -0.8582
vn -0.1591 0.0156 -0.9871
vn 0.4636 0.0379 -0.8853
vn -0.1592 0.0152 -0.9871
vn -0.4319 0.1461 -0.8900
vn 0.5264 0.1413 -0.8384
vn 0.1111 0.0462 -0.9927
vn -0.0473 0.1286 -0.9906
vn -0.1510 0.1771 -0.9725
vn 0.5264 0.1414 -0.8384
vn -0.4317 0.1461 -0.8901
vn 0.1110 0.0462 -0.9927
vn 0.3599 -0.2844 -0.8886
vn 0.2095 0.5337 -0.8193
vn 0.1697 0.0797 -0.9823
vn 0.0419 0.5113 -0.8584
vn -0.3129 0.8382 -0.4467
vn -0.1447 0.0818 -0.9861
vn -0.1447 0.0817 -0.9861
vn -0.3131 0.8382 -0.4465
vn -0.3643 -0.0641 -0.9291
vn 0.0418 0.5113 -0.8584
vn -0.0575 -0.1010 -0.9932
vn 0.3502 -0.2902 -0.8906
vn -0.0219 -0.1707 -0.9851
vn -0.1445 0.0816 -0.9861
vn 0.3504 -0.2903 -0.8905
vn 0.3599 -0.2845 -0.8886
vn -0.3641 -0.0642 -0.9291
vn 0.3600 -0.2844 -0.8885
vn -0.0220 -0.1708 -0.9851
vn -0.1446 0.0817 -0.9861
vn -0.0221 -0.1706 -0.9851
vn 0.0171 0.0675 -0.9976
vn 0.5661 0.0846 -0.8200
vn 0.2000 0.1865 -0.9619
vn 0.2568 -0.0832 -0.9629
vn -0.4606 0.1922 -0.8666
vn -0.4870 0.1228 -0.8648
vn -0.0577 -0.1011 -0.9932
vn 0.2789 -0.4479 -0.8495
vn 0.2077 0.5161 -0.8310
vn 0.0872 -0.5355 -0.8400
vn 0.6543 0.0524 -0.7544
vn 0.5158 0.0876 -0.8522
vn 0.1090 -0.0529 -0.9926
vn 0.0002 -0.0107 -0.9999
vn 0.6519 -0.0793 -0.7542
vn 0.6029 0.0296 -0.7973
vn -0.4571 0.0531 -0.8878
vn -0.3975 -0.0562 -0.9159
vn 0.6519 -0.0792 -0.7541
vn -0.1751 -0.2412 -0.9545
vn 0.7787 0.1861 -0.5991
vn -0.0906 0.1352 -0.9867
vn 0.0107 -0.1039 -0.9945
vn -0.4388 -0.3128 -0.8424
vn 0.0457 0.1455 -0.9883
vn 0.0444 -0.2483 -0.9677
vn -0.2002 -0.1353 -0.9704
vn 0.5126 0.4433 -0.7353
vn 0.5160 0.0877 -0.8521
vn -0.0197 -0.0737 -0.9971
vn 0.0802 0.6262 -0.7755
vn 0.5265 0.3970 -0.7518
vn 0.0239 -0.2479 -0.9685
vn -0.0599 0.1431 -0.9879
vn -0.0046 0.6487 -0.7610
vn -0.0014 -0.0463 -0.9989
vn -0.1510 0.1770 -0.9726
vn 0.1748 0.0038 -0.9846
vn -0.4880 0.0345 -0.8722
vn 0.1604 0.2842 -0.9453
vn -0.4878 0.0344 -0.8723
vn -0.4253 -0.0417 -0.9041
vn -0.4229 -0.0193 -0.9060
vn 0.8262 0.4210 -0.3745
vn 0.4508 0.0326 -0.8920
vn 0.4204 0.0328 -0.9068
vn 0.0820 -0.0184 -0.9965
vn 0.1469 0.0107 -0.9891
vn 0.3505 0.0238 -0.9363
vn -0.4251 -0.0417 -0.9042
vn 0.1469 0.0108 -0.9891
vn 0.0820 -0.0185 -0.9965
vn -0.0501 0.0134 -0.9987
vn -0.6163 0.0108 -0.7875
vn 0.0937 -0.0266 -0.9952
vn -0.0305 -0.0149 -0.9994
vn -0.6163 0.0109 -0.7875
vn 0.3807 0.0516 -0.9233
vn 0.0938 -0.0265 -0.9952
vn -0.4485 0.4110 -0.7937
vn -0.0617 0.1720 -0.9832
vn 0.0925 0.0326 -0.9952
vn -0.0901 -0.2931 -0.9518
vn -0.3640 0.0843 -0.9276
vn -0.0497 0.0135 -0.9987
vn -0.3639 0.0845 -0.9276
vn 0.1639 0.0075 -0.9864
vn 0.2186 0.1336 -0.9666
vn 0.1606 0.2840 -0.9453
vn 0.0819 -0.0187 -0.9965
vn -0.0902 -0.2933 -0.9518
vn 0.2186 0.1335 -0.9666
vn -0.0903 -0.2931 -0.9518
vn 0.0926 0.0326 -0.9952
vn 0.0681 0.0782 -0.9946
vn -0.4484 0.4107 -0.7939
vn -0.0149 0.0486 -0.9987
vn -0.1953 0.1385 -0.9709
vn 0.0927 0.0323 -0.9952
vn 0.1959 -0.0936 -0.9761
vn -0.0149 0.0485 -0.9987
vn 0.1958 -0.0933 -0.9762
vn -0.0148 0.0486 -0.9987
vn -0.0147 0.0486 -0.9987
vn -0.6160 0.0108 -0.7877
vn -0.0304 -0.0147 -0.9994
vn -0.4051 0.1637 -0.8995
vn 0.8261 0.4210 -0.3745
vn 0.4201 0.0328 -0.9069
vn 0.4846 -0.3183 -0.8148
vn -0.5413 -0.0696 -0.8380
vn -0.5414 -0.0696 -0.8379
vn 0.4846 -0.3181 -0.8149
vn 0.0274 -0.0315 -0.9991
vn -0.0015 -0.0465 -0.9989
vn 0.3457 -0.0261 -0.9380
vn 0.1278 -0.0301 -0.9913
vn -0.4577 -0.0141 -0.8890
vn 0.3716 0.0284 -0.9280
vn 0.4219 0.0466 -0.9054
vn 0.3192 0.0308 -0.9472
vn -0.4575 -0.0139 -0.8891
vn -0.4674 0.0218 -0.8838
vn 0.3188 0.0308 -0.9473
vn 0.4076 0.0282 -0.9127
vn -0.7274 0.1338 -0.6731
vn 0.2744 0.0123 -0.9615
vn 0.4141 0.0394 -0.9094
vn 0.2748 0.0123 -0.9614
vn 0.2869 -0.2397 -0.9275
vn 0.2867 -0.2399 -0.9275
vn 0.0239 -0.2483 -0.9684
vn 0.0402 -0.3295 -0.9433
vn 0.4166 0.0343 -0.9084
vn 0.3713 0.0284 -0.9281
vn 0.3458 -0.0260 -0.9379
vn 0.3456 -0.0261 -0.9380
vn -0.1554 0.4801 -0.8634
vn -0.3206 0.0952 -0.9424
vn 0.0456 0.1456 -0.9883
vn 0.0483 0.0616 -0.9969
vn -0.4519 0.0419 -0.8911
vn -0.3676 0.0261 -0.9296
vn -0.4675 0.0218 -0.8837
vn 0.4168 0.0343 -0.9084
vn -0.0199 -0.0738 -0.9971
vn -0.2259 -0.3439 -0.9114
vn 0.1604 0.2840 -0.9453
vn 0.4544 0.2809 -0.8454
vn 0.5127 0.4432 -0.7354
vn 0.0458 0.1454 -0.9883
vn 0.5128 0.4433 -0.7352
vn 0.4545 0.2810 -0.8453
vn 0.0445 -0.2485 -0.9676
vn 0.5841 0.0297 -0.8111
vn 0.5840 0.0297 -0.8112
vn 0.5032 0.0118 -0.8641
vn -0.4014 0.0159 -0.9158
vn -0.3453 0.0233 -0.9382
vn -0.3209 0.0952 -0.9423
vn 0.2517 0.0119 -0.9677
vn -0.3743 0.0536 -0.9258
vn 0.1573 0.1122 -0.9812
vn 0.4186 0.0089 -0.9081
vn 0.5033 0.0118 -0.8640
vn 0.1980 -0.0130 -0.9801
vn 0.5215 0.0306 -0.8527
vn 0.4097 0.0337 -0.9116
vn 0.3930 0.0543 -0.9179
vn 0.3717 0.0146 -0.9282
vn -0.5885 0.0124 -0.8084
vn 0.1292 -0.0717 -0.9890
vn 0.0443 -0.2487 -0.9676
vn -0.4389 -0.3129 -0.8423
vn 0.3307 0.1064 -0.9377
vn 0.1304 0.1418 -0.9813
vn -0.2005 -0.1356 -0.9703
vn 0.3309 0.1066 -0.9376
vn -0.1960 -0.2711 -0.9424
vn 0.0389 -0.0975 -0.9945
vn -0.7272 0.1338 -0.6732
vn 0.0477 0.5212 -0.8521
vn -0.0751 0.1774 -0.9813
vn -0.7271 0.1338 -0.6733
vn -0.0598 0.1431 -0.9879
vn 0.1306 0.1419 -0.9812
vn 0.0523 0.3880 -0.9202
vn -0.1184 0.0087 -0.9929
vn 0.0466 0.3628 -0.9307
vn -0.5228 0.0068 -0.8524
vn -0.7274 0.1337 -0.6731
vn 0.0021 0.1544 -0.9880
vn -0.2108 0.2128 -0.9541
vn 0.1278 -0.0299 -0.9913
vn -0.3511 0.0593 -0.9344
vn -0.4051 0.1635 -0.8995
vn -0.4519 0.0420 -0.8911
vn -0.4256 0.0160 -0.9048
vn 0.3744 0.3100 -0.8739
vn 0.4448 0.1838 -0.8766
vn 0.2475 0.1699 -0.9539
vn 0.1750 0.0035 -0.9846
vn 0.1148 -0.1188 -0.9863
vn 0.4447 0.1838 -0.8766
vn -0.0572 0.0043 -0.9984
vn 0.3208 -0.0126 -0.9471
vn -0.4144 0.0707 -0.9074
vn -0.4980 0.0591 -0.8651
vn -0.0570 0.0043 -0.9984
vn -0.4130 0.0730 -0.9078
vn -0.6845 0.2239 -0.6938
vn 0.1111 -0.2913 -0.9502
vn 0.1410 -0.4364 -0.8886
vn 0.1845 -0.0613 -0.9809
vn 0.1111 -0.2912 -0.9502
vn 0.0391 -0.0972 -0.9945
vn 0.1409 -0.4363 -0.8887
vn 0.1110 -0.2912 -0.9502
vn -0.0054 0.4234 -0.9059
vn 0.0391 -0.0974 -0.9945
vn 0.3306 0.1067 -0.9377
vn -0.5885 0.0123 -0.8084
vn -0.4773 0.0066 -0.8787
vn 0.4094 0.0337 -0.9117
vn -0.3746 0.0537 -0.9256
vn -0.2872 0.0403 -0.9570
vn -0.5273 0.0207 -0.8495
vn 0.5944 0.1125 -0.7963
vn 0.3210 -0.0125 -0.9470
vn 0.3380 -0.0029 -0.9411
vn 0.4231 -0.0065 -0.9060
vn 0.4201 -0.0486 -0.9062
vn 0.4844 -0.3182 -0.8149
vn 0.0483 0.0615 -0.9969
vn 0.4507 0.0325 -0.8921
vn 0.8262 0.4210 -0.3743
vn 0.0483 0.0614 -0.9969
vn -0.2258 -0.3437 -0.9115
vn 0.4506 0.0325 -0.8921
vn -0.3511 0.0592 -0.9345
vn 0.4138 0.0393 -0.9095
vn 0.4216 0.0466 -0.9056
vn 0.0274 -0.0316 -0.9991
vn 0.4072 0.0282 -0.9129
vn 0.0456 0.1454 -0.9883
vn 0.4544 0.2811 -0.8453
vn -0.1556 0.4801 -0.8633
vn 0.1981 -0.0129 -0.9801
vn -0.4409 0.0912 -0.8929
vn -0.5272 0.0206 -0.8495
vn 0.3501 0.0238 -0.9364
vn 0.6959 -0.1435 -0.7037
vn 0.4572 -0.0074 -0.8893
vn 0.4754 0.0053 -0.8797
vn 0.4729 0.1093 -0.8743
vn 0.1573 0.1123 -0.9811
vn -0.1958 -0.2709 -0.9425
vn -0.4776 0.0066 -0.8786
vn 0.3306 0.1065 -0.9378
vn 0.3927 0.0543 -0.9181
vn 0.1844 -0.0611 -0.9810
vn -0.6843 0.2239 -0.6940
vn -0.4132 0.0730 -0.9077
vn -0.2109 0.2127 -0.9541
vn 0.5595 -0.1335 -0.8180
vn 0.4228 -0.0065 -0.9062
vn 0.3377 -0.0029 -0.9413
vn -0.0306 -0.0147 -0.9994
vn -0.3084 -0.2767 -0.9101
vn -0.0618 0.1721 -0.9831
vn -0.4482 0.4109 -0.7939
vn -0.1952 0.1387 -0.9709
vn -0.4225 -0.0194 -0.9061
vn 0.1956 -0.0935 -0.9762
vn -0.0498 0.0136 -0.9987
vn 0.1957 -0.0933 -0.9762
vn -0.0902 -0.2930 -0.9519
vn -0.0148 0.0484 -0.9987
vn 0.3810 0.0516 -0.9231
vn 0.1958 -0.0935 -0.9762
vn 0.0936 -0.0265 -0.9953
vn 0.5594 -0.1334 -0.8181
vn -0.1949 0.1385 -0.9710
vn 0.4199 -0.0486 -0.9063
vn 0.1277 -0.0300 -0.9914
vn 0.2746 0.0123 -0.9615
vn -0.7273 0.1339 -0.6731
vn -0.0598 0.1428 -0.9879
vn 0.2866 -0.2397 -0.9276
vn 0.0402 -0.3291 -0.9434
vn 0.1603 0.2838 -0.9454
vn 0.2748 0.0402 -0.9607
vn 0.5733 0.0694 -0.8164
vn 0.1010 0.0317 -0.9944
vn -0.1890 -0.2939 -0.9370
vn 0.1292 -0.0715 -0.9890
vn 0.0475 0.0200 -0.9987
vn 0.5216 0.0307 -0.8527
vn 0.1291 -0.0716 -0.9890
vn -0.1552 0.4802 -0.8633
vn 0.4184 0.0089 -0.9082
vn -0.0472 0.1286 -0.9906
vn -0.7400 0.4768 -0.4744
vn -0.4343 0.0679 -0.8982
vn 0.0691 0.0837 -0.9941
vn -0.0084 -0.1615 -0.9868
vn 0.4727 0.1093 -0.8744
vn 0.0391 -0.0973 -0.9945
vn 0.1146 -0.1187 -0.9863
vn 0.4449 0.1839 -0.8765
vn 0.1144 -0.1187 -0.9863
vn -0.3085 -0.2769 -0.9101
vn -0.0571 0.0043 -0.9984
vn -0.0571 0.0045 -0.9984
vn -0.4144 0.0707 -0.9073
vn 0.2477 0.1698 -0.9539
vn -0.4129 0.0729 -0.9078
vn -0.6845 0.2237 -0.6938
vn 0.0465 0.3626 -0.9308
vn 0.1691 0.1204 -0.9782
vn 0.0512 0.1400 -0.9888
vn 0.3199 -0.1577 -0.9342
vn -0.0738 0.0094 -0.9972
vn -0.1644 0.0442 -0.9854
vn 0.0315 -0.0031 -0.9995
vn -0.1645 0.0441 -0.9854
vn 0.2004 0.1631 -0.9660
vn 0.1368 -0.0918 -0.9863
vn 0.0267 -0.0358 -0.9990
vn 0.0313 -0.0032 -0.9995
vn 0.3697 0.0190 -0.9289
vn 0.4754 0.0052 -0.8798
vn 0.2004 0.1634 -0.9660
vn 0.1372 -0.0918 -0.9863
vn 0.0314 -0.0028 -0.9995
vn 0.0314 -0.0030 -0.9995
vn 0.0722 -0.0277 -0.9970
vn 0.0505 -0.0094 -0.9987
vn 0.4569 -0.0073 -0.8895
vn -0.1600 0.2440 -0.9565
vn 0.5435 0.1815 -0.8196
vn 0.3701 0.0190 -0.9288
vn 0.5433 0.1815 -0.8196
vn 0.0693 0.0837 -0.9941
vn 0.6960 -0.1435 -0.7035
vn -0.2607 -0.2504 -0.9324
vn -0.2700 -0.2345 -0.9339
vn 0.0506 -0.0093 -0.9987
vn 0.2003 0.1631 -0.9661
vn -0.0103 0.0024 -0.9999
vn 0.1474 -0.3461 -0.9265
vn 0.1616 -0.2120 -0.9638
vn 0.1476 -0.3461 -0.9265
vn -0.0274 -0.2332 -0.9720
vn 0.1616 -0.2122 -0.9638
vn -0.0272 -0.2333 -0.9720
vn -0.3071 0.2827 -0.9087
vn -0.1600 0.2439 -0.9565
vn -0.4343 0.0680 -0.8982
vn -0.5143 0.0133 -0.8575
vn -0.1114 -0.1176 -0.9868
vn -0.2842 -0.0228 -0.9585
vn -0.6201 0.1746 -0.7648
vn 0.3201 -0.1578 -0.9342
vn 0.5733 0.0692 -0.8164
vn -0.4246 0.1100 -0.8987
vn -0.2700 -0.2344 -0.9339
vn -0.1582 0.0102 -0.9874
vn 0.5232 0.0453 -0.8510
vn 0.5879 0.2222 -0.7778
vn 0.0864 0.0822 -0.9929
vn -0.1616 0.2479 -0.9552
vn -0.3072 0.2826 -0.9087
vn 0.5062 -0.3616 -0.7830
vn -0.1705 0.4298 -0.8867
vn 0.2519 0.0464 -0.9666
vn -0.4245 0.1098 -0.8987
vn 0.1450 -0.3464 -0.9268
vn -0.3072 0.2827 -0.9087
vn -0.0272 -0.2331 -0.9721
vn -0.2843 -0.0227 -0.9585
vn 0.0476 0.0488 -0.9977
vn -0.6199 0.1749 -0.7649
vn 0.2811 0.4945 -0.8224
vn 0.3749 0.3811 -0.8451
vn 0.3663 0.3401 -0.8661
vn -0.1274 0.0223 -0.9916
vn -0.3960 0.4128 -0.8202
vn -0.1939 0.0662 -0.9788
vn -0.3074 0.2829 -0.9086
vn -0.4664 -0.2410 -0.8511
vn -0.3615 0.0851 -0.9285
vn -0.5771 0.5009 -0.6451
vn -0.0477 -0.0804 -0.9956
vn -0.0790 0.0207 -0.9967
vn 0.0388 -0.1550 -0.9872
vn 0.6593 0.2128 -0.7211
vn 0.0474 0.0486 -0.9977
vn 0.3982 0.2280 -0.8885
vn -0.2632 -0.2363 -0.9353
vn -0.2477 -0.2820 -0.9269
vn -0.0084 -0.1618 -0.9868
vn 0.6595 0.2128 -0.7209
vn -0.1112 -0.1175 -0.9868
vn -0.6202 0.1750 -0.7647
vn 0.3365 0.1350 -0.9320
vn -0.0790 0.0209 -0.9967
vn 0.5881 0.2221 -0.7777
vn 0.3561 -0.0440 -0.9334
vn 0.1541 0.1703 -0.9733
vn -0.0830 -0.0913 -0.9924
vn 0.0404 0.3199 -0.9466
vn 0.1119 -0.3042 -0.9460
vn 0.2413 -0.2580 -0.9355
vn 0.1545 -0.2909 -0.9442
vn 0.0676 0.3083 -0.9489
vn 0.5187 0.1709 -0.8377
vn 0.4737 0.1427 -0.8691
vn -0.7400 0.4767 -0.4746
vn 0.1615 -0.2120 -0.9638
vn -0.5144 0.0133 -0.8575
vn -0.4131 -0.1706 -0.8945
vn -0.1114 -0.1177 -0.9868
vn 0.0577 0.2924 -0.9545
vn -0.3502 -0.0791 -0.9333
vn -0.0619 -0.3792 -0.9232
vn 0.0390 -0.1551 -0.9871
vn 0.9587 -0.1282 0.2538
vn 0.2042 -0.2273 -0.9522
vn -0.2558 -0.0119 -0.9666
vn 0.0863 0.0823 -0.9929
vn 0.2038 -0.2270 -0.9523
vn 0.3565 -0.0441 -0.9333
vn -0.4424 0.2145 -0.8708
vn -0.3487 0.0649 -0.9350
vn 0.2521 0.0463 -0.9666
vn 0.2277 0.0393 -0.9729
vn 0.5061 -0.3617 -0.7830
vn -0.1112 -0.1176 -0.9868
vn -0.3504 -0.1412 -0.9259
vn 0.0676 0.3082 -0.9489
vn -0.2297 0.3592 -0.9046
vn -0.5771 0.5009 -0.6449
vn -0.3961 0.4129 -0.8201
vn 0.5234 0.0443 -0.8509
vn 0.2040 -0.2269 -0.9523
vn 0.0577 0.2924 -0.9546
vn -0.3613 0.0851 -0.9285
vn 0.5187 0.1708 -0.8377
vn 0.3366 0.1349 -0.9319
vn 0.5068 0.3012 -0.8077
vn 0.3984 0.2279 -0.8884
vn 0.2520 0.0465 -0.9666
vn 0.4549 0.3652 -0.8122
vn 0.0481 0.0671 -0.9966
vn -0.4424 0.2144 -0.8708
vn -0.3485 0.0648 -0.9351
vn 0.0173 -0.0445 -0.9989
vn 0.0483 0.0672 -0.9966
vn -0.1114 -0.1178 -0.9868
vn 0.0473 0.0489 -0.9977
vn 0.1544 -0.2907 -0.9443
vn 0.1118 -0.3043 -0.9460
vn 0.3484 0.3343 -0.8757
vn 0.2518 0.0464 -0.9667
vn -0.4662 -0.2410 -0.8512
vn -0.3962 0.4129 -0.8201
vn -0.5770 0.5008 -0.6452
vn -0.3614 0.0850 -0.9285
vn 0.1119 -0.3041 -0.9460
vn -0.2296 0.3591 -0.9046
vn -0.3960 0.4127 -0.8202
vn -0.1276 0.0224 -0.9916
vn -0.0475 -0.0801 -0.9957
vn -0.1272 0.0223 -0.9916
vn 0.5237 0.0442 -0.8508
vn -0.2293 0.4997 -0.8353
vn -0.2475 -0.2819 -0.9270
vn -0.1938 0.0659 -0.9788
vn -0.0271 -0.2331 -0.9721
vn 0.0388 -0.1552 -0.9871
vn -0.0619 -0.3792 -0.9233
vn 0.3466 -0.2712 -0.8980
vn 0.0862 0.0823 -0.9929
vn -0.3505 -0.1412 -0.9258
vn 0.0474 0.0487 -0.9977
vn 0.0174 -0.0447 -0.9988
vn -0.1113 -0.1178 -0.9868
vn -0.4131 -0.1705 -0.8946
vn -0.1937 0.0659 -0.9788
vn 0.5066 0.3014 -0.8078
vn -0.1276 0.0221 -0.9916
vn -0.1939 0.0659 -0.9788
vn 0.3052 -0.0745 -0.9494
vn -0.2361 0.0510 -0.9704
vn 0.2411 -0.2579 -0.9356
vn 0.0243 0.0623 -0.9978
vn 0.0483 0.0670 -0.9966
vn -0.4129 -0.1706 -0.8946
vn -0.2555 -0.0119 -0.9667
vn 0.4737 0.1428 -0.8691
vn 0.0173 -0.0446 -0.9989
vn -0.2631 -0.2362 -0.9354
vn 0.3465 -0.2710 -0.8980
vn 0.1543 -0.2905 -0.9443
vn 0.2979 0.0307 -0.9541
vn 0.4383 -0.1807 -0.8805
vn 0.4119 -0.7814 0.4687
vn 0.4213 -0.7737 0.4732
vn 0.6178 0.4106 0.6706
vn 0.4399 0.2455 -0.8638
vn 0.6531 -0.4916 -0.5760
vn 0.0969 0.1462 -0.9845
vn -0.6509 -0.6794 0.3389
vn -0.8590 -0.4737 0.1940
vn -0.5438 -0.6319 -0.5522
vn 0.2119 0.0152 0.9772
vn -0.9232 -0.3293 -0.1981
vn -0.8873 -0.4572 -0.0609
vn -0.9455 -0.3130 -0.0895
vn -0.8120 -0.5405 -0.2203
vn -0.6352 -0.7683 -0.0793
vn -0.9097 -0.3804 -0.1663
vn -0.9455 -0.3132 -0.0894
vn -0.8871 -0.4575 -0.0607
vn -0.9097 -0.3805 -0.1662
vn -0.9641 -0.0376 -0.2630
vn -0.6351 -0.7684 -0.0793
vn -0.9990 0.0168 0.0405
vn -0.6353 -0.7681 -0.0794
vn -0.8122 -0.5403 -0.2201
vn -0.4049 -0.9124 -0.0603
vn -0.9703 -0.1625 -0.1791
vn -0.9705 -0.1041 -0.2175
vn -0.8122 -0.5402 -0.2201
vn 0.9541 -0.2419 0.1768
vn 0.6982 -0.0813 0.7113
vn 0.8450 -0.1038 0.5247
vn 0.9129 -0.2202 0.3438
vn 0.9128 -0.2201 0.3440
vn 0.6007 -0.0434 0.7983
vn 0.9015 -0.2293 0.3670
vn 0.8786 -0.1512 0.4530
vn 0.7270 -0.0899 0.6808
vn 0.3648 -0.2554 0.8954
vn -0.2839 -0.0228 -0.9586
vn 0.4390 0.1261 -0.8896
vn 0.8087 0.0374 -0.5871
vn -0.2242 0.0055 -0.9745
vn 0.8086 0.0374 -0.5871
vn -0.3566 -0.5428 -0.7604
vn -0.9741 0.0480 -0.2208
vn 0.0264 -0.4786 -0.8776
vn 0.0335 -0.5335 -0.8451
vn 0.6479 -0.4843 -0.5879
vn 0.4793 0.0490 -0.8763
vn 0.5401 -0.3147 -0.7805
vn 0.2270 0.1661 0.9596
vn 0.0336 -0.5562 -0.8304
vn 0.0338 -0.5337 -0.8450
vn 0.1220 -0.5636 -0.8170
vn 0.1217 -0.5636 -0.8170
vn 0.6061 -0.4778 -0.6359
vn 0.4077 -0.7777 -0.4785
vn -0.0646 -0.3061 -0.9498
vn 0.0339 -0.5336 -0.8451
vn 0.0335 -0.5337 -0.8450
vn -0.9159 -0.3608 -0.1760
vn -0.6495 -0.4706 -0.5972
vn -0.6551 -0.7281 0.2020
vn -0.0399 -0.9914 -0.1250
vn -0.4245 -0.8729 -0.2406
vn 0.0333 -0.5561 -0.8305
vn 0.7636 -0.1768 0.6210
vn 0.8005 0.1837 -0.5705
vn 0.3260 -0.0886 -0.9412
vn 0.5433 -0.0403 -0.8386
vn 0.2942 -0.5984 0.7453
vn 0.3376 -0.0785 -0.9380
vn 0.3056 -0.0746 -0.9492
vn 0.1539 0.1703 -0.9733
vn -0.4245 -0.8728 -0.2408
vn -0.6463 -0.4143 -0.6409
vn -0.6478 -0.4137 -0.6397
vn -0.7360 -0.6344 0.2361
vn -0.7359 -0.6345 0.2363
vn -0.9535 -0.2366 -0.1866
vn 0.3800 0.1568 0.9116
vn -0.6497 -0.4705 -0.5971
vn -0.9159 -0.3606 -0.1761
vn -0.7478 -0.6229 0.2295
vn -0.7480 -0.6228 0.2293
vn -0.7508 -0.5329 0.3902
vn -0.9635 -0.1780 -0.1997
vn -0.9653 -0.1319 -0.2256
vn -0.9151 -0.2647 0.3041
vn -0.9652 -0.1322 -0.2254
vn -0.4047 -0.9125 -0.0602
vn -0.8122 -0.5402 -0.2202
vn -0.9705 -0.1043 -0.2174
vn -0.9680 -0.1429 -0.2062
vn -0.9710 -0.0745 -0.2271
vn -0.9680 -0.1433 -0.2061
vn -0.9441 0.1362 -0.3002
vn -0.9710 -0.0746 -0.2271
vn -0.9669 -0.0820 -0.2415
vn -0.9789 0.0476 -0.1987
vn -0.9669 -0.0816 -0.2416
vn -0.8871 -0.4575 -0.0610
vn -0.9455 -0.3130 -0.0897
vn -0.9231 -0.3295 -0.1984
vn -0.9455 -0.3131 -0.0897
vn -0.7432 -0.6340 0.2138
vn -0.9968 0.0689 -0.0393
vn -0.9630 -0.0598 0.2628
vn -0.0307 0.0090 0.9995
vn -0.2676 -0.1092 0.9573
vn -0.9980 -0.0329 0.0539
vn -0.9635 -0.1784 -0.1996
vn -0.9968 0.0693 -0.0391
vn 0.2191 0.0699 0.9732
vn -0.9741 0.0477 -0.2209
vn 0.2268 0.1660 0.9597
vn -0.9441 0.1362 -0.3003
vn -0.0307 0.0092 0.9995
vn -0.9980 -0.0327 0.0541
vn -0.0482 -0.1359 0.9895
vn -0.2678 -0.1091 0.9573
vn -0.0309 0.0091 0.9995
vn -0.7507 -0.5330 0.3902
vn -0.7479 -0.6229 0.2294
vn -0.9151 -0.2647 0.3042
vn -0.3679 -0.1344 0.9201
vn -0.3680 -0.1343 0.9201
vn -0.4375 0.1441 -0.8876
vn -0.9440 0.1366 -0.3003
vn -0.7217 0.2598 -0.6416
vn 0.4400 0.2456 -0.8638
vn -0.4377 0.1442 -0.8875
vn 0.4742 -0.2131 -0.8542
vn 0.8086 0.0375 -0.5872
vn 0.3955 0.1876 -0.8991
vn -0.4376 0.1444 -0.8875
vn -0.4683 -0.3791 -0.7981
vn -0.5440 -0.6319 -0.5521
vn -0.4937 0.0284 -0.8691
vn -0.0832 -0.0915 -0.9923
vn -0.7330 -0.6348 -0.2444
vn 0.3016 0.6723 -0.6761
vn 0.5403 -0.3147 -0.7804
vn 0.9871 -0.0707 0.1436
vn 0.4655 0.1595 -0.8706
vn 0.2851 0.3832 -0.8786
vn 0.3019 0.6721 -0.6761
vn 0.5403 -0.3148 -0.7803
vn -0.7327 -0.6351 -0.2444
vn -0.8887 0.1437 -0.4355
vn 0.4790 0.0487 -0.8764
vn 0.2090 -0.4063 -0.8895
vn 0.4628 0.3159 -0.8282
vn 0.4743 -0.2133 -0.8541
vn -0.5440 -0.6317 -0.5522
vn -0.7218 0.2599 -0.6414
vn 0.2058 0.2791 -0.9380
vn -0.1664 -0.0713 -0.9835
vn 0.3263 -0.0887 -0.9411
vn -0.8591 -0.4736 0.1939
vn -0.7431 -0.6341 0.2138
vn -0.9455 -0.3129 -0.0897
vn -0.8590 -0.4738 0.1939
vn -0.9469 -0.3017 -0.1112
vn -0.8528 0.0945 -0.5136
vn -0.9703 -0.1626 -0.1791
vn -0.9231 -0.3296 -0.1983
vn -0.9468 -0.3020 -0.1113
vn -0.1227 0.0203 -0.9922
vn -0.7216 0.2600 -0.6417
vn -0.6510 -0.6793 0.3388
vn -0.5441 -0.6319 -0.5520
vn -0.7328 -0.6349 -0.2446
vn 0.3054 -0.0745 -0.9493
vn 0.9871 -0.0707 0.1438
vn -0.8886 0.1435 -0.4356
vn -0.8526 0.0946 -0.5139
vn -0.9231 -0.3295 -0.1982
vn -0.7330 -0.6349 -0.2443
vn -0.8528 0.0944 -0.5137
vn -0.8887 0.1436 -0.4354
vn 0.0242 0.0622 -0.9978
vn -0.1226 0.0205 -0.9922
vn 0.3373 -0.0784 -0.9381
vn 0.0973 0.1460 -0.9845
vn 0.2977 0.0308 -0.9541
vn 0.0672 0.1147 -0.9911
vn -0.2670 0.8298 -0.4900
vn -0.6574 -0.1906 -0.7290
vn -0.4936 0.0285 -0.8692
vn 0.0971 0.1461 -0.9845
vn -0.2670 0.8299 -0.4898
vn 0.0674 0.1147 -0.9911
vn -0.4937 0.0284 -0.8692
vn -0.7694 0.6284 0.1146
vn -0.8290 0.2176 -0.5151
vn -0.9641 -0.0373 -0.2630
vn 0.8163 0.3549 -0.4558
vn -0.6479 -0.0388 -0.7608
vn -0.8290 0.2177 -0.5151
vn -0.7803 0.1462 -0.6081
vn -0.9641 -0.0374 -0.2629
vn -0.0776 0.2430 -0.9669
vn -0.7863 0.2003 -0.5844
vn -0.0777 0.2429 -0.9669
vn 0.0448 0.2049 -0.9778
vn -0.9641 -0.0375 -0.2630
vn -0.6479 -0.0389 -0.7608
vn 0.3437 0.0273 -0.9387
vn 0.5306 0.1812 -0.8280
vn -0.8292 0.2175 -0.5149
vn 0.5223 0.3517 -0.7769
vn 0.0672 0.1146 -0.9911
vn -0.9641 -0.0372 -0.2630
vn -0.6476 -0.0388 -0.7610
vn -0.4939 0.0283 -0.8691
vn 0.3276 0.2185 -0.9192
vn 0.5223 0.3515 -0.7770
vn 0.1452 0.4470 -0.8827
vn -0.3302 0.1039 -0.9382
vn 0.0201 -0.0261 -0.9995
vn 0.7756 -0.2418 0.5831
vn -0.8079 0.0897 -0.5824
vn -0.4576 0.3788 0.8045
vn 0.0132 0.0195 0.9997
vn 0.2045 0.2236 0.9530
vn -0.5439 -0.3016 0.7830
vn -0.5020 0.2645 0.8235
vn -0.8993 0.2013 0.3881
vn -0.6697 0.2664 0.6932
vn 0.8787 -0.1512 0.4528
vn 0.9416 -0.0443 0.3337
vn 0.6967 -0.1449 0.7025
vn 0.9417 -0.0446 0.3336
vn 0.6444 -0.0278 0.7642
vn 0.6006 -0.0432 0.7984
vn 0.8786 -0.1514 0.4529
vn 0.0781 -0.6977 0.7121
vn 0.8787 -0.1510 0.4528
vn 0.2940 -0.5982 0.7455
vn 0.6609 0.0700 0.7472
vn 0.6836 -0.1280 0.7185
vn 0.4867 -0.0337 0.8729
vn 0.7637 -0.1768 0.6209
vn 0.6179 0.4104 0.6706
vn 0.8371 0.3239 -0.4408
vn 0.5347 0.4635 -0.7066
vn 0.7866 0.1912 -0.5871
vn 0.8923 -0.0406 0.4496
vn 0.4119 -0.7814 0.4688
vn 0.6177 0.4106 0.6707
vn 0.4214 -0.7736 0.4733
vn 0.6443 -0.0281 0.7643
vn 0.8787 -0.1513 0.4528
vn 0.0780 -0.6978 0.7120
vn 0.6607 0.0701 0.7473
vn 0.7635 -0.1770 0.6211
vn 0.6610 0.0701 0.7471
vn 0.4866 -0.0340 0.8730
vn 0.6180 0.4106 0.6705
vn 0.5348 0.4633 -0.7066
vn 0.1662 0.4243 -0.8901
vn 0.8743 0.4629 0.1461
vn -0.9014 0.0631 -0.4283
vn -0.8211 0.2912 -0.4909
vn -0.8602 -0.0263 -0.5092
vn -0.8601 -0.0262 -0.5095
vn -0.7711 -0.1200 -0.6253
vn 0.2841 0.2642 -0.9217
vn 0.0170 0.0675 -0.9976
vn -0.9820 0.1248 -0.1419
vn -0.8212 0.2912 -0.4908
vn 0.2035 0.2635 -0.9429
vn -0.0243 0.2200 -0.9752
vn -0.4278 0.6487 -0.6294
vn -0.9812 0.1556 0.1145
vn -0.4277 0.6488 -0.6294
vn -0.0244 0.2201 -0.9752
vn -0.9820 0.1249 -0.1417
vn 0.3322 0.2466 -0.9104
vn 0.0170 0.0674 -0.9976
vn 0.3322 0.2468 -0.9104
vn -0.9820 0.1250 -0.1417
vn 0.3319 0.2468 -0.9105
vn 0.0173 0.0675 -0.9976
vn 0.2838 0.2642 -0.9218
vn 0.2033 0.2635 -0.9430
vn -0.9632 -0.2135 -0.1636
vn -0.9811 0.1558 0.1144
vn -0.8602 -0.0262 -0.5093
vn -0.0241 0.2202 -0.9752
vn -0.9632 -0.2135 -0.1633
vn -0.9812 0.1555 0.1146
vn -0.4285 0.4131 0.8036
vn -0.8347 0.2727 0.4784
vn -0.9799 0.1594 0.1201
vn -0.9948 -0.0835 -0.0587
vn 0.0468 0.6099 0.7911
vn -0.9767 -0.0156 -0.2142
vn -0.9948 -0.0835 -0.0585
vn -0.9361 -0.0957 -0.3384
vn -0.4646 0.5109 0.7232
vn -0.4941 0.3677 0.7878
vn -0.9296 0.2802 0.2395
vn -0.9544 0.2335 -0.1859
vn -0.9707 -0.0045 0.2403
vn -0.2157 0.5678 0.7944
vn -0.6642 0.3320 0.6698
vn -0.4786 0.5911 0.6493
vn 0.0470 0.6098 0.7911
vn -0.9362 -0.0955 -0.3381
vn -0.9419 0.2315 -0.2434
vn -0.9888 0.1492 -0.0066
vn -0.4288 0.4130 0.8034
vn 0.0002 0.9820 0.1891
vn -0.8346 0.2727 0.4786
vn -0.4786 0.5911 0.6492
vn -0.9066 0.0762 0.4151
vn -0.9888 0.1493 -0.0064
vn -0.9362 -0.0954 -0.3382
vn -0.8532 0.5119 -0.1007
vn -0.9774 -0.1794 0.1121
vn -0.9706 -0.0045 0.2405
vn -0.9065 0.0764 0.4151
vn -0.9362 -0.0957 -0.3382
vn -0.8533 0.5117 -0.1004
vn -0.9147 0.4037 -0.0186
vn -0.3367 -0.0883 0.9375
vn -0.7125 0.2997 0.6345
vn -0.9347 -0.3541 -0.0307
vn -0.9774 -0.1793 0.1119
vn 0.0471 0.6099 0.7910
vn -0.9066 0.0761 0.4150
vn -0.9707 -0.0046 0.2404
vn -0.9147 0.4036 -0.0187
vn -0.8534 0.5115 -0.1005
vn -0.4941 0.3678 0.7878
vn -0.9774 -0.1795 0.1120
vn -0.6535 0.1388 0.7441
vn -0.6684 0.3224 0.6703
vn -0.6643 0.3321 0.6697
vn -0.9346 -0.3543 -0.0307
vn -0.2154 0.5680 0.7943
vn -0.6700 0.2665 0.6929
vn -0.6925 0.2250 0.6855
vn -0.2153 0.5679 0.7945
vn -0.9347 -0.3541 -0.0305
vn -0.9419 0.2313 -0.2437
vn -0.9346 -0.3543 -0.0305
vn -0.9888 0.1493 -0.0065
vn -0.9573 0.2404 0.1604
vn 0.0039 0.8233 0.5676
vn -0.9450 0.2686 0.1868
vn -0.5443 -0.5927 -0.5937
vn -0.3691 -0.6089 -0.7021
vn -0.4671 -0.5581 -0.6858
vn -0.5773 0.7985 0.1707
vn -0.7836 0.4438 0.4347
vn -0.8573 -0.1785 -0.4830
vn -0.8573 -0.1785 -0.4829
vn -0.0001 0.9819 0.1892
vt 0.117252 0.277402
vt 0.111815 0.314850
vt 0.136860 0.254451
vt 0.826905 0.308961
vt 0.822984 0.281707
vt 0.791836 0.308262
vt 0.459253 0.307706
vt 0.453145 0.303801
vt 0.449810 0.336676
vt 0.888300 0.788242
vt 0.858051 0.821612
vt 0.857253 0.844750
vt 0.443518 0.320967
vt 0.446867 0.295671
vt 0.988985 0.636336
vt 0.980903 0.635530
vt 0.979548 0.664399
vt 0.994921 0.302826
vt 0.993297 0.292016
vt 0.988746 0.300815
vt 0.442513 0.384035
vt 0.441871 0.359880
vt 0.433634 0.376419
vt 0.685697 0.032896
vt 0.693169 0.038835
vt 0.693169 0.006373
vt 0.435987 0.346649
vt 0.537391 0.104843
vt 0.501384 0.136184
vt 0.537391 0.133089
vt 0.587412 0.667502
vt 0.613895 0.712121
vt 0.597979 0.679402
vt 0.196320 0.191410
vt 0.218869 0.235980
vt 0.212688 0.186794
vt 0.443458 0.416478
vt 0.457823 0.411132
vt 0.437017 0.403012
vt 0.131850 0.003898
vt 0.121092 0.016293
vt 0.131850 0.029955
vt 0.974229 0.051552
vt 0.958924 0.085697
vt 0.973385 0.085552
vt 0.925647 0.512169
vt 0.954298 0.528352
vt 0.951951 0.489610
vt 0.177799 0.138765
vt 0.206238 0.140337
vt 0.217396 0.113745
vt 0.417776 0.286841
vt 0.411252 0.312783
vt 0.428241 0.277378
vt 0.834344 0.705270
vt 0.833315 0.688049
vt 0.822936 0.705399
vt 0.458291 0.360864
vt 0.428879 0.389240
vt 0.701551 0.853480
vt 0.673683 0.816020
vt 0.672966 0.853805
vt 0.196277 0.266932
vt 0.631968 0.011624
vt 0.624061 0.035037
vt 0.633012 0.030400
vt 0.755351 0.785515
vt 0.740635 0.764575
vt 0.725531 0.777478
vt 0.375144 0.014882
vt 0.360885 0.022129
vt 0.375144 0.053141
vt 0.818260 0.654278
vt 0.824732 0.636441
vt 0.811885 0.640168
vt 0.164606 0.230567
vt 0.464914 0.268682
vt 0.453986 0.261838
vt 0.197840 0.331050
vt 0.218869 0.288598
vt 0.912126 0.054932
vt 0.924259 0.052672
vt 0.911704 0.039645
vt 0.772875 0.096070
vt 0.773893 0.055038
vt 0.767010 0.084410
vt 0.431875 0.368623
vt 0.922536 0.720210
vt 0.915663 0.712496
vt 0.806856 0.693948
vt 0.805083 0.732828
vt 0.777495 0.768630
vt 0.806792 0.741815
vt 0.428879 0.040021
vt 0.430151 0.063199
vt 0.438305 0.051439
vt 0.860681 0.466047
vt 0.861247 0.482497
vt 0.872865 0.470209
vt 0.501384 0.059700
vt 0.469707 0.039612
vt 0.467050 0.070221
vt 0.484013 0.876171
vt 0.536807 0.866623
vt 0.506337 0.849988
vt 0.191743 0.299059
vt 0.169772 0.331050
vt 0.799791 0.082883
vt 0.803560 0.043736
vt 0.777717 0.043736
vt 0.792876 0.226908
vt 0.828218 0.253071
vt 0.834382 0.218101
vt 0.853961 0.215622
vt 0.836819 0.223179
vt 0.854748 0.232086
vt 0.465700 0.088192
vt 0.458708 0.053457
vt 0.447720 0.054294
vt 0.545526 0.849614
vt 0.505243 0.830772
vt 0.858444 0.580775
vt 0.869894 0.569477
vt 0.858878 0.543132
vt 0.225784 0.852711
vt 0.242516 0.846888
vt 0.240033 0.814085
vt 0.505512 0.923287
vt 0.489098 0.911311
vt 0.701624 0.609808
vt 0.743503 0.553335
vt 0.701551 0.542887
vt 0.869838 0.544553
vt 0.822375 0.618731
vt 0.625117 0.714978
vt 0.637798 0.691250
vt 0.597698 0.669948
vt 0.693219 0.033631
vt 0.704238 0.029581
vt 0.702386 0.006861
vt 0.389242 0.304631
vt 0.392365 0.325009
vt 0.406044 0.288616
vt 0.650753 0.560785
vt 0.668826 0.571883
vt 0.666224 0.559179
vt 0.938115 0.754731
vt 0.946281 0.765350
vt 0.944104 0.737660
vt 0.834382 0.202503
vt 0.722502 0.445869
vt 0.719940 0.448483
vt 0.722502 0.450280
vt 0.757586 0.808969
vt 0.508484 0.108021
vt 0.756157 0.043862
vt 0.767642 0.055038
vt 0.764851 0.034062
vt 0.855878 0.248878
vt 0.658253 0.461961
vt 0.630028 0.443820
vt 0.612589 0.456798
vt 0.815942 0.607651
vt 0.863576 0.332172
vt 0.877549 0.340401
vt 0.864076 0.318352
vt 0.830729 0.602409
vt 0.755574 0.006798
vt 0.954298 0.413742
vt 0.924688 0.424106
vt 0.924319 0.439819
vt 0.457324 0.236193
vt 0.458460 0.261838
vt 0.464430 0.229998
vt 0.837752 0.245593
vt 0.857134 0.269981
vt 0.260750 0.816636
vt 0.307559 0.789330
vt 0.293217 0.792329
vt 0.281628 0.830226
vt 0.041323 0.157386
vt 0.052006 0.156587
vt 0.048342 0.111289
vt 0.407906 0.150833
vt 0.407711 0.130654
vt 0.389918 0.144697
vt 0.872273 0.451184
vt 0.435189 0.577458
vt 0.425706 0.542019
vt 0.359838 0.545627
vt 0.086403 0.089353
vt 0.103441 0.081888
vt 0.081903 0.056030
vt 0.717213 0.448637
vt 0.719940 0.451184
vt 0.719940 0.446938
vt 0.777717 0.266833
vt 0.400920 0.046733
vt 0.390961 0.057034
vt 0.400920 0.067774
vt 0.873435 0.493544
vt 0.753805 0.750863
vt 0.768280 0.745766
vt 0.444655 0.040360
vt 0.465700 0.038910
vt 0.817514 0.166196
vt 0.495442 0.838131
vt 0.892564 0.942583
vt 0.889259 0.971527
vt 0.928542 0.949192
vt 0.309355 0.761065
vt 0.281849 0.776676
vt 0.303056 0.783745
vt 0.886194 0.860724
vt 0.860040 0.886647
vt 0.897087 0.891643
vt 0.241261 0.043126
vt 0.225784 0.036352
vt 0.239772 0.081601
vt 0.813946 0.588858
vt 0.814028 0.658194
vt 0.985572 0.341772
vt 0.971997 0.343725
vt 0.985572 0.359917
vt 0.792421 0.612496
vt 0.803226 0.622632
vt 0.376577 0.195505
vt 0.386147 0.202291
vt 0.404420 0.187030
vt 0.304009 0.716839
vt 0.271551 0.718383
vt 0.297130 0.731974
vt 0.658738 0.581794
vt 0.644416 0.572849
vt 0.627417 0.573957
vt 0.853595 0.200419
vt 0.994708 0.206223
vt 0.996878 0.192475
vt 0.986246 0.204058
vt 0.987395 0.016204
vt 0.994597 0.027791
vt 0.994597 0.003581
vt 0.860351 0.499282
vt 0.785541 0.783822
vt 0.810257 0.764183
vt 0.218869 0.280758
vt 0.221198 0.331050
vt 0.224747 0.283522
vt 0.859676 0.520366
vt 0.327537 0.011708
vt 0.316229 0.013321
vt 0.327537 0.024333
vt 0.273945 0.344625
vt 0.254491 0.369483
vt 0.302621 0.364550
vt 0.701551 0.788563
vt 0.705782 0.827499
vt 0.722212 0.811392
vt 0.861631 0.963033
vt 0.835682 0.512723
vt 0.813956 0.529056
vt 0.837608 0.528276
vt 0.782948 0.840034
vt 0.716618 0.913748
vt 0.772272 0.857415
vt 0.599482 0.456815
vt 0.582172 0.486446
vt 0.499135 0.722326
vt 0.520321 0.682829
vt 0.503962 0.628170
vt 0.919400 0.219778
vt 0.915923 0.201833
vt 0.902892 0.216348
vt 0.925327 0.209998
vt 0.533088 0.050914
vt 0.507559 0.076741
vt 0.535120 0.082846
vt 0.767642 0.004035
vt 0.335715 0.662808
vt 0.314191 0.721693
vt 0.360727 0.683870
vt 0.293550 0.760920
vt 0.907731 0.042726
vt 0.892223 0.047260
vt 0.911704 0.054932
vt 0.376205 0.054657
vt 0.355979 0.053141
vt 0.367828 0.076878
vt 0.379849 0.168932
vt 0.383299 0.137011
vt 0.377777 0.151066
vt 0.444655 0.016656
vt 0.456959 0.038910
vt 0.456959 0.006376
vt 0.933051 0.211115
vt 0.929353 0.188947
vt 0.933366 0.252513
vt 0.890462 0.195125
vt 0.875421 0.413869
vt 0.901792 0.450366
vt 0.892938 0.388896
vt 0.808038 0.481527
vt 0.807665 0.451184
vt 0.792421 0.475488
vt 0.972635 0.116552
vt 0.962908 0.146324
vt 0.485754 0.015859
vt 0.498471 0.034866
vt 0.498471 0.012592
vt 0.924637 0.172418
vt 0.896584 0.172418
vt 0.109967 0.012521
vt 0.121092 0.023336
vt 0.121092 0.003695
vt 0.986655 0.313078
vt 0.997016 0.340401
vt 0.997016 0.310060
vt 0.295672 0.663688
vt 0.289082 0.685283
vt 0.318096 0.695574
vt 0.792939 0.481702
vt 0.768413 0.059705
vt 0.771827 0.137466
vt 0.763800 0.121984
vt 0.948920 0.451333
vt 0.923459 0.457083
vt 0.156061 0.035401
vt 0.169685 0.051250
vt 0.169685 0.018127
vt 0.822343 0.465636
vt 0.828068 0.451703
vt 0.910421 0.411749
vt 0.913246 0.424928
vt 0.920168 0.405594
vt 0.841807 0.128881
vt 0.844894 0.107162
vt 0.834382 0.106110
vt 0.940127 0.299815
vt 0.940980 0.250815
vt 0.240188 0.254879
vt 0.231036 0.278439
vt 0.260354 0.239540
vt 0.858444 0.469383
vt 0.858444 0.506904
vt 0.755574 0.166060
vt 0.765453 0.174511
vt 0.985849 0.606149
vt 0.994194 0.628983
vt 0.994194 0.589761
vt 0.811076 0.504046
vt 0.796621 0.502396
vt 0.329667 0.561274
vt 0.326748 0.592841
vt 0.354959 0.581866
vt 0.632667 0.514609
vt 0.594216 0.505003
vt 0.388671 0.403050
vt 0.400333 0.395715
vt 0.404260 0.362300
vt 0.757916 0.202255
vt 0.464914 0.396811
vt 0.466901 0.427364
vt 0.466901 0.379839
vt 0.501989 0.816848
vt 0.019464 0.049005
vt 0.034837 0.088135
vt 0.034837 0.033740
vt 0.767642 0.050922
vt 0.777691 0.055038
vt 0.777691 0.015006
vt 0.691916 0.639411
vt 0.701551 0.584356
vt 0.667464 0.656405
vt 0.959652 0.679321
vt 0.966015 0.652668
vt 0.953583 0.669317
vt 0.306957 0.631047
vt 0.331393 0.659327
vt 0.927710 0.486740
vt 0.017516 0.068693
vt 0.744489 0.119301
vt 0.719621 0.139212
vt 0.739011 0.144187
vt 0.799935 0.493432
vt 0.824489 0.488133
vt 0.573616 0.043270
vt 0.581472 0.048999
vt 0.581472 0.019786
vt 0.342049 0.615812
vt 0.257174 0.121758
vt 0.241567 0.132344
vt 0.261915 0.133024
vt 0.269222 0.120177
vt 0.944818 0.340401
vt 0.945474 0.300090
vt 0.886627 0.202509
vt 0.875073 0.199641
vt 0.858434 0.218966
vt 0.958151 0.099679
vt 0.958924 0.077610
vt 0.931381 0.077142
vt 0.929354 0.262860
vt 0.907078 0.279765
vt 0.929354 0.314535
vt 0.984455 0.909540
vt 0.984090 0.892788
vt 0.974060 0.908272
vt 0.994510 0.842224
vt 0.986967 0.857847
vt 0.993249 0.855804
vt 0.890462 0.184975
vt 0.420432 0.237104
vt 0.389450 0.269019
vt 0.886409 0.166248
vt 0.862096 0.182028
vt 0.394939 0.240740
vt 0.225784 0.112277
vt 0.229712 0.130055
vt 0.201423 0.671404
vt 0.200039 0.706909
vt 0.209392 0.697775
vt 0.388521 0.284517
vt 0.928972 0.219778
vt 0.928972 0.181634
vt 0.925327 0.205075
vt 0.855194 0.171266
vt 0.278461 0.134002
vt 0.286395 0.152418
vt 0.457696 0.653860
vt 0.431267 0.655011
vt 0.460497 0.702111
vt 0.951529 0.889846
vt 0.965516 0.889934
vt 0.965516 0.872790
vt 0.519975 0.020280
vt 0.522201 0.048733
vt 0.535329 0.050914
vt 0.891016 0.035277
vt 0.911704 0.025319
vt 0.747689 0.103210
vt 0.709997 0.069402
vt 0.706897 0.105755
vt 0.834412 0.466449
vt 0.415761 0.672076
vt 0.438050 0.679094
vt 0.817595 0.036334
vt 0.817595 0.010663
vt 0.803560 0.015651
vt 0.900381 0.004139
vt 0.891016 0.017168
vt 0.900381 0.025319
vt 0.286395 0.092856
vt 0.262793 0.106330
vt 0.572628 0.010619
vt 0.569760 0.026857
vt 0.989730 0.586163
vt 0.278348 0.009841
vt 0.265988 0.017047
vt 0.278348 0.032621
vt 0.720772 0.954762
vt 0.752298 0.941293
vt 0.736623 0.926866
vt 0.735849 0.972211
vt 0.749093 0.970810
vt 0.891016 0.148578
vt 0.889509 0.099082
vt 0.868905 0.091518
vt 0.924259 0.039176
vt 0.930397 0.054932
vt 0.930397 0.029140
vt 0.243930 0.306377
vt 0.263645 0.319022
vt 0.768149 0.986585
vt 0.766671 0.957616
vt 0.735823 0.987958
vt 0.716596 0.984054
vt 0.715505 0.960252
vt 0.461278 0.809943
vt 0.466325 0.791026
vt 0.450758 0.809340
vt 0.224747 0.222278
vt 0.954298 0.397645
vt 0.967877 0.369360
vt 0.962073 0.346490
vt 0.971997 0.394451
vt 0.981268 0.023833
vt 0.981268 0.004318
vt 0.974229 0.005597
vt 0.875421 0.562367
vt 0.892215 0.569479
vt 0.910074 0.528352
vt 0.547518 0.838442
vt 0.570200 0.788505
vt 0.554522 0.773885
vt 0.616251 0.767402
vt 0.601578 0.754598
vt 0.611931 0.770853
vt 0.572864 0.738782
vt 0.592730 0.761854
vt 0.574183 0.719157
vt 0.216608 0.007822
vt 0.210725 0.021434
vt 0.216608 0.039631
vt 0.639105 0.776656
vt 0.604748 0.747977
vt 0.555869 0.716224
vt 0.565591 0.695873
vt 0.861539 0.011153
vt 0.849154 0.015930
vt 0.861539 0.027793
vt 0.558798 0.739204
vt 0.563966 0.719760
vt 0.986606 0.840010
vt 0.390216 0.037606
vt 0.376577 0.047212
vt 0.685697 0.017359
vt 0.668171 0.017359
vt 0.672132 0.038835
vt 0.549903 0.700155
vt 0.530533 0.694315
vt 0.544536 0.725490
vt 0.544483 0.671595
vt 0.541875 0.742218
vt 0.538698 0.747468
vt 0.559126 0.746585
vt 0.768281 0.314417
vt 0.767769 0.272259
vt 0.736456 0.260526
vt 0.376851 0.065938
vt 0.548888 0.759646
vt 0.515068 0.744474
vt 0.910074 0.587462
vt 0.909985 0.571295
vt 0.518418 0.732131
vt 0.651201 0.023312
vt 0.649610 0.054753
vt 0.660562 0.020327
vt 0.516175 0.084461
vt 0.752534 0.087955
vt 0.728179 0.064329
vt 0.660562 0.061393
vt 0.444655 0.082378
vt 0.654480 0.004903
vt 0.718019 0.291495
vt 0.888435 0.357840
vt 0.896837 0.349477
vt 0.923459 0.347904
vt 0.914752 0.391498
vt 0.873191 0.515212
vt 0.741012 0.201343
vt 0.719368 0.168963
vt 0.713180 0.219987
vt 0.900037 0.340401
vt 0.915036 0.386951
vt 0.225784 0.281711
vt 0.052285 0.088135
vt 0.036141 0.098339
vt 0.607250 0.040313
vt 0.619156 0.048258
vt 0.624061 0.025247
vt 0.729270 0.820909
vt 0.737041 0.831721
vt 0.633012 0.048258
vt 0.777717 0.246151
vt 0.765184 0.219987
vt 0.604097 0.025247
vt 0.035244 0.122116
vt 0.777792 0.876954
vt 0.773844 0.861784
vt 0.759733 0.889907
vt 0.949896 0.264370
vt 0.947449 0.273181
vt 0.967473 0.275908
vt 0.286395 0.007798
vt 0.289545 0.025245
vt 0.296242 0.007798
vt 0.973853 0.254376
vt 0.195148 0.013465
vt 0.194664 0.023879
vt 0.210725 0.018193
vt 0.329386 0.544837
vt 0.349598 0.538680
vt 0.912351 0.554478
vt 0.928471 0.563569
vt 0.923729 0.551592
vt 0.952369 0.298700
vt 0.963811 0.319292
vt 0.973403 0.321279
vt 0.556881 0.641995
vt 0.571502 0.614016
vt 0.551735 0.590584
vt 0.225784 0.834183
vt 0.225784 0.795517
vt 0.130710 0.870703
vt 0.958821 0.286858
vt 0.386289 0.369805
vt 0.129878 0.937816
vt 0.098794 0.870765
vt 0.103859 0.926534
vt 0.539399 0.654199
vt 0.515746 0.682319
vt 0.467050 0.736016
vt 0.651699 0.552433
vt 0.655102 0.540997
vt 0.566399 0.662311
vt 0.216268 0.896921
vt 0.221290 0.864967
vt 0.504104 0.965258
vt 0.517448 0.966929
vt 0.519091 0.952377
vt 0.553198 0.023401
vt 0.561391 0.010664
vt 0.551310 0.010664
vt 0.567769 0.641877
vt 0.858444 0.557234
vt 0.851514 0.592862
vt 0.858143 0.584324
vt 0.813063 0.082883
vt 0.825098 0.068309
vt 0.803560 0.061314
vt 0.993432 0.936817
vt 0.985078 0.922210
vt 0.985609 0.945268
vt 0.215554 0.075098
vt 0.215554 0.039631
vt 0.194664 0.073484
vt 0.136227 0.023633
vt 0.142228 0.051250
vt 0.156061 0.023633
vt 0.038033 0.030189
vt 0.043000 0.055953
vt 0.051970 0.066169
vt 0.017516 0.029033
vt 0.000000 0.058344
vt 0.015507 0.052777
vt 0.034837 0.081404
vt 0.042592 0.085713
vt 0.656007 0.522740
vt 0.949194 0.929816
vt 0.943979 0.948186
vt 0.951529 0.957125
vt 0.388951 0.178228
vt 0.970660 0.736325
vt 0.965195 0.720178
vt 0.946427 0.745738
vt 0.179365 0.694715
vt 0.177781 0.673241
vt 0.171589 0.713688
vt 0.221968 0.759225
vt 0.163773 0.759304
vt 0.129476 0.816375
vt 0.155859 0.776115
vt 0.706819 0.068304
vt 0.706819 0.024393
vt 0.704238 0.051197
vt 0.175263 0.596764
vt 0.186465 0.570269
vt 0.149484 0.650744
vt 0.302344 0.072156
vt 0.292392 0.055912
vt 0.294436 0.077370
vt 0.210586 0.673727
vt 0.883111 0.029804
vt 0.889738 0.023850
vt 0.883593 0.013271
vt 0.928471 0.528352
vt 0.918492 0.529956
vt 0.915475 0.540258
vt 0.138537 0.699128
vt 0.168284 0.736688
vt 0.068874 0.080491
vt 0.081903 0.089353
vt 0.081903 0.051727
vt 0.132669 0.756053
vt 0.158768 0.763779
vt 0.942503 0.975812
vt 0.817595 0.034145
vt 0.824387 0.036334
vt 0.824387 0.007428
vt 0.945992 0.872058
vt 0.942758 0.892721
vt 0.947963 0.893055
vt 0.184461 0.648428
vt 0.079576 0.757987
vt 0.945474 0.299930
vt 0.188687 0.615261
vt 0.165115 0.637605
vt 0.190426 0.630390
vt 0.189174 0.646432
vt 0.202040 0.612978
vt 0.884008 0.047313
vt 0.889738 0.064662
vt 0.299948 0.056468
vt 0.302344 0.025245
vt 0.286395 0.048451
vt 0.884705 0.081863
vt 0.209877 0.719814
vt 0.164324 0.635692
vt 0.208983 0.727302
vt 0.213252 0.691658
vt 0.391546 0.335032
vt 0.382777 0.336840
vt 0.395724 0.338487
vt 0.384899 0.310992
vt 0.986536 0.023833
vt 0.986536 0.001493
vt 0.981268 0.008326
vt 0.946427 0.793592
vt 0.941486 0.786560
vt 0.935485 0.794601
vt 0.937532 0.852504
vt 0.945411 0.836063
vt 0.939713 0.830863
vt 0.921666 0.571122
vt 0.910074 0.559351
vt 0.195149 0.612777
vt 0.946427 0.872058
vt 0.944773 0.859823
vt 0.938392 0.866389
vt 0.182495 0.579720
vt 0.594606 0.028999
vt 0.594606 0.003419
vt 0.585352 0.019739
vt 0.929133 0.859703
vt 0.397943 0.210094
vt 0.398865 0.228591
vt 0.330733 0.024333
vt 0.330733 0.003059
vt 0.327537 0.013435
vt 0.937756 0.806320
vt 0.944480 0.818134
vt 0.928542 0.839698
vt 0.931731 0.825865
vt 0.937010 0.840478
vt 0.017006 0.029033
vt 0.017006 0.007131
vt 0.012893 0.017511
vt 0.938180 0.716494
vt 0.944129 0.718337
vt 0.391579 0.317236
vt 0.386372 0.291845
vt 0.937718 0.732099
vt 0.216235 0.721363
vt 0.381003 0.301131
vt 0.218629 0.710535
vt 0.219386 0.731671
vt 0.937089 0.777218
vt 0.954392 0.139802
vt 0.944889 0.149118
vt 0.954197 0.166248
vt 0.145995 0.670461
vt 0.940272 0.133056
vt 0.958924 0.116608
vt 0.416436 0.231408
vt 0.420005 0.210800
vt 0.408360 0.041067
vt 0.415058 0.017852
vt 0.408172 0.030926
vt 0.415058 0.067774
vt 0.415314 0.274150
vt 0.400920 0.052455
vt 0.452510 0.757080
vt 0.435844 0.788216
vt 0.454937 0.766869
vt 0.902219 0.295169
vt 0.895026 0.254684
vt 0.890462 0.293830
vt 0.689805 0.276392
vt 0.696516 0.292342
vt 0.691751 0.268409
vt 0.683469 0.249309
vt 0.692368 0.321895
vt 0.677990 0.247157
vt 0.655462 0.208800
vt 0.668878 0.258442
vt 0.881151 0.055182
vt 0.867122 0.059405
vt 0.883111 0.081863
vt 0.428879 0.264349
vt 0.923122 0.219778
vt 0.954575 0.603253
vt 0.952413 0.592215
vt 0.942007 0.605534
vt 0.982509 0.915892
vt 0.463354 0.835312
vt 0.450459 0.819697
vt 0.332934 0.168686
vt 0.287293 0.184038
vt 0.295334 0.196570
vt 0.444322 0.798813
vt 0.398238 0.811835
vt 0.922516 0.634287
vt 0.928542 0.611223
vt 0.882564 0.651547
vt 0.997324 0.254376
vt 0.992599 0.235555
vt 0.986246 0.242490
vt 0.447739 0.843618
vt 0.439842 0.877983
vt 0.456778 0.865132
vt 0.987525 0.155055
vt 0.994758 0.166248
vt 0.994758 0.127784
vt 0.422125 0.852789
vt 0.985647 0.872058
vt 0.994510 0.872019
vt 0.467050 0.772920
vt 0.451293 0.844963
vt 0.338832 0.024482
vt 0.331578 0.053949
vt 0.337791 0.053016
vt 0.978265 0.887934
vt 0.971413 0.897916
vt 0.423747 0.885092
vt 0.437771 0.904633
vt 0.998292 0.805627
vt 0.994011 0.794623
vt 0.995933 0.819128
vt 0.998292 0.777749
vt 0.843026 0.845443
vt 0.420880 0.731207
vt 0.437397 0.714093
vt 0.183192 0.010150
vt 0.170254 0.033642
vt 0.183192 0.044104
vt 0.778398 0.904307
vt 0.748405 0.905995
vt 0.275923 0.205845
vt 0.289678 0.206954
vt 0.282288 0.194287
vt 0.602437 0.616738
vt 0.241261 0.021063
vt 0.993324 0.438593
vt 0.982751 0.459627
vt 0.994129 0.459191
vt 0.979548 0.656122
vt 0.972345 0.643257
vt 0.873435 0.583213
vt 0.266538 0.807980
vt 0.251189 0.839415
vt 0.963998 0.759813
vt 0.279141 0.227823
vt 0.270666 0.217773
vt 0.997226 0.438441
vt 0.997226 0.409332
vt 0.986313 0.424156
vt 0.464914 0.427364
vt 0.243732 0.066546
vt 0.263960 0.075632
vt 0.263960 0.040388
vt 0.999766 0.001887
vt 0.994597 0.011433
vt 0.999766 0.027791
vt 0.910734 0.324839
vt 0.988282 0.819128
vt 0.699227 0.513002
vt 0.446809 0.732425
vt 0.466777 0.118628
vt 0.465847 0.096339
vt 0.457834 0.119066
vt 0.477972 0.080020
vt 0.484412 0.101004
vt 0.993879 0.975869
vt 0.986259 0.964094
vt 0.984907 0.995584
vt 0.876543 0.166248
vt 0.855802 0.135635
vt 0.621035 0.015609
vt 0.623812 0.025247
vt 0.623812 0.004319
vt 0.890462 0.318673
vt 0.004895 0.083007
vt 0.017516 0.088135
vt 0.656409 0.573018
vt 0.921037 0.456314
vt 0.908975 0.496508
vt 0.923459 0.492100
vt 0.952463 0.692522
vt 0.956299 0.705964
vt 0.972137 0.716169
vt 0.491692 0.111314
vt 0.500640 0.108610
vt 0.773186 0.935239
vt 0.764279 0.923097
vt 0.359306 0.703186
vt 0.358431 0.695737
vt 0.941052 0.535158
vt 0.933707 0.556255
vt 0.954575 0.535514
vt 0.194664 0.075098
vt 0.194664 0.044104
vt 0.170254 0.054857
vt 0.987285 0.674749
vt 0.891016 0.087879
vt 0.669922 0.602636
vt 0.643380 0.473857
vt 0.667364 0.466651
vt 0.336761 0.772771
vt 0.996878 0.223206
vt 0.318161 0.792927
vt 0.322118 0.849430
vt 0.299332 0.878853
vt 0.615964 0.643874
vt 0.706897 0.363998
vt 0.745963 0.443820
vt 0.758699 0.384208
vt 0.438548 0.094283
vt 0.453697 0.118345
vt 0.457324 0.091293
vt 0.142894 0.011505
vt 0.148338 0.023633
vt 0.153637 0.011505
vt 0.988985 0.716494
vt 0.261080 0.868519
vt 0.268703 0.894207
vt 0.490132 0.857853
vt 0.971413 0.969908
vt 0.951529 0.965266
vt 0.965009 1.000000
vt 0.241562 0.868116
vt 0.823314 0.340401
vt 0.413696 0.098870
vt 0.403813 0.091968
vt 0.395740 0.113515
vt 0.551488 0.048999
vt 0.569760 0.023401
vt 0.551310 0.023401
vt 0.834382 0.332476
vt 0.270226 0.776191
vt 0.274249 0.785787
vt 0.289127 0.780764
vt 0.266651 0.786551
vt 0.417543 0.067774
vt 0.993432 0.926769
vt 0.997692 0.945268
vt 0.997692 0.892255
vt 0.984779 0.720178
vt 0.970660 0.745289
vt 0.984779 0.761320
vt 0.390594 0.176833
vt 0.417543 0.178228
vt 0.975482 0.094239
vt 0.985477 0.074421
vt 0.974588 0.075007
vt 0.733404 0.046793
vt 0.722129 0.045168
vt 0.736526 0.064329
vt 0.938519 0.660439
vt 0.949487 0.666098
vt 0.952463 0.648952
vt 0.736526 0.016647
vt 0.652695 0.827963
vt 0.655100 0.798166
vt 0.637304 0.785238
vt 0.656426 0.789081
vt 0.612253 0.807381
vt 0.632767 0.828892
vt 0.458081 0.196858
vt 0.466777 0.189572
vt 0.612485 0.836153
vt 0.584290 0.819229
vt 0.575407 0.859118
vt 0.052753 0.319011
vt 0.005153 0.257543
vt 0.021388 0.309887
vt 0.648162 0.728817
vt 0.987395 0.094412
vt 0.974229 0.049694
vt 0.595560 0.880814
vt 0.608258 0.889589
vt 0.511311 0.787697
vt 0.792421 0.627257
vt 0.783597 0.604241
vt 0.778023 0.644023
vt 0.725222 0.063625
vt 0.762714 0.654278
vt 0.754102 0.632361
vt 0.777491 0.524258
vt 0.770331 0.528668
vt 0.791354 0.547253
vt 0.255257 0.039287
vt 0.255257 0.009464
vt 0.241261 0.020827
vt 0.924259 0.015411
vt 0.917876 0.008727
vt 0.735774 0.639989
vt 0.563237 0.872152
vt 0.466777 0.260141
vt 0.242870 0.040388
vt 0.606563 0.859254
vt 0.376577 0.121206
vt 0.984618 0.049254
vt 0.354209 0.000000
vt 0.348328 0.013997
vt 0.354209 0.024783
vt 0.987395 0.023833
vt 0.821181 0.734815
vt 0.446754 0.128569
vt 0.722129 0.018104
vt 0.706897 0.027823
vt 0.722129 0.042882
vt 0.770937 0.574962
vt 0.784991 0.572762
vt 0.792421 0.553932
vt 0.750853 0.551377
vt 0.718613 0.521884
vt 0.774451 0.528809
vt 0.576111 0.901906
vt 0.750111 0.165215
vt 0.348328 0.007540
vt 0.339332 0.009095
vt 0.348328 0.024783
vt 0.221761 0.101046
vt 0.224252 0.066847
vt 0.217396 0.059718
vt 0.525483 0.754139
vt 0.539428 0.757486
vt 0.782551 0.546903
vt 0.753700 0.508376
vt 0.714172 0.064329
vt 0.711416 0.044954
vt 0.735937 0.480854
vt 0.754188 0.507189
vt 0.352703 0.466071
vt 0.364967 0.466817
vt 0.366737 0.456696
vt 0.856161 0.089532
vt 0.714423 0.485530
vt 0.704139 0.520868
vt 0.723868 0.479684
vt 0.130821 0.240354
vt 0.570458 0.862045
vt 0.554638 0.952243
vt 0.985849 0.583149
vt 0.975265 0.615772
vt 0.985849 0.628983
vt 0.584242 0.080810
vt 0.584242 0.050229
vt 0.577705 0.059039
vt 0.974382 0.359848
vt 0.518819 0.828126
vt 0.187451 0.158480
vt 0.206307 0.156637
vt 0.920811 0.435257
vt 0.971059 0.583666
vt 0.241261 0.081601
vt 0.026380 0.029460
vt 0.711544 0.114782
vt 0.559142 0.872591
vt 0.194652 0.225097
vt 0.167305 0.209364
vt 0.755574 0.118914
vt 0.466777 0.165366
vt 0.911325 0.528352
vt 0.196277 0.257521
vt 0.974229 0.151870
vt 0.966866 0.166248
vt 0.179672 0.180224
vt 0.196277 0.207143
vt 0.339332 0.095818
vt 0.993962 0.543024
vt 0.993962 0.487112
vt 0.982751 0.519274
vt 0.983752 0.553367
vt 0.736526 0.040664
vt 0.752521 0.064329
vt 0.752521 0.025040
vt 0.224252 0.022595
vt 0.444655 0.020251
vt 0.514154 0.988517
vt 0.708695 0.148780
vt 0.928542 0.981257
vt 0.942749 0.985088
vt 0.982751 0.438441
vt 0.974316 0.500147
vt 0.981510 0.474887
vt 0.067866 0.949803
vt 0.057885 0.910414
vt 0.045178 0.904021
vt 0.601182 0.135776
vt 0.597330 0.104529
vt 0.586540 0.124092
vt 0.019567 0.431026
vt 0.018640 0.525497
vt 0.035020 0.503393
vt 0.729937 0.468092
vt 0.716550 0.461104
vt 0.155678 0.992284
vt 0.168216 0.985330
vt 0.132270 0.980875
vt 0.376205 0.146308
vt 0.109967 0.204565
vt 0.073263 0.197389
vt 0.096745 0.212067
vt 0.008141 0.771389
vt 0.033329 0.791420
vt 0.030303 0.763308
vt 0.996758 0.632501
vt 0.988985 0.632501
vt 0.994857 0.658622
vt 0.948110 0.391943
vt 0.953323 0.341841
vt 0.924773 0.359290
vt 0.074177 0.566223
vt 0.066815 0.611849
vt 0.072981 0.618630
vt 0.056471 0.693584
vt 0.006209 0.702681
vt 0.049811 0.714564
vt 0.053082 0.207333
vt 0.987395 0.078422
vt 0.989424 0.092250
vt 0.995735 0.094412
vt 0.923459 0.341841
vt 0.042858 0.577474
vt 0.042900 0.603928
vt 0.000000 0.127617
vt 0.964448 0.200798
vt 0.972751 0.220077
vt 0.973464 0.181331
vt 0.782246 0.513866
vt 0.366391 0.152418
vt 0.282156 0.081601
vt 0.282156 0.033296
vt 0.263960 0.061146
vt 0.109967 0.091500
vt 0.135845 0.166623
vt 0.162110 0.135330
vt 0.049462 0.426305
vt 0.023314 0.412360
vt 0.960535 0.233213
vt 0.091805 0.264321
vt 0.057845 0.249885
vt 0.066976 0.503854
vt 0.034501 0.532313
vt 0.058234 0.559670
vt 0.787888 0.370521
vt 0.798044 0.390196
vt 0.811940 0.362916
vt 0.982587 0.498910
vt 0.721887 0.451184
vt 0.052461 0.443429
vt 0.042012 0.496415
vt 0.088367 0.918228
vt 0.080240 0.907267
vt 0.082257 0.929235
vt 0.070253 0.841192
vt 0.005225 0.823272
vt 0.584242 0.008652
vt 0.581545 0.022683
vt 0.191141 1.000000
vt 0.095980 0.249711
vt 0.971997 0.411248
vt 0.029195 0.580319
vt 0.010381 0.574075
vt 0.003291 0.584504
vt 0.286395 0.029772
vt 0.286395 0.001906
vt 0.279901 0.014817
vt 0.390501 0.431800
vt 0.397223 0.440845
vt 0.399536 0.427364
vt 0.068515 0.577289
vt 0.405693 0.441628
vt 0.396824 0.453348
vt 0.945474 0.192933
vt 0.948096 0.169085
vt 0.714178 0.467314
vt 0.703619 0.470335
vt 0.395031 0.024440
vt 0.400791 0.037606
vt 0.400791 0.009300
vt 0.533097 0.978202
vt 0.145695 0.974509
vt 0.127975 0.972295
vt 0.551500 0.976968
vt 0.834397 0.557234
vt 0.842118 0.594056
vt 0.974165 0.547647
vt 0.585352 0.053135
vt 0.604097 0.082132
vt 0.604097 0.028999
vt 0.210725 0.039631
vt 0.594606 0.007697
vt 0.603276 0.028999
vt 0.603276 0.006104
vt 0.134586 0.329131
vt 0.034150 0.005802
vt 0.026727 0.008339
vt 0.034150 0.029460
vt 0.109967 0.240556
vt 0.008237 0.778104
vt 0.008333 0.784818
vt 0.977231 0.523053
vt 0.033376 0.192247
vt 0.038692 0.210430
vt 0.384308 0.448053
vt 0.971997 0.388624
vt 0.986313 0.438441
vt 0.986313 0.359917
vt 0.100737 0.331050
vt 0.080877 0.323640
vt 0.774244 0.491088
vt 0.995735 0.058628
vt 0.766221 0.464258
vt 0.750929 0.453661
vt 0.777717 0.358273
vt 0.614171 0.025247
vt 0.607348 0.009986
vt 0.604097 0.022917
vt 0.985646 0.779195
vt 0.982316 0.763362
vt 0.976860 0.796209
vt 0.685426 0.897634
vt 0.092752 0.950735
vt 0.016878 0.537894
vt 0.026730 0.563743
vt 0.982751 0.527699
vt 0.379502 0.491883
vt 0.363815 0.483873
vt 0.370237 0.506682
vt 0.385855 0.474423
vt 0.386689 0.434854
vt 0.536812 1.000000
vt 0.845951 0.340401
vt 0.821743 0.340401
vt 0.170254 0.091500
vt 0.192191 0.980737
vt 0.199295 0.960357
vt 0.006019 0.625175
vt 0.023255 0.632719
vt 0.527555 0.956541
vt 0.522472 0.979715
vt 0.046792 0.008520
vt 0.052028 0.030189
vt 0.052028 0.001146
vt 0.192320 0.987423
vt 0.459148 0.029567
vt 0.466892 0.038910
vt 0.466892 0.005321
vt 0.031479 0.628533
vt 0.995494 0.761320
vt 0.995494 0.727197
vt 0.984779 0.740722
vt 0.051970 0.088135
vt 0.961160 0.438441
vt 0.504035 0.986142
vt 0.456959 0.008983
vt 0.052284 0.192247
vt 0.350894 0.507538
vt 0.010121 0.649899
vt 0.016632 0.679890
vt 0.347927 0.518771
vt 0.193253 0.087307
vt 0.457959 0.165366
vt 0.940552 0.208915
vt 0.761344 0.219987
vt 0.773893 0.202514
vt 0.296242 0.017088
vt 0.302344 0.025245
vt 0.302344 0.001209
vt 0.062527 0.701562
vt 0.434733 0.538637
vt 0.439384 0.525170
vt 0.444682 0.543846
vt 0.404805 0.517175
vt 0.849154 0.073724
vt 0.858652 0.081863
vt 0.867122 0.078941
vt 0.046060 0.502310
vt 0.421347 0.507166
vt 0.393452 0.498218
vt 0.409768 0.511868
vt 0.430185 0.520261
vt 0.361340 0.531215
vt 0.413011 0.483571
vt 0.424619 0.474193
vt 0.419462 0.465084
vt 0.814633 0.348809
vt 0.207509 0.909038
vt 0.431451 0.498377
vt 0.210984 0.933609
vt 0.859813 1.000000
vt 0.186351 0.989838
vt 0.965516 0.875189
vt 0.966368 0.889934
vt 0.971299 0.875189
vt 0.945474 0.182492
vt 0.978460 0.543024
vt 0.809875 0.403521
vt 0.426658 0.478763
vt 0.150177 0.488420
vt 0.103588 0.448903
vt 0.874421 0.340587
vt 0.875421 0.381915
vt 0.551838 0.999983
vt 0.973853 0.340401
vt 0.344311 0.619688
vt 0.374225 0.598818
vt 0.361648 0.669002
vt 0.883111 0.023175
vt 0.987525 0.116705
vt 0.983399 0.120799
vt 0.984735 0.145685
vt 0.898638 0.302848
vt 0.984455 0.876578
vt 0.873435 0.576096
vt 0.874827 0.583213
vt 0.874827 0.566065
vt 0.427198 0.250558
vt 0.428106 0.178228
vt 0.422542 0.111977
vt 0.423602 0.126960
vt 0.225301 0.282067
vt 0.224747 0.304142
vt 0.225301 0.331050
vt 0.997050 0.658622
vt 0.988985 0.674890
vt 0.997050 0.686946
vt 0.483293 0.014329
vt 0.467050 0.025736
vt 0.483293 0.039612
vt 0.399468 0.714553
vt 0.399678 0.729235
vt 0.782513 0.808777
vt 0.726359 0.849558
vt 0.935601 0.586779
vt 0.949505 0.582145
vt 0.758160 0.877353
vt 0.970660 0.767410
vt 0.955612 0.776408
vt 0.967223 0.782066
vt 0.112698 0.029955
vt 0.243213 0.886219
vt 0.997324 0.223206
vt 0.747167 0.010328
vt 0.736526 0.017456
vt 0.747167 0.025040
vt 0.804898 0.547920
vt 0.814282 0.557234
vt 0.929445 0.010575
vt 0.279973 0.081601
vt 0.693219 0.068304
vt 0.693219 0.038835
vt 0.668171 0.050207
vt 0.600913 0.607054
vt 0.574465 0.590951
vt 0.964411 0.716494
vt 0.925150 0.686573
vt 0.918012 0.644050
vt 0.800020 0.527573
vt 0.995854 0.841381
vt 0.994510 0.866024
vt 0.999601 0.851848
vt 0.991556 0.945268
vt 0.996963 0.127784
vt 0.996963 0.101603
vt 0.987525 0.105697
vt 0.793821 0.943826
vt 0.803764 0.885820
vt 0.962765 0.636281
vt 0.953377 0.656426
vt 0.081277 0.041729
vt 0.069994 0.017652
vt 0.075047 0.051727
vt 0.886654 0.252703
vt 0.863791 0.293274
vt 0.813584 0.856806
vt 0.793030 0.865486
vt 0.948842 0.568745
vt 0.260930 0.860384
vt 0.128677 0.072356
vt 0.109967 0.074426
vt 0.136227 0.091500
vt 0.103441 0.047568
vt 0.097300 0.037978
vt 0.115891 0.063650
vt 0.586206 0.533229
vt 0.561046 0.557832
vt 0.569004 0.558597
vt 0.790044 0.876300
vt 0.863186 0.263706
vt 0.277755 0.118362
vt 0.861731 0.242050
vt 0.843400 0.081863
vt 0.019133 0.029460
vt 0.026727 0.002987
vt 0.017516 0.002987
vt 0.481663 0.736152
vt 0.711667 0.845190
vt 0.828795 0.566590
vt 0.805670 0.570304
vt 0.012893 0.010570
vt 0.000000 0.025835
vt 0.012893 0.029033
vt 0.824464 0.885444
vt 0.757346 1.000000
vt 0.838401 0.870270
vt 0.827018 0.187730
vt 0.953040 0.683260
vt 0.528000 0.600007
vt 0.093954 0.037978
vt 0.093954 0.006966
vt 0.081903 0.019168
vt 0.755574 0.065051
vt 0.056701 0.037421
vt 0.069994 0.051727
vt 0.069994 0.022261
vt 0.985849 0.565842
vt 0.996971 0.586163
vt 0.996971 0.554979
vt 0.369483 0.529120
vt 0.948710 0.556970
vt 0.928542 0.565545
vt 0.660562 0.016196
vt 0.666726 0.023750
vt 0.666726 0.001547
vt 0.720962 0.451184
vt 0.178730 0.074476
vt 0.580594 0.565399
vt 0.081277 0.009007
vt 0.718435 0.445962
vt 0.979548 0.695574
vt 0.511862 0.611439
vt 0.830729 0.630534
vt 0.993879 1.000000
vt 0.797156 0.853467
vt 0.033426 0.185503
vt 0.052285 0.020421
vt 0.235556 0.881103
vt 0.994129 0.487112
vt 0.437246 0.088192
vt 0.825098 0.040950
vt 0.802180 0.637933
vt 0.213654 0.328541
vt 0.694370 0.068304
vt 0.535329 0.025272
vt 0.263960 0.033296
vt 0.170254 0.102373
vt 0.704238 0.067494
vt 0.955732 0.056529
vt 0.948376 0.076745
vt 0.957345 0.077142
vt 0.334811 0.016440
vt 0.944652 0.042826
vt 0.906736 0.308289
vt 0.413918 0.853368
vt 0.860057 0.423708
vt 0.831259 0.437826
vt 0.417543 0.038362
vt 0.425236 0.087634
vt 0.427845 0.056772
vt 0.855983 0.067287
vt 0.956782 0.850038
vt 0.946427 0.831698
vt 0.950950 0.872058
vt 0.948763 0.819455
vt 0.959350 0.824044
vt 0.297199 0.747102
vt 0.914372 0.571384
vt 0.920363 0.594062
vt 0.362072 0.613868
vt 0.366473 0.619851
vt 0.367862 0.609083
vt 0.164103 0.176929
vt 0.951529 0.996572
vt 0.942750 1.000000
vt 0.806587 0.165076
vt 0.812681 0.131201
vt 0.802168 0.150529
vt 0.052285 0.057936
vt 0.270366 0.918140
vt 0.445752 0.230357
vt 0.440104 0.225698
vt 0.430304 0.261838
vt 0.080220 0.432360
vt 0.427845 0.016546
vt 0.418427 0.017071
vt 0.971141 0.850287
vt 0.054498 0.396734
vt 0.786688 0.148512
vt 0.782966 0.163787
vt 0.938599 0.182492
vt 0.941913 0.169876
vt 0.929353 0.169876
vt 0.946801 0.796088
vt 0.951907 0.782066
vt 0.850069 0.443820
vt 0.344284 0.827845
vt 0.367362 0.814302
vt 0.126943 0.180225
vt 0.852422 0.051638
vt 0.573373 0.136184
vt 0.585352 0.080810
vt 0.537391 0.080810
vt 0.831399 0.166196
vt 0.831399 0.082882
vt 0.173420 0.510500
vt 0.070297 0.053602
vt 0.002844 0.666863
vt 0.006282 0.646439
vt 0.400121 0.611089
vt 0.398544 0.616394
vt 0.402748 0.613282
vt 0.774065 0.062943
vt 0.777086 0.074392
vt 0.776975 0.061476
vt 0.774880 0.078114
vt 0.777501 0.083523
vt 0.392733 0.611831
vt 0.392382 0.607816
vt 0.376532 0.602992
vt 0.383943 0.600032
vt 0.384406 0.596657
vt 0.327171 0.076469
vt 0.328831 0.064720
vt 0.325930 0.063197
vt 0.329528 0.047229
vt 0.328121 0.047996
vt 0.873435 0.520187
vt 0.874961 0.528506
vt 0.874961 0.516666
vt 0.324521 0.041333
vt 0.831320 0.574561
vt 0.832928 0.569483
vt 0.830729 0.562963
vt 0.777717 0.154532
vt 0.833985 0.579396
vt 0.832099 0.588754
vt 0.379852 0.637397
vt 0.379275 0.629553
vt 0.367900 0.625152
vt 0.871951 0.929873
vt 0.858310 0.926659
vt 0.395444 0.630604
vt 0.400618 0.635927
vt 0.401454 0.631707
vt 0.398334 0.645147
vt 0.403261 0.651032
vt 0.400129 0.643565
vt 0.989857 0.378229
vt 0.991356 0.381835
vt 0.994212 0.369211
vt 0.387074 0.693734
vt 0.153814 0.012515
vt 0.156061 0.023633
vt 0.156061 0.009572
vt 0.974022 0.536926
vt 0.971059 0.536966
vt 0.974022 0.547647
vt 0.406355 0.637696
vt 0.986313 0.391019
vt 0.988499 0.399766
vt 0.989806 0.395652
vt 0.401800 0.626803
vt 0.384653 0.622228
vt 0.990946 0.408887
vt 0.994212 0.409332
vt 0.942489 0.167713
vt 0.941913 0.177057
vt 0.944213 0.169581
vt 0.702018 0.451161
vt 0.703898 0.445303
vt 0.701551 0.444556
vt 0.708037 0.451184
vt 0.708037 0.446504
vt 0.379348 0.621768
vt 0.380808 0.629455
vt 0.645569 0.011870
vt 0.641823 0.018979
vt 0.645569 0.022530
vt 0.345768 0.788265
vt 0.643813 0.008809
vt 0.385328 0.631992
vt 0.222428 0.214129
vt 0.225087 0.221594
vt 0.225018 0.210564
vt 0.219954 0.222278
vt 0.831995 0.106855
vt 0.832302 0.121611
vt 0.834150 0.114971
vt 0.222583 0.202487
vt 0.224729 0.195756
vt 0.222356 0.193051
vt 0.833979 0.099639
vt 0.831603 0.091284
vt 0.403685 0.604868
vt 0.408361 0.599605
vt 0.403878 0.595705
vt 0.834150 0.083153
vt 0.225087 0.188413
vt 0.464914 0.288311
vt 0.466805 0.295647
vt 0.466805 0.279586
vt 0.222058 0.183009
vt 0.404832 0.621556
vt 0.393601 0.601498
vt 0.388139 0.606319
vt 0.706897 0.136184
vt 0.706897 0.125483
vt 0.705306 0.130485
vt 0.873435 0.531146
vt 0.875197 0.539288
vt 0.875197 0.528506
vt 0.388534 0.594803
vt 0.322017 0.077370
vt 0.322328 0.072358
vt 0.370739 0.608820
vt 0.374598 0.599196
vt 0.362603 0.606938
vt 0.362550 0.624471
vt 0.321903 0.033139
vt 0.317874 0.031761
vt 0.316229 0.024333
vt 0.834161 0.595349
vt 0.365941 0.632410
vt 0.360686 0.632364
vt 0.929272 0.167766
vt 0.925327 0.170377
vt 0.929272 0.179511
vt 0.831609 0.597634
vt 0.833533 0.604023
vt 0.358837 0.803067
vt 0.358136 0.642704
vt 0.364816 0.639929
vt 0.359820 0.640092
vt 0.363875 0.647249
vt 0.385452 0.606543
vt 0.386136 0.611244
vt 0.390367 0.613989
vt 0.726079 0.446377
vt 0.724467 0.449434
vt 0.726079 0.451184
vt 0.375788 0.610924
vt 0.378869 0.611445
vt 0.379952 0.607457
vt 0.388378 0.620179
vt 0.383135 0.613377
vt 0.380054 0.618459
vt 0.386361 0.606843
vt 0.381880 0.604257
vt 0.649260 0.013259
vt 0.645569 0.014411
vt 0.649260 0.022530
vt 0.869763 0.587627
vt 0.867322 0.592251
vt 0.873491 0.594056
vt 0.873491 0.583686
vt 0.648203 0.008772
vt 0.435429 0.605063
vt 0.406355 0.642177
vt 0.385711 0.635820
vt 0.406804 0.630517
vt 0.806309 0.563878
vt 0.808707 0.565707
vt 0.808707 0.557646
vt 0.944213 0.182492
vt 0.398129 0.625302
vt 0.387173 0.626594
vt 0.386072 0.619373
vt 0.367359 0.616484
vt 0.360793 0.623104
vt 0.366254 0.639299
vt 0.410248 0.581429
vt 0.403659 0.579530
vt 0.218869 0.215407
vt 0.409552 0.594438
vt 0.403058 0.589931
vt 0.392321 0.599563
vt 0.402290 0.603632
vt 0.404856 0.584931
vt 0.409691 0.585859
vt 0.408867 0.608191
vt 0.401392 0.610384
vt 0.407235 0.613933
vt 0.777501 0.057613
vt 0.383326 0.592576
vt 0.392044 0.689667
vt 0.395652 0.690990
vt 0.397898 0.687093
vt 0.388040 0.695693
vt 0.387149 0.701555
vt 0.331578 0.024333
vt 0.382273 0.700312
vt 0.376072 0.703302
vt 0.834161 0.561257
vt 0.374353 0.699987
vt 0.362378 0.698766
vt 0.366425 0.702422
vt 0.364867 0.653664
vt 0.361748 0.608183
vt 0.927482 0.181634
vt 0.378311 0.711724
vt 0.384341 0.724228
vt 0.384762 0.705489
vt 0.996103 0.980455
vt 0.996228 0.988112
vt 0.997658 0.990494
vt 0.501052 0.009066
vt 0.498980 0.013996
vt 0.501211 0.022396
vt 0.874495 0.516666
vt 0.874495 0.500429
vt 0.873435 0.508173
vt 0.385189 0.716270
vt 0.388214 0.729623
vt 0.388812 0.715533
vt 0.993879 0.972159
vt 0.710670 0.451184
vt 0.711887 0.445785
vt 0.708037 0.445785
vt 0.511085 0.010391
vt 0.514571 0.015106
vt 0.515304 0.007867
vt 0.372627 0.743785
vt 0.376412 0.749199
vt 0.376960 0.744399
vt 0.874717 0.487282
vt 0.873435 0.490514
vt 0.874717 0.500429
vt 0.384521 0.731541
vt 0.384988 0.740872
vt 0.388548 0.738108
vt 0.388223 0.745175
vt 0.999405 1.000000
vt 0.994128 0.991060
vt 0.383994 0.744773
vt 0.830729 0.557268
vt 0.828978 0.560818
vt 0.830729 0.566590
vt 0.384107 0.748790
vt 0.811003 0.565707
vt 0.811003 0.557299
vt 0.808707 0.563008
vt 0.633507 0.019533
vt 0.637610 0.013413
vt 0.637264 0.008484
vt 0.515304 0.022757
vt 0.510833 0.019736
vt 0.225530 0.248754
vt 0.224747 0.259284
vt 0.225530 0.265586
vt 0.132312 0.023728
vt 0.136061 0.024812
vt 0.135777 0.012926
vt 0.136061 0.003409
vt 0.132007 0.004909
vt 0.996598 0.141350
vt 0.999524 0.138270
vt 0.994809 0.134140
vt 0.282336 0.032918
vt 0.286395 0.035723
vt 0.286236 0.029772
vt 0.283930 0.045087
vt 0.776909 0.109404
vt 0.774931 0.120802
vt 0.777501 0.119631
vt 0.998415 0.479724
vt 0.997612 0.464107
vt 0.995229 0.477087
vt 0.774394 0.107446
vt 0.998415 0.446559
vt 0.994943 0.453018
vt 0.774607 0.094836
vt 0.777423 0.092612
vt 0.774518 0.085495
vt 0.428106 0.091304
vt 0.421209 0.095772
vt 0.424414 0.097193
vt 0.994129 0.460418
vt 0.994368 0.468058
vt 0.777027 0.130572
vt 0.994404 0.487112
vt 0.814496 0.561927
vt 0.816260 0.566468
vt 0.816260 0.558376
vt 0.132159 0.029955
vt 0.131850 0.013460
vt 0.282213 0.049740
vt 0.285656 0.061986
vt 0.776839 0.100745
vt 0.417543 0.101407
vt 0.420900 0.102892
vt 0.874788 0.487282
vt 0.874788 0.477306
vt 0.873435 0.483159
vt 0.987407 0.727197
vt 0.987407 0.716897
vt 0.984779 0.720979
vt 0.999060 0.376901
vt 0.994212 0.378781
vt 0.996651 0.383423
vt 0.401184 0.691056
vt 0.397147 0.698165
vt 0.400442 0.701253
vt 0.831668 0.068762
vt 0.829411 0.066122
vt 0.830294 0.079285
vt 0.398369 0.722777
vt 0.395489 0.731948
vt 0.396303 0.710145
vt 0.999060 0.401587
vt 0.997148 0.394513
vt 0.997406 0.409332
vt 0.998957 0.392028
vt 0.998072 0.741263
vt 0.995494 0.740548
vt 0.998593 0.750191
vt 0.394011 0.743554
vt 0.397892 0.738965
vt 0.420464 0.129845
vt 0.419089 0.124371
vt 0.420623 0.118082
vt 0.998593 0.735046
vt 0.996718 0.730552
vt 0.418539 0.109935
vt 0.825098 0.021381
vt 0.828702 0.022195
vt 0.832957 0.017922
vt 0.358851 0.696846
vt 0.372847 0.705059
vt 0.814496 0.557484
vt 0.812852 0.563839
vt 0.814496 0.566468
vt 0.426698 0.087634
vt 0.395260 0.757725
vt 0.380090 0.756827
vt 0.404361 0.772972
vt 0.385635 0.755105
vt 0.284631 0.079057
vt 0.286395 0.081601
vt 0.284158 0.065596
vt 0.369430 0.753789
vt 0.362779 0.748580
vt 0.371004 0.654208
vt 0.996492 0.156837
vt 0.999524 0.161009
vt 0.997725 0.150425
vt 0.994758 0.143153
vt 0.372973 0.716366
vt 0.375366 0.712331
vt 0.366839 0.718858
vt 0.714585 0.446965
vt 0.717213 0.451184
vt 0.717213 0.445062
vt 0.362089 0.718567
vt 0.365190 0.727233
vt 0.465481 0.356735
vt 0.466578 0.365628
vt 0.466802 0.351292
vt 0.464914 0.369882
vt 0.362328 0.744973
vt 0.168319 0.091500
vt 0.170174 0.090620
vt 0.165022 0.083414
vt 0.811003 0.557438
vt 0.812852 0.566468
vt 0.812852 0.557299
vt 0.374482 0.751219
vt 0.376595 0.753895
vt 0.385780 0.752345
vt 0.395589 0.752394
vt 0.827584 0.030412
vt 0.829059 0.031425
vt 0.397297 0.746879
vt 0.827927 0.043424
vt 0.829801 0.042410
vt 0.394972 0.720403
vt 0.170174 0.054522
vt 0.166990 0.061543
vt 0.168814 0.066322
vt 0.166273 0.073810
vt 0.498471 0.031068
vt 0.501211 0.032817
vt 0.875264 0.566065
vt 0.875264 0.554078
vt 0.873435 0.559545
vt 0.371915 0.689734
vt 0.381650 0.699393
vt 0.377449 0.681268
vt 0.370734 0.680226
vt 0.365678 0.690038
vt 0.371609 0.667434
vt 0.368553 0.667015
vt 0.500765 0.039612
vt 0.373707 0.659758
vt 0.367655 0.678829
vt 0.391246 0.699597
vt 0.395320 0.695313
vt 0.395113 0.708794
vt 0.830970 0.053376
vt 0.829246 0.054780
vt 0.389386 0.723224
vt 0.393979 0.733558
vt 0.393898 0.722948
vt 0.219196 0.148108
vt 0.221959 0.127957
vt 0.218725 0.135514
vt 0.996391 0.756385
vt 0.998362 0.761320
vt 0.392549 0.752140
vt 0.393434 0.743815
vt 0.399009 0.748608
vt 0.366665 0.745844
vt 0.873435 0.542626
vt 0.874850 0.554078
vt 0.874850 0.539288
vt 0.167364 0.080095
vt 0.365662 0.738125
vt 0.361664 0.731295
vt 0.367003 0.731921
vt 0.371408 0.722353
vt 0.366864 0.721702
vt 0.369817 0.712732
vt 0.370847 0.736358
vt 0.375030 0.751282
vt 0.828978 0.557342
vt 0.827543 0.563709
vt 0.828978 0.566590
vt 0.384665 0.714573
vt 0.999405 0.959946
vt 0.876078 0.009932
vt 0.867122 0.018244
vt 0.876078 0.023175
vt 0.637610 0.022530
vt 0.224747 0.273938
vt 0.225760 0.282067
vt 0.225760 0.265586
vt 0.375612 0.724604
vt 0.375241 0.739490
vt 0.366928 0.744074
vt 0.370162 0.742548
vt 0.999197 0.166248
vt 0.378660 0.666107
vt 0.774624 0.135139
vt 0.803118 0.565707
vt 0.803118 0.557528
vt 0.799525 0.557574
vt 0.365117 0.698030
vt 0.373757 0.699102
vt 0.353425 0.788701
vt 0.354956 0.789641
vt 0.373906 0.772515
vt 0.974107 0.006152
vt 0.969352 0.009248
vt 0.974107 0.051552
vt 0.401470 0.699972
vt 0.402674 0.686561
vt 0.832957 0.082883
vt 0.401220 0.708288
vt 0.466954 0.314217
vt 0.464914 0.328658
vt 0.466954 0.332881
vt 0.370681 0.854708
vt 0.372643 0.863847
vt 0.399957 0.734653
vt 0.374878 0.708322
vt 0.986655 0.269372
vt 0.990643 0.273603
vt 0.989169 0.265070
vt 0.990643 0.254769
vt 0.361115 0.724180
vt 0.169146 0.052213
vt 0.360687 0.736419
vt 0.466802 0.379839
vt 0.832524 0.014635
vt 0.378093 0.791729
vt 0.375183 0.794569
vt 0.373504 0.810174
vt 0.369035 0.789234
vt 0.372317 0.788920
vt 0.724467 0.444468
vt 0.722502 0.448653
vt 0.724467 0.451184
vt 0.806309 0.561005
vt 0.806309 0.558091
vt 0.803118 0.559856
vt 0.374565 0.838517
vt 0.374452 0.823658
vt 0.375551 0.790743
vt 0.377874 0.787599
vt 0.377445 0.785093
vt 0.373926 0.786175
vt 0.711887 0.446823
vt 0.714585 0.451184
vt 0.714585 0.444799
vt 0.382032 0.768360
vt 0.376971 0.763629
vt 0.372936 0.829584
vt 0.366560 0.846684
vt 0.371323 0.847710
vt 0.220620 0.118479
vt 0.225624 0.107296
vt 0.224534 0.101046
vt 0.373728 0.811820
vt 0.364175 0.773464
vt 0.834382 0.147961
vt 0.832165 0.147228
vt 0.833129 0.166196
vt 0.804057 0.565707
vt 0.799525 0.566590
vt 0.794382 0.560923
vt 0.792421 0.563366
vt 0.994510 0.820891
vt 0.997582 0.841381
vt 0.997582 0.819669
vt 0.704597 0.008960
vt 0.706819 0.024393
vt 0.706819 0.005006
vt 0.417543 0.035068
vt 0.415506 0.050898
vt 0.417543 0.067774
vt 0.876078 0.016713
vt 0.880980 0.006964
vt 0.877073 0.003007
vt 0.217396 0.151212
vt 0.223143 0.180018
vt 0.225624 0.180225
vt 0.348049 0.787907
vt 0.363505 0.773230
vt 0.834382 0.121611
vt 0.995735 0.076588
vt 0.998868 0.072002
vt 0.996668 0.064662
vt 0.351738 0.839511
vt 0.799525 0.557528
vt 0.368451 0.816646
vt 0.136227 0.056801
vt 0.140996 0.070722
vt 0.140554 0.051250
vt 0.831603 0.122500
vt 0.505909 0.002979
vt 0.501384 0.006453
vt 0.505909 0.022757
vt 0.415303 0.064263
vt 0.417543 0.031062
vt 0.417543 0.009616
vt 0.415155 0.025900
vt 0.145172 0.079284
vt 0.151534 0.085125
vt 0.157194 0.084644
vt 0.350529 0.880833
vt 0.360408 0.890935
vt 0.355465 0.880796
vt 0.351127 0.834333
vt 0.794643 0.031232
vt 0.798484 0.043372
vt 0.801841 0.043736
vt 0.801841 0.021045
vt 0.790238 0.028869
vt 0.377931 0.897742
vt 1.000000 0.641670
vt 0.998881 0.632372
vt 0.996758 0.652443
vt 0.660741 0.041150
vt 0.664069 0.039514
vt 0.660562 0.030317
vt 0.866825 0.017415
vt 0.866825 0.002196
vt 0.861539 0.013097
vt 0.380548 0.901357
vt 0.372747 0.917906
vt 0.378708 0.920906
vt 0.925296 0.911099
vt 0.383612 0.943067
vt 0.382900 0.958091
vt 0.419971 0.965316
vt 0.373124 0.958683
vt 0.999474 0.628675
vt 0.994194 0.613908
vt 0.996132 0.628983
vt 0.518401 0.022757
vt 0.518401 0.010654
vt 0.515304 0.011088
vt 0.415423 0.031062
vt 0.353660 0.828529
vt 0.366495 0.832854
vt 0.993121 0.693712
vt 0.997197 0.686946
vt 0.988985 0.688448
vt 0.752521 0.037372
vt 0.752747 0.061801
vt 0.755565 0.064329
vt 0.555689 0.538755
vt 0.991013 0.707985
vt 0.995565 0.705186
vt 0.107516 0.037978
vt 0.109742 0.026603
vt 0.105605 0.020791
vt 0.791072 0.007266
vt 0.794881 0.007061
vt 0.999474 0.602380
vt 0.996376 0.599099
vt 0.997108 0.610421
vt 1.000000 0.658622
vt 0.358332 0.917612
vt 0.364683 0.918887
vt 0.361020 0.894775
vt 0.373330 0.903222
vt 0.381490 0.950522
vt 0.379750 0.937059
vt 0.375758 0.953767
vt 0.997197 0.716494
vt 0.375121 0.903888
vt 0.362079 0.929527
vt 0.998868 0.094412
vt 0.995968 0.094159
vt 0.366708 0.956591
vt 0.402509 0.883093
vt 0.395753 0.893123
vt 0.225336 0.009341
vt 0.223176 0.020420
vt 0.225336 0.022595
vt 0.880980 0.023175
vt 0.359096 0.939567
vt 0.356623 0.929189
vt 0.365184 0.949629
vt 0.864928 0.027793
vt 0.666076 0.023750
vt 0.668064 0.026128
vt 0.406452 0.885556
vt 0.394964 0.896305
vt 0.755565 0.033292
vt 0.372006 0.916453
vt 0.467023 0.332881
vt 0.464914 0.349140
vt 0.467023 0.351292
vt 0.138074 0.077893
vt 0.466852 0.295647
vt 0.464914 0.298955
vt 0.466852 0.314217
vt 0.357008 0.915330
vt 0.109742 0.010886
vt 0.143035 0.067374
vt 0.144761 0.053912
vt 0.148048 0.089282
vt 0.164987 0.091500
vt 0.364930 0.844126
vt 0.998216 0.255259
vt 0.994921 0.256984
vt 0.995028 0.274731
vt 0.376970 0.929713
vt 0.797639 0.018877
vt 0.362266 0.975130
vt 0.223176 0.011875
vt 0.217396 0.018262
vt 0.223176 0.022595
vt 0.998216 0.282100
vt 0.382184 0.902956
vt 0.663290 0.061393
vt 0.668064 0.058748
vt 0.354392 0.929181
vt 0.318766 0.926756
vt 0.414550 0.873481
vt 0.398719 0.874560
vt 0.409530 0.908154
vt 0.374523 0.950491
vt 0.375157 0.939572
vt 0.363564 0.931035
vt 0.363483 0.944654
vt 0.364039 0.868832
vt 0.165022 0.082632
vt 0.383445 0.866065
vt 0.165022 0.063542
vt 0.380519 0.918597
vt 0.850177 0.888478
vt 0.856099 0.917650
vt 0.985647 0.771797
vt 0.988224 0.773424
vt 0.988224 0.761551
vt 0.322543 1.000000
vt 0.856068 0.719747
vt 0.516380 0.001936
vt 0.840157 0.872707
vt 0.096279 0.181427
vt 0.104168 0.163673
vt 0.076870 0.192247
vt 0.660182 0.711848
vt 0.197440 0.435111
vt 0.194908 0.465725
vt 0.212258 0.459130
vt 0.335627 0.087106
vt 0.330658 0.077370
vt 0.319451 0.116019
vt 0.999729 0.282100
vt 0.994921 0.302561
vt 0.999729 0.310060
vt 0.286395 0.152418
vt 0.158113 0.453365
vt 0.290401 0.077370
vt 0.104168 0.183706
vt 0.109336 0.192247
vt 0.109336 0.156593
vt 0.173143 0.424162
vt 0.134487 0.422918
vt 0.163968 0.454810
vt 0.991995 0.916881
vt 0.624108 0.490516
vt 0.650610 0.529114
vt 0.634146 0.514241
vt 0.777127 0.154432
vt 0.777501 0.135139
vt 0.773893 0.153531
vt 0.667642 0.502984
vt 0.971413 0.917879
vt 0.957519 0.912330
vt 0.956763 0.929057
vt 0.357926 0.957681
vt 0.838401 0.844281
vt 0.194012 0.035447
vt 0.183192 0.028991
vt 0.183666 0.044104
vt 0.842986 0.831935
vt 0.682604 0.237807
vt 0.664423 0.211886
vt 0.633824 0.166085
vt 0.564106 0.141385
vt 0.590980 0.136184
vt 0.659000 0.160105
vt 0.696607 0.188497
vt 0.840484 0.750996
vt 0.661393 0.635099
vt 0.931381 0.047947
vt 0.944652 0.077142
vt 0.944087 0.045376
vt 0.135805 0.063142
vt 0.906622 0.594572
vt 0.305118 0.152418
vt 0.944652 0.034437
vt 0.880142 0.623217
vt 0.136227 0.029955
vt 0.508527 0.213491
vt 0.527252 0.208492
vt 0.487647 0.201403
vt 0.502743 0.136314
vt 0.497636 0.167884
vt 0.529861 0.147642
vt 0.638807 0.473135
vt 0.325050 0.989909
vt 0.325056 0.961543
vt 0.306642 0.963998
vt 0.302568 0.885285
vt 0.689504 0.488991
vt 0.441827 0.171311
vt 0.433878 0.173592
vt 0.107394 0.003546
vt 0.931499 0.018568
vt 0.374166 0.221053
vt 0.364090 0.185221
vt 0.639004 0.293180
vt 0.583192 0.250685
vt 0.376577 0.267739
vt 0.476653 0.239153
vt 0.578019 0.339962
vt 0.650989 0.616303
vt 0.986246 0.170511
vt 0.973464 0.236971
vt 0.986246 0.254376
vt 0.467050 0.271800
vt 0.374523 0.311129
vt 0.371940 0.345772
vt 0.097127 0.428015
vt 0.096987 0.405896
vt 0.494823 0.373641
vt 0.571933 0.422221
vt 0.668171 0.095512
vt 0.668171 0.061393
vt 0.633507 0.086128
vt 0.110785 0.425507
vt 0.136219 0.407507
vt 0.637343 0.108012
vt 0.984907 1.000000
vt 0.984907 0.915892
vt 0.971413 0.958502
vt 0.159405 0.415348
vt 0.184707 0.412759
vt 0.330519 0.115947
vt 0.339332 0.127724
vt 0.680675 0.119724
vt 0.705267 0.136184
vt 0.701536 0.095044
vt 0.559851 0.443820
vt 0.534411 0.435552
vt 0.032692 0.235488
vt 0.694833 0.663759
vt 0.665985 0.119021
vt 0.640049 0.119833
vt 0.074477 0.415819
vt 0.000000 0.217518
vt 0.103677 0.051031
vt 0.109000 0.077713
vt 0.109000 0.041742
vt 0.804217 0.036334
vt 0.663235 0.344603
vt 0.646016 0.136184
vt 0.681631 0.697694
vt 0.107625 0.135629
vt 0.994011 0.773424
vt 0.985647 0.777063
vt 0.994011 0.819128
vt 0.954575 0.555981
vt 0.971059 0.628983
vt 0.971059 0.535158
vt 0.047609 0.331050
vt 0.340001 0.427364
vt 0.011460 0.336212
vt 0.376577 0.418563
vt 0.633145 0.048258
vt 0.608258 0.062277
vt 0.627670 0.062100
vt 0.706897 0.225066
vt 0.974229 0.155516
vt 0.839584 0.795677
vt 0.680344 0.288855
vt 0.682444 0.325156
vt 0.374471 0.997876
vt 0.450910 0.964807
vt 0.467050 0.918869
vt 0.706897 0.330285
vt 0.694908 0.346956
vt 0.205185 0.076709
vt 0.217396 0.075098
vt 0.692348 0.170490
vt 0.434078 0.088192
vt 0.428879 0.103841
vt 0.986313 0.351044
vt 0.997183 0.369211
vt 0.997183 0.341433
vt 0.991901 0.872152
vt 0.984907 0.880259
vt 0.991901 0.890157
vt 0.633145 0.079651
vt 0.900381 0.013625
vt 0.911000 0.025319
vt 0.911000 0.008908
vt 0.457324 0.135249
vt 0.703060 0.207025
vt 0.194012 0.005270
vt 0.698565 0.355899
vt 0.683013 0.315404
vt 0.682584 0.336668
vt 0.965273 0.051552
vt 0.969352 0.007614
vt 0.958924 0.007614
vt 0.435111 0.129203
vt 0.849154 0.015841
vt 0.834382 0.029977
vt 0.849154 0.081863
vt 0.974070 0.297376
vt 0.981419 0.340401
vt 0.983996 0.314599
vt 0.192181 0.428997
vt 0.206789 0.405305
vt 0.985453 0.094412
vt 0.621035 0.025247
vt 0.621035 0.001044
vt 0.614171 0.006636
vt 0.457312 0.159500
vt 0.987525 0.166248
vt 0.984175 0.292974
vt 0.986655 0.264564
vt 0.973853 0.264564
vt 0.551310 0.080810
vt 0.551310 0.019215
vt 0.537391 0.065948
vt 0.224742 0.393782
vt 0.681910 0.072985
vt 0.668171 0.089056
vt 0.705267 0.068304
vt 0.395031 0.017540
vt 0.376577 0.017540
vt 0.377464 0.037606
vt 0.957345 0.018093
vt 0.283923 0.941773
vt 0.312248 0.926633
vt 0.261924 0.926516
vt 0.251657 0.911117
vt 0.649610 0.022530
vt 0.637846 0.043280
vt 0.649610 0.061393
vt 0.080488 0.117476
vt 0.075402 0.136428
vt 0.203042 0.180225
vt 0.996081 0.174199
vt 0.999542 0.192475
vt 0.999542 0.168625
vt 0.996963 0.108673
vt 0.999520 0.127784
vt 0.999520 0.096468
vt 0.338832 0.077370
vt 0.891016 0.088683
vt 0.894424 0.107478
vt 0.911256 0.116563
vt 0.864319 0.045077
vt 0.867122 0.027794
vt 0.428879 0.193094
vt 0.914977 0.166248
vt 0.931381 0.152493
vt 0.923137 0.136937
vt 0.104168 0.090316
vt 0.078373 0.089353
vt 0.923253 0.128370
vt 0.918429 0.109368
vt 0.971141 0.786804
vt 0.926709 0.086470
vt 0.931381 0.054932
vt 0.052285 0.138139
vt 0.519975 0.022757
vt 0.501384 0.046441
vt 0.519975 0.050914
vt 0.633507 0.050816
vt 0.987395 0.035319
vt 0.996870 0.058628
vt 0.996870 0.027791
vt 0.838401 0.654278
vt 0.454758 0.620999
vt 0.922236 0.340401
vt 0.962805 0.889934
vt 0.207345 0.536546
vt 0.316229 0.017660
vt 0.302344 0.052024
vt 0.316229 0.077370
vt 0.005850 0.767192
vt 0.973442 0.401643
vt 0.777717 0.427006
vt 0.973464 0.254376
vt 0.062740 0.665698
vt 0.993432 0.890157
vt 0.984907 0.895960
vt 0.777501 0.219987
vt 0.662151 0.510857
vt 0.660463 0.496986
vt 0.646164 0.503072
vt 0.105605 0.037978
vt 0.105605 0.006384
vt 0.093954 0.029504
vt 0.640105 0.483295
vt 0.592217 0.568297
vt 0.637610 0.022402
vt 0.641823 0.022530
vt 0.641823 0.008965
vt 0.993962 0.505416
vt 0.998587 0.543024
vt 0.998587 0.500481
vt 0.999601 0.872058
vt 0.985849 0.544698
vt 0.988222 0.554979
vt 0.988222 0.543267
vt 0.996081 0.167257
vt 0.986246 0.188853
vt 0.996081 0.192475
vt 0.682770 0.488620
vt 0.858444 0.583505
vt 0.859274 0.594056
vt 0.867322 0.583505
vt 0.561391 0.015501
vt 0.569182 0.023401
vt 0.569182 0.009384
vt 0.777717 0.040091
vt 0.790238 0.043736
vt 0.790238 0.008758
vt 0.939919 0.391943
vt 0.214979 0.911503
vt 0.389461 0.427364
vt 0.439491 0.553637
vt 0.109000 0.090202
vt 0.104479 0.079385
vt 0.104168 0.103194
vt 0.444306 0.576420
vt 0.109000 0.135629
vt 0.108638 0.108205
vt 0.455184 0.581939
vt 0.446126 0.562954
vt 0.505909 0.017012
vt 0.510833 0.022757
vt 0.510833 0.008091
vt 0.447908 0.555330
vt 0.216360 0.902806
vt 0.442654 0.551127
vt 0.994921 0.273603
vt 0.986655 0.281883
vt 0.263167 0.040388
vt 0.263167 0.008638
vt 0.255257 0.017335
vt 0.837273 0.632289
vt 0.837911 0.604023
vt 0.830778 0.632011
vt 0.830729 0.644578
vt 0.464914 0.269821
vt 0.466797 0.279586
vt 0.466797 0.266126
vt 0.837911 0.654278
vt 0.108799 0.077713
vt 0.990306 0.310060
vt 0.087223 0.792281
vt 0.094348 0.816016
vt 0.080140 0.851822
vt 0.064032 0.820747
vt 0.620817 0.136184
vt 0.984304 0.810366
vt 0.971141 0.831174
vt 0.974522 0.845623
vt 0.035718 0.883617
vt 0.080663 0.775445
vt 0.063825 0.876143
vt 0.076990 0.873563
vt 0.081631 0.889302
vt 0.609258 0.106001
vt 0.928542 0.687380
vt 0.943186 0.716494
vt 0.952463 0.702696
vt 0.943912 0.684232
vt 0.585352 0.082132
vt 0.615961 0.098078
vt 0.613627 0.082132
vt 0.943946 0.628303
vt 0.008205 0.775866
vt 0.949721 0.605534
vt 0.061375 0.744650
vt 0.050907 0.733173
vt 0.045106 0.753693
vt 0.985646 0.872058
vt 0.055454 0.809018
vt 0.062999 0.786232
vt 0.574593 0.076351
vt 0.551310 0.048999
vt 0.555572 0.080810
vt 0.754726 0.025040
vt 0.754726 0.004587
vt 0.747167 0.006549
vt 0.000000 0.760619
vt 0.006746 0.716973
vt 0.109967 0.311266
vt 0.086878 0.301194
vt 0.360885 0.053141
vt 0.360885 0.024783
vt 0.339332 0.037687
vt 0.142894 0.003763
vt 0.136227 0.003763
vt 0.140401 0.023633
vt 0.022632 0.752295
vt 0.974317 0.497138
vt 0.955672 0.496346
vt 0.954298 0.514306
vt 0.633507 0.102247
vt 0.974317 0.528352
vt 0.962185 0.474728
vt 0.971532 0.438441
vt 0.053574 0.741307
vt 0.577705 0.048999
vt 0.034837 0.013656
vt 0.046792 0.030189
vt 0.046792 0.004393
vt 0.065476 0.895626
vt 0.614171 0.008691
vt 0.354209 0.019206
vt 0.360544 0.024783
vt 0.360544 0.002949
vt 0.466901 0.419588
vt 0.466901 0.425420
vt 0.466901 0.423476
vt 0.008269 0.780342
vt 0.466901 0.427364
s 1
usemtl Scene_-_Root
f 1/1/1 2/2/2 3/3/3
f 4/4/4 5/5/5 6/6/6
f 7/7/7 8/8/8 9/9/9
f 10/10/10 11/11/11 12/12/12
f 13/13/13 8/8/8 14/14/14
f 15/15/15 16/16/16 17/17/17
f 18/18/18 19/19/19 20/20/20
f 21/21/21 22/22/22 23/23/23
f 24/24/24 25/25/25 26/26/26
f 27/27/27 22/22/22 9/9/9
f 28/28/28 29/29/29 30/30/30
f 31/31/31 32/32/32 33/33/33
f 34/34/34 35/35/35 36/36/36
f 37/37/37 38/38/38 39/39/39
f 40/40/40 41/41/41 42/42/42
f 43/43/43 44/44/44 45/45/45
f 46/46/46 47/47/47 48/48/48
f 49/49/49 50/50/50 51/51/51
f 52/52/52 53/53/53 54/54/54
f 55/55/55 56/56/56 57/57/57
f 58/58/58 22/22/22 21/21/21
f 58/58/58 9/9/9 22/22/22
f 21/21/21 23/23/23 59/59/59
f 60/60/60 61/61/61 62/62/62
f 63/63/63 35/35/35 34/34/34
f 64/64/64 65/65/65 66/66/66
f 67/67/67 68/68/68 69/69/69
f 70/70/70 71/71/71 72/72/72
f 73/73/73 74/74/66 75/75/74
f 76/76/75 3/3/3 2/2/2
f 77/77/76 78/78/77 7/7/7
f 79/79/78 80/80/79 63/63/63
f 81/81/80 82/82/81 83/83/82
f 84/84/83 85/85/84 86/86/85
f 23/23/23 22/22/22 87/87/86
f 22/22/22 27/27/27 87/87/86
f 88/88/87 89/89/88 10/10/10
f 90/90/89 57/57/57 56/56/56
f 91/91/90 92/92/91 93/93/92
f 94/94/93 95/95/94 96/96/95
f 97/97/96 98/98/97 99/99/98
f 100/100/99 101/101/100 102/102/101
f 103/103/24 104/104/102 105/105/103
f 106/106/104 76/76/75 107/107/105
f 108/108/106 109/109/107 110/110/91
f 111/111/108 112/112/109 113/113/110
f 114/114/111 115/115/112 116/116/113
f 117/117/114 118/118/115 119/119/116
f 120/120/117 121/121/118 105/105/103
f 27/27/27 9/9/9 13/13/119
f 122/122/120 123/123/121 124/124/122
f 125/125/123 126/126/124 127/127/125
f 128/128/126 103/103/24 129/129/127
f 130/130/128 131/131/129 132/132/130
f 124/124/122 123/123/121 133/133/131
f 75/75/74 74/74/66 134/134/132
f 135/135/133 136/136/134 137/137/135
f 138/138/136 139/139/137 140/140/119
f 141/141/138 142/142/139 143/143/140
f 144/144/141 145/145/142 146/146/143
f 147/147/138 148/148/144 149/149/145
f 59/59/59 39/39/39 21/21/21
f 114/114/111 150/150/146 115/115/112
f 151/151/147 152/152/148 153/153/149
f 67/67/67 154/154/150 92/92/91
f 155/155/151 29/29/29 28/28/28
f 156/156/152 157/157/153 158/158/154
f 78/78/77 8/8/8 7/7/7
f 159/159/155 116/116/113 115/115/112
f 160/160/156 161/161/157 162/162/158
f 134/134/132 163/163/159 75/75/74
f 164/164/160 165/165/161 166/166/162
f 134/134/132 167/167/163 163/163/159
f 158/158/154 168/168/164 156/156/152
f 169/169/165 170/170/166 171/171/167
f 172/172/168 173/173/169 174/174/170
f 175/175/171 176/176/119 159/159/155
f 126/126/124 177/177/172 127/127/125
f 178/178/173 179/179/174 180/180/175
f 181/181/176 182/182/177 183/183/178
f 184/184/179 185/185/180 186/186/181
f 97/97/96 99/99/98 187/187/182
f 188/188/183 189/189/184 190/190/185
f 7/7/7 9/9/9 58/58/58
f 191/191/186 192/192/187 193/193/188
f 194/194/189 195/195/190 196/196/191
f 5/5/5 111/111/108 197/197/192
f 198/198/193 199/199/194 200/200/195
f 98/98/97 201/201/196 99/99/98
f 202/202/197 203/203/198 90/90/89
f 204/204/199 118/118/115 205/205/200
f 206/206/201 111/111/108 113/113/110
f 207/207/202 105/105/103 121/121/118
f 208/208/203 209/209/204 210/210/108
f 211/211/205 212/212/206 213/213/207
f 214/214/208 215/215/209 216/216/210
f 217/217/211 218/218/212 219/219/213
f 220/220/214 163/163/159 167/167/163
f 221/221/215 202/202/197 90/90/89
f 222/222/216 223/223/217 224/224/218
f 225/225/219 226/226/220 163/163/159
f 227/227/221 228/228/222 229/229/223
f 230/230/224 231/231/225 232/232/226
f 233/233/227 234/234/228 235/235/229
f 159/159/155 115/115/112 175/175/171
f 150/150/146 114/114/111 236/236/230
f 237/237/231 238/238/232 239/239/233
f 240/240/234 241/241/235 242/242/236
f 80/80/79 35/35/35 63/63/63
f 5/5/5 197/197/192 6/6/6
f 38/38/38 58/58/58 21/21/21
f 59/59/59 23/23/23 87/87/86
f 98/98/97 243/243/237 201/201/196
f 38/38/38 21/21/21 39/39/39
f 92/92/91 244/244/238 245/245/239
f 92/92/91 203/203/198 202/202/197
f 246/246/240 247/247/241 248/248/242
f 67/67/67 202/202/197 68/68/68
f 203/203/198 91/91/243 90/90/89
f 249/249/244 124/124/122 133/133/131
f 250/250/245 251/251/246 252/252/247
f 253/253/248 254/254/249 255/255/250
f 256/256/251 257/257/252 258/258/253
f 208/208/203 259/259/254 209/209/204
f 260/260/255 261/261/256 262/262/257
f 111/111/108 5/5/5 112/112/109
f 263/263/258 264/264/259 265/265/260
f 162/162/158 266/266/261 267/267/262
f 268/268/263 269/269/264 270/270/265
f 271/271/266 272/272/267 273/273/268
f 272/272/267 271/271/266 274/274/269
f 275/275/270 276/276/271 277/277/272
f 168/168/164 158/158/154 278/278/273
f 279/279/274 280/280/275 281/281/276
f 212/212/206 211/211/205 282/282/277
f 90/90/89 91/91/243 57/57/57
f 283/283/278 284/284/279 285/285/280
f 286/286/281 287/287/282 288/288/283
f 289/289/284 290/290/285 291/291/286
f 292/292/287 293/293/288 294/294/289
f 295/295/290 296/296/275 297/297/291
f 298/298/292 273/273/268 272/272/267
f 299/299/293 300/300/294 301/301/295
f 302/302/296 303/303/297 304/304/298
f 305/305/299 44/44/44 306/306/300
f 307/307/301 308/308/302 309/309/303
f 310/310/47 311/311/304 298/298/292
f 312/312/305 313/313/306 314/314/307
f 315/315/308 316/316/309 317/317/310
f 318/318/311 319/319/312 320/320/313
f 304/304/298 321/321/314 302/302/296
f 86/86/85 85/85/84 322/322/315
f 323/323/316 84/84/83 324/324/317
f 84/84/83 86/86/85 324/324/317
f 325/325/318 326/326/319 48/48/48
f 327/327/320 328/328/321 329/329/8
f 302/302/296 330/330/322 331/331/323
f 332/332/324 333/333/325 334/334/326
f 230/230/224 320/320/313 319/319/312
f 335/335/327 336/336/328 337/337/94
f 297/297/291 338/338/329 339/339/330
f 340/340/331 341/341/332 342/342/333
f 343/343/334 260/260/255 344/344/335
f 345/345/336 346/346/337 323/323/316
f 347/347/338 348/348/339 349/349/340
f 350/350/341 351/351/342 261/261/256
f 352/352/343 353/353/344 354/354/345
f 355/355/346 356/356/347 235/235/229
f 357/357/348 358/358/349 359/359/350
f 346/346/337 345/345/336 360/360/351
f 361/361/352 362/362/353 363/363/354
f 207/207/202 121/121/118 364/364/355
f 365/365/356 366/366/3 367/367/357
f 169/169/165 171/171/167 325/325/318
f 368/368/358 369/369/359 370/370/339
f 230/230/224 232/232/226 280/280/275
f 371/371/360 372/372/361 373/373/362
f 319/319/312 231/231/225 230/230/224
f 374/374/363 375/375/364 376/376/365
f 377/377/366 318/318/311 378/378/367
f 48/48/48 379/379/368 46/46/46
f 380/380/369 366/366/3 365/365/356
f 261/261/256 260/260/255 350/350/341
f 381/381/370 382/382/371 383/383/372
f 323/323/316 324/324/317 345/345/336
f 384/384/373 385/385/374 302/302/296
f 386/386/375 387/387/376 388/388/377
f 379/379/368 48/48/48 326/326/319
f 354/354/345 353/353/344 389/389/378
f 390/390/379 391/391/380 392/392/381
f 393/393/382 390/390/379 392/392/381
f 385/385/374 350/350/341 260/260/255
f 385/385/374 384/384/373 350/350/341
f 338/338/329 394/394/383 395/395/384
f 396/396/385 397/397/386 398/398/387
f 399/399/388 400/400/389 401/401/390
f 402/402/391 403/403/392 404/404/393
f 405/405/394 406/406/395 407/407/396
f 408/408/397 409/409/398 410/410/399
f 396/396/385 411/411/400 397/397/386
f 412/412/401 413/413/402 143/143/140
f 414/414/403 415/415/404 397/397/386
f 413/413/402 412/412/401 416/416/405
f 391/391/380 417/417/406 418/418/407
f 419/419/408 420/420/409 421/421/410
f 422/422/411 143/143/140 413/413/402
f 423/423/412 424/424/413 425/425/414
f 426/426/415 150/150/146 236/236/230
f 426/426/415 236/236/230 415/415/404
f 427/427/416 392/392/381 428/428/417
f 429/429/418 430/430/419 431/431/420
f 432/432/403 433/433/421 434/434/187
f 435/435/422 436/436/423 437/437/424
f 438/438/425 283/283/278 439/439/227
f 391/391/380 390/390/379 417/417/406
f 440/440/426 441/441/427 442/442/428
f 330/330/322 443/443/429 331/331/323
f 430/430/419 444/444/430 445/445/431
f 446/446/403 447/447/432 448/448/433
f 449/449/434 450/450/435 451/451/436
f 393/393/382 452/452/437 453/453/438
f 454/454/439 455/455/440 388/388/377
f 349/349/340 456/456/441 347/347/338
f 457/457/339 458/458/442 459/459/443
f 460/460/444 461/461/445 462/462/446
f 146/146/143 145/145/142 372/372/361
f 461/461/445 463/463/447 464/464/448
f 465/465/449 466/466/450 467/467/451
f 468/468/452 469/469/453 470/470/454
f 342/342/333 471/471/455 472/472/456
f 473/473/457 474/474/458 464/464/448
f 475/475/459 463/463/447 476/476/460
f 476/476/460 463/463/447 477/477/461
f 460/460/444 463/463/447 461/461/445
f 478/478/462 479/479/463 480/480/464
f 248/248/242 481/481/465 246/246/240
f 482/482/466 483/483/467 484/484/468
f 482/482/466 485/485/469 483/483/467
f 486/486/470 487/487/471 488/488/472
f 489/489/473 490/490/474 491/491/475
f 492/492/476 493/493/477 494/494/478
f 495/495/479 496/496/480 497/497/481
f 496/496/480 498/498/473 499/499/482
f 498/498/473 496/496/480 500/500/483
f 501/501/484 502/502/485 503/503/486
f 504/504/487 505/505/488 495/495/479
f 496/496/480 499/499/482 497/497/481
f 505/505/488 496/496/480 495/495/479
f 498/498/473 500/500/483 506/506/489
f 496/496/480 505/505/488 500/500/483
f 500/500/483 505/505/488 507/507/490
f 505/505/488 31/31/31 507/507/490
f 508/508/483 509/509/491 510/510/492
f 498/498/473 506/506/489 511/511/493
f 512/512/494 500/500/483 507/507/490
f 32/32/32 31/31/31 505/505/488
f 408/408/397 513/513/495 409/409/398
f 199/199/194 514/514/496 515/515/497
f 516/516/498 517/517/499 518/518/500
f 519/519/501 520/520/502 521/521/503
f 519/519/501 522/522/504 520/520/502
f 523/523/505 524/524/506 525/525/507
f 521/521/503 512/512/494 519/519/501
f 526/526/508 527/527/509 528/528/510
f 511/511/493 525/525/474 498/498/473
f 529/529/505 199/199/194 515/515/497
f 530/530/511 524/524/506 531/531/512
f 514/514/496 199/199/194 198/198/193
f 490/490/474 532/532/513 533/533/514
f 534/534/515 531/531/512 524/524/506
f 301/301/295 300/300/294 332/332/324
f 535/535/516 536/536/517 537/537/518
f 538/538/519 277/277/272 276/276/271
f 490/490/474 533/533/514 491/491/475
f 539/539/520 540/540/521 441/441/427
f 521/521/503 520/520/502 534/534/515
f 536/536/517 541/541/522 537/537/518
f 96/96/95 95/95/94 542/542/523
f 522/522/504 519/519/501 507/507/490
f 535/535/516 537/537/518 543/543/524
f 528/528/510 544/544/525 526/526/508
f 545/545/526 301/301/295 546/546/527
f 547/547/528 301/301/295 548/548/529
f 549/549/530 243/243/237 249/249/244
f 550/550/531 551/551/532 552/552/533
f 474/474/458 461/461/445 464/464/448
f 553/553/534 546/546/527 547/547/528
f 334/334/326 554/554/535 332/332/324
f 555/555/536 471/471/455 341/341/332
f 183/183/178 556/556/537 557/557/518
f 524/524/506 523/523/505 534/534/515
f 558/558/538 559/559/539 560/560/540
f 561/561/541 562/562/542 154/154/150
f 563/563/543 66/66/66 65/65/65
f 564/564/544 565/565/545 527/527/509
f 558/558/538 560/560/540 566/566/546
f 183/183/178 567/567/547 181/181/176
f 298/298/292 272/272/267 310/310/47
f 568/568/548 569/569/549 570/570/550
f 571/571/551 572/572/552 573/573/553
f 574/574/554 575/575/555 576/576/556
f 577/577/557 571/571/551 573/573/553
f 578/578/558 579/579/559 580/580/560
f 183/183/178 557/557/518 567/567/547
f 581/581/557 190/190/185 582/582/561
f 583/583/562 584/584/563 585/585/564
f 284/284/279 283/283/278 438/438/425
f 586/586/565 587/587/566 588/588/567
f 589/589/568 590/590/569 591/591/570
f 592/592/571 593/593/572 594/594/573
f 573/573/553 572/572/552 595/595/574
f 357/357/348 359/359/350 596/596/575
f 597/597/576 598/598/577 599/599/578
f 591/591/570 600/600/579 589/589/568
f 591/591/570 270/270/265 600/600/579
f 601/601/580 520/520/502 522/522/504
f 522/522/504 507/507/490 31/31/31
f 602/602/581 268/268/263 270/270/265
f 603/603/582 146/146/143 604/604/583
f 600/600/579 522/522/504 605/605/584
f 572/572/552 586/586/565 595/595/574
f 90/90/89 56/56/56 221/221/215
f 586/586/565 588/588/567 573/573/585
f 592/592/571 606/606/586 607/607/587
f 608/608/588 609/609/589 610/610/590
f 611/611/591 612/612/592 613/613/593
f 589/589/568 605/605/584 614/614/594
f 615/615/595 616/616/596 617/617/597
f 618/618/598 619/619/599 620/620/600
f 621/621/601 622/622/602 623/623/603
f 624/624/604 625/625/605 626/626/606
f 627/627/607 628/628/608 629/629/609
f 630/630/610 631/631/611 632/632/612
f 633/633/249 634/634/613 635/635/614
f 636/636/615 637/637/616 631/631/611
f 604/604/583 146/146/143 638/638/617
f 639/639/618 640/640/619 641/641/620
f 642/642/621 227/227/221 229/229/223
f 643/643/622 644/644/623 645/645/624
f 646/646/625 647/647/626 648/648/627
f 593/593/572 649/649/628 650/650/629
f 419/419/408 647/647/626 646/646/625
f 651/651/630 593/593/572 652/652/631
f 653/653/632 654/654/633 655/655/634
f 650/650/629 652/652/631 593/593/572
f 656/656/635 657/657/636 658/658/637
f 659/659/638 660/660/639 661/661/640
f 421/421/410 662/662/641 419/419/408
f 663/663/629 664/664/642 665/665/643
f 666/666/644 667/667/645 668/668/646
f 648/648/627 647/647/626 669/669/647
f 670/670/648 420/420/409 646/646/625
f 671/671/649 672/672/650 673/673/651
f 674/674/652 651/651/630 652/652/631
f 652/652/631 675/675/653 674/674/652
f 640/640/619 676/676/654 641/641/620
f 677/677/645 678/678/655 679/679/656
f 680/680/632 681/681/657 682/682/658
f 585/585/564 666/666/644 668/668/646
f 683/683/659 647/647/626 419/419/408
f 684/684/660 651/651/630 674/674/652
f 572/572/552 685/685/661 586/586/565
f 683/683/659 686/686/662 687/687/663
f 688/688/664 689/689/665 690/690/666
f 419/419/408 662/662/641 689/689/665
f 664/664/642 663/663/629 691/691/667
f 646/646/625 420/420/409 419/419/408
f 648/648/627 669/669/647 674/674/652
f 691/691/667 692/692/668 664/664/642
f 693/693/669 694/694/670 695/695/671
f 696/696/672 692/692/668 691/691/667
f 697/697/673 421/421/410 420/420/409
f 689/689/665 662/662/641 690/690/666
f 698/698/674 656/656/635 658/658/637
f 699/699/675 420/420/409 670/670/648
f 700/700/676 662/662/641 421/421/410
f 701/701/677 702/702/628 703/703/678
f 701/701/677 704/704/679 702/702/628
f 705/705/680 706/706/681 707/707/682
f 683/683/659 687/687/663 647/647/626
f 699/699/675 670/670/648 650/650/629
f 359/359/350 703/703/678 702/702/628
f 708/708/683 709/709/684 710/710/685
f 711/711/686 712/712/687 713/713/688
f 714/714/689 584/584/563 715/715/690
f 690/690/666 716/716/691 688/688/664
f 717/717/692 718/718/693 719/719/694
f 687/687/663 686/686/662 720/720/695
f 721/721/696 722/722/697 723/723/698
f 640/640/619 639/639/618 681/681/657
f 718/718/693 724/724/699 719/719/694
f 725/725/699 229/229/223 228/228/222
f 726/726/700 229/229/223 725/725/699
f 727/727/701 728/728/688 729/729/702
f 708/708/683 730/730/703 731/731/704
f 724/724/699 718/718/693 711/711/686
f 711/711/686 732/732/705 724/724/699
f 712/712/687 711/711/686 718/718/693
f 731/731/704 733/733/706 734/734/707
f 735/735/708 736/736/709 737/737/710
f 731/731/704 730/730/703 733/733/706
f 713/713/688 712/712/687 731/731/704
f 142/142/139 703/703/678 359/359/350
f 738/738/711 149/149/145 739/739/712
f 740/740/713 741/741/144 704/704/679
f 699/699/675 650/650/629 649/649/628
f 147/147/138 149/149/145 742/742/714
f 704/704/679 701/701/677 740/740/713
f 697/697/673 699/699/675 743/743/715
f 704/704/679 741/741/144 744/744/716
f 697/697/673 743/743/715 745/745/717
f 742/742/714 149/149/145 738/738/711
f 743/743/715 699/699/675 746/746/718
f 697/697/673 745/745/717 421/421/410
f 747/747/411 148/148/144 147/147/138
f 649/649/628 746/746/718 699/699/675
f 148/148/144 747/747/411 708/708/683
f 143/143/140 422/422/411 141/141/138
f 675/675/653 648/648/627 674/674/652
f 748/748/719 749/749/676 750/750/720
f 745/745/717 700/700/676 421/421/410
f 687/687/663 658/658/721 751/751/722
f 399/399/388 752/752/723 753/753/724
f 708/708/683 710/710/685 730/730/703
f 749/749/676 748/748/719 752/752/723
f 708/708/683 747/747/411 709/709/684
f 669/669/647 687/687/663 751/751/722
f 752/752/723 399/399/388 401/401/390
f 754/754/725 755/755/726 726/726/700
f 412/412/401 754/754/725 726/726/700
f 732/732/705 711/711/686 734/734/707
f 732/732/705 734/734/707 733/733/706
f 412/412/401 726/726/700 416/416/405
f 752/752/723 748/748/719 753/753/724
f 756/756/727 757/757/728 758/758/729
f 759/759/730 757/757/728 756/756/727
f 730/730/703 710/710/685 733/733/706
f 709/709/684 747/747/411 710/710/685
f 143/143/140 52/52/52 760/760/731
f 756/756/727 758/758/729 761/761/732
f 762/762/733 763/763/734 764/764/735
f 765/765/736 766/766/737 767/767/738
f 768/768/739 769/769/740 770/770/741
f 771/771/742 768/768/739 770/770/741
f 769/769/740 768/768/739 772/772/743
f 773/773/744 774/774/745 775/775/746
f 776/776/747 777/777/748 778/778/749
f 403/403/392 766/766/737 765/765/736
f 54/54/54 779/779/750 52/52/52
f 403/403/392 780/780/751 766/766/737
f 781/781/752 782/782/753 783/783/754
f 784/784/725 405/405/394 407/407/396
f 253/253/248 342/342/333 472/472/456
f 785/785/755 478/478/462 786/786/756
f 787/787/757 788/788/758 789/789/759
f 478/478/462 480/480/464 786/786/756
f 790/790/760 763/763/734 791/791/761
f 792/792/762 793/793/763 794/794/764
f 795/795/765 796/796/766 797/797/767
f 798/798/768 799/799/769 800/800/770
f 464/464/448 463/463/447 475/475/459
f 801/801/771 802/802/772 803/803/773
f 480/480/464 804/804/774 798/798/768
f 479/479/463 790/790/760 480/480/464
f 409/409/398 805/805/775 806/806/776
f 807/807/777 764/764/735 479/479/463
f 763/763/734 790/790/760 764/764/735
f 785/785/755 786/786/756 808/808/778
f 809/809/779 810/810/780 811/811/778
f 406/406/395 812/812/781 813/813/782
f 800/800/783 785/785/755 808/808/778
f 799/799/769 814/814/784 815/815/785
f 816/816/786 817/817/783 818/818/787
f 798/798/768 804/804/774 814/814/784
f 790/790/760 804/804/774 480/480/464
f 819/819/788 817/817/783 816/816/786
f 12/12/12 11/11/11 820/820/789
f 445/445/431 821/821/790 822/822/791
f 403/403/392 402/402/391 780/780/751
f 823/823/792 824/824/793 825/825/794
f 826/826/795 570/570/796 827/827/797
f 828/828/798 829/829/799 830/830/772
f 614/614/594 831/831/800 590/590/569
f 217/217/211 832/832/801 218/218/212
f 462/462/446 264/264/259 460/460/444
f 833/833/802 834/834/803 835/835/804
f 375/375/364 836/836/805 837/837/806
f 122/122/120 838/838/807 123/123/121
f 201/201/196 243/243/237 549/549/530
f 332/332/324 300/300/294 333/333/325
f 180/180/175 839/839/808 840/840/809
f 841/841/810 643/643/622 645/645/624
f 342/342/333 842/842/811 843/843/812
f 844/844/813 845/845/814 846/846/815
f 38/38/38 37/37/37 847/847/816
f 848/848/817 849/849/526 850/850/818
f 851/851/819 852/852/34 853/853/820
f 854/854/821 404/404/393 403/403/392
f 855/855/791 513/513/495 408/408/397
f 372/372/361 856/856/822 146/146/143
f 431/431/420 822/822/791 857/857/823
f 858/858/824 859/859/825 860/860/826
f 100/100/99 861/861/326 862/862/827
f 863/863/828 864/864/550 865/865/829
f 822/822/791 431/431/420 445/445/431
f 866/866/830 465/465/449 867/867/831
f 430/430/419 445/445/431 431/431/420
f 868/868/832 869/869/833 870/870/526
f 155/155/151 277/277/272 538/538/519
f 391/391/380 428/428/417 392/392/381
f 301/301/295 332/332/324 548/548/529
f 100/100/99 102/102/101 861/861/326
f 166/166/162 165/165/161 871/871/834
f 475/475/459 473/473/457 464/464/448
f 635/635/614 872/872/835 873/873/836
f 415/415/404 236/236/230 398/398/387
f 145/145/142 144/144/141 874/874/837
f 378/378/367 318/318/311 320/320/313
f 875/875/838 876/876/839 877/877/840
f 878/878/753 879/879/841 880/880/842
f 862/862/827 881/881/843 882/882/844
f 883/883/845 826/826/795 884/884/846
f 280/280/275 885/885/847 886/886/848
f 887/887/763 888/888/762 889/889/849
f 890/890/850 891/891/851 892/892/852
f 15/15/15 17/17/17 893/893/853
f 467/467/451 466/466/450 894/894/854
f 895/895/600 372/372/361 145/145/142
f 160/160/156 896/896/855 897/897/856
f 211/211/205 280/280/275 282/282/277
f 211/211/205 213/213/207 898/898/857
f 239/239/233 899/899/858 237/237/231
f 178/178/173 900/900/859 898/898/857
f 901/901/860 180/180/175 902/902/861
f 522/522/504 31/31/31 605/605/584
f 614/614/594 605/605/584 137/137/135
f 137/137/135 903/903/862 614/614/594
f 904/904/863 905/905/864 906/906/99
f 907/907/865 908/908/866 909/909/867
f 910/910/868 911/911/869 912/912/870
f 903/903/862 831/831/800 614/614/594
f 901/901/860 900/900/859 180/180/175
f 119/119/116 118/118/115 204/204/199
f 900/900/859 178/178/173 180/180/175
f 600/600/579 605/605/584 589/589/568
f 893/893/853 17/17/17 913/913/871
f 902/902/861 914/914/872 915/915/873
f 916/916/874 105/105/103 207/207/202
f 914/914/872 902/902/861 180/180/175
f 917/917/875 918/918/876 919/919/877
f 125/125/123 920/920/878 126/126/124
f 6/6/6 921/921/879 4/4/4
f 922/922/880 923/923/881 924/924/882
f 764/764/735 790/790/760 479/479/463
f 925/925/883 926/926/884 927/927/885
f 91/91/243 55/55/55 57/57/57
f 4/4/4 921/921/879 928/928/886
f 929/929/887 930/930/888 931/931/889
f 929/929/887 932/932/890 930/930/888
f 185/185/180 922/922/880 924/924/882
f 923/923/881 922/922/880 933/933/891
f 924/924/882 186/186/181 185/185/180
f 934/934/892 935/935/893 936/936/894
f 937/937/225 938/938/895 939/939/896
f 940/940/897 941/941/273 186/186/181
f 290/290/285 940/940/897 186/186/181
f 942/942/898 943/943/899 944/944/900
f 945/945/901 946/946/902 947/947/898
f 948/948/903 949/949/904 950/950/905
f 945/945/901 951/951/906 946/946/902
f 952/952/902 62/62/62 61/61/61
f 952/952/902 61/61/61 953/953/907
f 954/954/908 504/504/487 497/497/481
f 497/497/481 504/504/487 495/495/479
f 955/955/909 954/954/908 953/953/907
f 953/953/907 956/956/910 957/957/911
f 953/953/907 954/954/908 956/956/910
f 958/958/809 174/174/170 959/959/912
f 960/960/913 961/961/914 962/962/915
f 499/499/482 956/956/910 954/954/908
f 497/497/481 499/499/482 954/954/908
f 499/499/482 498/498/473 493/493/477
f 956/956/910 499/499/482 961/961/914
f 963/963/916 964/964/917 965/965/918
f 505/505/488 504/504/487 966/966/919
f 943/943/899 942/942/898 967/967/920
f 960/960/913 957/957/911 956/956/910
f 944/944/900 943/943/899 968/968/921
f 499/499/482 493/493/477 492/492/476
f 962/962/915 969/969/922 970/970/923
f 499/499/482 492/492/476 961/961/914
f 962/962/915 961/961/914 492/492/476
f 492/492/476 494/494/478 971/971/924
f 972/972/925 973/973/926 974/974/927
f 961/961/914 960/960/913 956/956/910
f 953/953/907 61/61/61 955/955/909
f 975/975/920 947/947/898 946/946/902
f 954/954/908 955/955/909 504/504/487
f 976/976/928 974/974/927 977/977/929
f 978/978/930 979/979/931 980/980/932
f 981/981/933 982/982/934 983/983/935
f 984/984/936 985/985/937 83/83/82
f 986/986/938 976/976/928 977/977/929
f 177/177/172 932/932/939 127/127/125
f 987/987/940 969/969/922 962/962/915
f 173/173/169 988/988/941 174/174/170
f 977/977/929 974/974/927 973/973/926
f 981/981/933 983/983/935 989/989/942
f 990/990/943 960/960/913 962/962/915
f 924/924/882 290/290/285 186/186/181
f 290/290/285 289/289/284 940/940/897
f 924/924/882 991/991/944 290/290/285
f 962/962/915 970/970/923 990/990/943
f 968/968/921 943/943/899 992/992/945
f 930/930/888 179/179/174 931/931/889
f 179/179/174 930/930/888 839/839/808
f 993/993/946 994/994/947 995/995/948
f 968/968/921 992/992/945 996/996/949
f 997/997/950 91/91/90 93/93/92
f 908/908/866 907/907/865 998/998/951
f 999/999/952 1000/1000/953 1001/1001/954
f 82/82/81 984/984/936 83/83/82
f 1002/1002/955 977/977/929 973/973/926
f 1003/1003/956 1004/1004/957 1005/1005/936
f 1006/1006/958 1005/1005/936 1007/1007/959
f 987/987/940 1008/1008/960 969/969/922
f 1009/1009/961 383/383/372 551/551/532
f 1010/1010/962 1011/1011/963 1012/1012/964
f 200/200/195 199/199/194 529/529/505
f 528/528/510 527/527/509 565/565/545
f 1009/1009/961 551/551/532 550/550/531
f 1013/1013/965 1014/1014/966 1015/1015/967
f 1016/1016/968 971/971/924 1017/1017/969
f 881/881/843 1018/29/840 882/882/844
f 979/979/931 1019/1018/970 980/980/932
f 1017/1017/969 971/971/924 494/494/478
f 523/523/505 521/521/503 534/534/515
f 1020/1019/971 979/979/931 978/978/930
f 1021/1020/972 1001/1001/954 1022/1021/973
f 1023/1022/974 1006/1006/958 1024/1023/975
f 1025/1024/976 1026/1025/977 1027/1026/978
f 1001/1001/954 1000/1000/953 1022/1021/973
f 1006/1006/958 131/131/129 1005/1005/936
f 467/467/451 1028/1027/979 336/336/328
f 132/132/130 131/131/129 1006/1006/958
f 1029/1028/980 1030/1029/981 1006/1006/958
f 1031/1030/982 1006/1006/958 1023/1022/974
f 3/3/3 1032/1031/983 1/1/1
f 104/104/102 1033/1032/984 120/120/117
f 1034/1033/985 1008/1008/960 987/987/940
f 103/103/24 128/128/126 104/104/102
f 1035/1034/986 1036/1035/987 1037/1036/988
f 1038/1037/102 1039/1038/989 1040/1039/990
f 1041/1040/991 224/224/218 223/223/217
f 953/953/907 957/957/911 952/952/902
f 1034/1033/985 987/987/940 104/104/102
f 1042/1041/992 492/492/476 971/971/924
f 120/120/117 105/105/103 104/104/102
f 104/104/102 610/610/590 1034/1033/985
f 50/50/50 1043/1042/993 1044/1043/994
f 867/867/831 467/467/451 336/336/328
f 334/334/326 333/333/325 1045/1044/995
f 44/44/44 305/305/299 45/45/45
f 1036/1035/987 1035/1034/986 1046/1045/996
f 848/848/817 1047/1046/997 849/849/526
f 367/367/357 1048/1047/998 365/365/356
f 440/440/426 1049/1048/856 381/381/370
f 107/107/105 76/76/75 2/2/2
f 1050/1049/999 1033/1032/984 104/104/102
f 916/916/874 103/103/24 105/105/103
f 1051/1050/1000 1052/1051/1001 76/76/75
f 372/372/361 895/895/600 373/373/362
f 300/300/294 875/875/838 333/333/325
f 1053/1052/1002 383/383/372 1009/1009/961
f 875/875/838 300/300/294 876/876/839
f 860/860/826 1054/1053/1003 858/858/824
f 877/877/840 876/876/839 1055/1054/544
f 76/76/75 106/106/104 1056/1055/1004
f 1057/1056/1005 306/306/300 1058/1057/1006
f 1059/1058/26 1052/1051/1001 1060/1059/1007
f 383/383/372 1053/1052/1002 381/381/370
f 288/288/283 287/287/282 1061/1060/1008
f 1051/1050/1000 1060/1059/1007 1052/1051/1001
f 1062/1061/1009 1063/1062/1010 1064/1063/1011
f 1046/1045/996 1035/1034/986 1065/1064/1012
f 1066/1065/1013 1067/1066/1014 1068/1067/1015
f 354/354/345 190/190/185 352/352/343
f 1014/1014/966 1069/1068/1016 1015/1015/967
f 1070/1069/526 94/94/93 96/96/95
f 695/695/671 660/660/639 693/693/669
f 1071/1070/1017 609/609/589 608/608/588
f 383/383/372 1072/1071/1018 551/551/532
f 1073/1072/1019 1074/1073/1020 676/676/654
f 336/336/328 335/335/327 867/867/831
f 1075/1074/1021 1076/1075/1022 1077/1076/1023
f 1078/1077/1024 1079/1078/1025 1080/1079/981
f 1081/1080/1026 1082/1081/1027 1083/1082/1028
f 1084/1083/1029 1085/1084/1030 1086/1085/1031
f 1087/1086/1032 1088/1087/1033 1031/1030/982
f 1089/1088/1034 1090/1089/1035 1091/1090/1036
f 1092/1091/1030 288/288/283 1061/1060/1008
f 1093/1092/1037 1094/1093/1038 1095/1094/1039
f 1096/1095/1040 1097/1096/1041 1098/1097/1042
f 1099/1098/1043 1100/1099/1044 1101/1100/974
f 1102/1101/1045 1103/1102/1046 1104/1103/1047
f 1105/1104/1048 1106/1105/1049 1107/1106/1050
f 1002/1002/955 131/131/129 977/977/929
f 1108/1107/1051 1109/1108/1052 1110/1109/1053
f 1095/1094/1039 1094/1093/1038 1111/1110/1054
f 1112/1111/1055 1113/1112/1056 1114/1113/1057
f 1103/1102/1046 1115/1114/1058 1104/1103/1047
f 1116/1115/1059 1117/1116/1060 1106/1105/1049
f 557/557/518 1118/1117/1061 567/567/547
f 1004/1004/957 1007/1007/959 1005/1005/936
f 1119/1118/1062 1120/1119/1063 1121/1120/1064
f 978/978/930 1122/1121/1065 1020/1019/971
f 1123/1122/1066 1092/1091/1030 1061/1060/1008
f 1124/1123/1067 1125/1124/1068 1126/1125/1069
f 1127/1126/1030 1128/1127/1070 1129/1128/1071
f 1130/1129/1072 1131/1130/1073 1084/1083/1029
f 1120/1119/1063 1119/1118/1062 1132/1131/1074
f 1133/1132/1075 1134/1133/1076 963/963/916
f 1135/1134/1077 1136/1135/1078 1137/1136/1079
f 1138/1137/1080 1139/1138/1081 1140/1139/1082
f 1006/1006/958 1031/1030/982 1029/1028/980
f 1077/1076/1023 1076/1075/1022 1141/1140/1083
f 1023/1022/974 1087/1086/1032 1031/1030/982
f 1087/1086/1032 1142/1141/1084 1088/1087/1033
f 1143/1142/1085 1086/1085/1031 1144/1143/1086
f 1145/1144/1087 1146/1145/1088 1147/1146/1089
f 1148/1147/1090 1097/1096/1041 1149/1148/1091
f 1150/1149/1092 1151/1150/1093 1152/1038/1094
f 1090/1089/1035 1089/1088/1034 1153/1151/1095
f 1154/1152/1096 1134/1133/1076 1133/1132/1075
f 482/482/466 1155/1153/1097 485/485/469
f 1156/1154/1098 1157/1155/1099 1158/1156/1100
f 1079/1078/1025 1078/1077/1024 1147/1146/1089
f 1159/1157/1101 1160/1158/1102 1161/1159/1103
f 1162/1160/1104 1163/1161/1105 1164/1162/1106
f 1116/1115/1059 1106/1105/1049 1165/1163/1107
f 1166/1164/1108 1163/1161/1105 1167/1165/1109
f 1168/1166/1110 1119/1118/1062 1169/1167/1111
f 1170/1168/1112 1171/1169/1113 1029/1028/980
f 1172/1170/1114 1173/1171/1087 1174/1172/1115
f 1175/1173/1116 1034/1033/985 610/610/590
f 305/305/299 306/306/300 1057/1056/1005
f 1135/1134/1077 1143/1142/1085 1144/1143/1086
f 1176/1174/1117 1177/1175/1118 1091/1090/1036
f 1178/1176/1119 1034/1033/985 1175/1173/1116
f 1029/1028/980 1171/1169/1113 1030/1029/981
f 599/599/578 1177/1175/1118 597/597/576
f 128/128/126 610/610/590 104/104/102
f 1179/1177/1120 1180/1178/126 616/616/596
f 128/128/126 608/608/588 610/610/590
f 1065/1064/1012 1181/1179/1121 1046/1045/996
f 1056/1055/1004 1051/1050/1000 76/76/75
f 1182/1180/1122 1183/1181/1008 1184/1182/1123
f 352/352/343 190/190/185 581/581/557
f 546/546/527 301/301/295 547/547/528
f 1185/1183/1124 580/580/560 579/579/559
f 1186/1184/1125 1187/1185/1126 1188/1186/1127
f 1189/1187/1128 107/107/105 2/2/2
f 1190/1188/1129 1191/1189/1130 1192/1190/954
f 1032/1031/983 1193/1191/1131 1/1/1
f 1029/1028/980 1031/1030/982 1170/1168/1112
f 1194/1192/1132 1195/1193/1133 1097/1096/1041
f 1141/1140/1083 1076/1075/1022 1196/1194/1134
f 1197/1195/1135 1198/1196/1136 1111/1110/1054
f 1163/1161/1105 1199/1197/1137 1167/1165/1109
f 1200/1198/1138 1201/1199/1139 1202/1200/1140
f 1203/1201/1141 1204/1202/1142 963/963/916
f 1205/1203/1143 1087/1086/1032 1020/1019/971
f 1206/1204/1144 1112/1111/1055 1114/1113/1057
f 1207/1205/1145 1208/1206/1146 1087/1086/1032
f 1119/1118/1062 1121/1120/1064 1169/1167/1111
f 1140/1139/1082 1209/1207/1147 1138/1137/1080
f 526/526/508 544/544/525 906/906/99
f 1210/1208/1148 1211/1209/1149 1212/1210/1150
f 1087/1086/1032 1205/1203/1143 1207/1205/1145
f 1213/1211/1151 1214/1212/1152 1215/1213/1153
f 1122/1121/1065 978/978/930 980/980/932
f 1111/1110/1054 1094/1093/1038 1197/1195/1135
f 1216/1214/1154 60/60/60 62/62/62
f 1217/1215/1155 1145/1144/1087 1147/1146/1089
f 1146/1145/1088 1079/1078/1025 1147/1146/1089
f 1218/1216/1156 1219/1217/1157 1136/1135/1078
f 1024/1023/975 1006/1006/958 1007/1007/959
f 1219/1217/1157 1218/1216/1156 1157/1155/1099
f 1220/1218/1158 1141/1140/1083 1196/1194/1134
f 1221/1219/1159 1222/1220/1160 1223/1221/1161
f 1199/1197/1137 1224/1222/1081 1167/1165/1109
f 1199/1197/1137 1225/1223/1162 1027/1026/978
f 1156/1154/1098 1219/1217/1157 1157/1155/1099
f 1175/1173/1116 1226/1224/1163 1178/1176/1119
f 1142/1141/1084 1087/1086/1032 1208/1206/1146
f 1140/1139/1082 1227/1225/1164 1228/1226/1165
f 1127/1126/1030 1129/1128/1071 1229/1227/283
f 1230/1228/1166 1231/1229/1167 1176/1174/1117
f 1232/1230/1168 1233/1231/1169 1156/1154/1098
f 610/610/590 609/609/589 1234/1232/1170
f 1175/1173/1116 1235/1233/1171 1226/1224/1163
f 1236/1234/1172 1237/1235/1173 1238/1236/1174
f 1217/1215/1155 1147/1146/1089 1078/1077/1024
f 1219/1217/1157 1156/1154/1098 1136/1135/1078
f 1239/1237/1175 1230/1228/1166 1176/1174/1117
f 1136/1135/1078 1086/1085/1031 1085/1084/1030
f 1240/1238/1176 1241/1239/1177 1242/1240/564
f 1071/1070/1017 1226/1224/1163 1235/1233/1171
f 1106/1105/1049 1117/1116/1060 1243/1241/1178
f 660/660/639 659/659/638 693/693/669
f 1244/1242/1179 1245/1243/1180 1246/1244/1181
f 668/668/646 583/583/562 585/585/564
f 632/632/612 637/637/616 1247/1245/126
f 658/658/637 1107/1106/1050 669/669/647
f 1155/1153/1097 482/482/466 1248/1246/1182
f 1249/1247/1183 1071/1070/1017 608/608/588
f 1240/1238/1176 1242/1240/564 1250/1248/563
f 182/182/177 181/181/176 1251/1249/1184
f 1116/1115/1059 1156/1154/1098 1117/1116/1060
f 616/616/596 615/615/595 1179/1177/1120
f 1107/1106/1050 658/658/637 1105/1104/1048
f 1223/1221/1161 1222/1220/1160 1252/1250/1185
f 1026/1025/977 1224/1222/1081 1027/1026/978
f 1136/1135/1078 1156/1154/1098 1137/1136/1079
f 1027/1026/978 1224/1222/1081 1199/1197/1137
f 1234/1232/1170 609/609/589 1235/1233/1171
f 1253/1251/1186 1254/1252/1187 1243/1241/1178
f 1255/1253/1188 581/581/557 582/582/561
f 1256/1254/1189 49/49/49 51/51/51
f 958/958/809 959/959/912 1257/1255/1190
f 1233/1231/1169 1117/1116/1060 1156/1154/1098
f 295/295/290 339/339/330 1258/1256/1191
f 1259/1257/1192 1260/1258/1193 360/360/351
f 1261/1259/607 1262/1260/1194 1263/1261/1195
f 684/684/660 669/669/647 1264/1262/1196
f 383/383/372 382/382/371 1072/1071/1018
f 1031/1030/982 1088/1087/1033 1170/1168/1112
f 586/586/565 685/685/661 587/587/566
f 1258/1256/1191 296/296/275 295/295/290
f 189/189/184 1265/1263/1197 1266/1264/1198
f 1267/1265/1199 1266/1264/1198 1265/1263/1197
f 1268/1266/1200 190/190/185 189/189/184
f 1269/1267/1201 1270/1268/1202 1271/1269/1203
f 1144/1143/1086 1272/1270/1204 1135/1134/1077
f 1273/1271/1205 1274/1272/1206 1275/1273/1207
f 1275/1273/1207 1276/1274/1208 1273/1271/1205
f 1276/1274/1208 189/189/184 1266/1264/1198
f 189/189/184 1275/1273/1207 1268/1266/1200
f 1268/1266/1200 1275/1273/1207 1274/1272/1206
f 1223/1221/1161 1277/1275/1209 1221/1219/1159
f 1278/1276/1210 1279/1277/1211 1280/1278/1212
f 1281/1279/1213 1140/1139/1082 1228/1226/1165
f 958/958/809 172/172/168 174/174/170
f 1282/1280/1214 597/597/576 1231/1229/1167
f 1273/1271/1205 1276/1274/1208 1283/1281/1215
f 1071/1070/1017 1235/1233/1171 609/609/589
f 1266/1264/1198 1283/1281/1215 1276/1274/1208
f 1231/1229/1167 1284/1282/1216 1282/1280/1214
f 1285/1283/1217 209/209/204 259/259/254
f 593/593/572 651/651/630 594/594/573
f 1239/1237/1218 1286/1284/1219 1153/1151/1095
f 144/144/1220 603/603/1221 235/235/1222
f 1140/1139/1082 1139/1138/1081 1227/1225/1164
f 1287/1285/1223 1288/1286/1224 1289/1287/1225
f 296/296/275 1258/1256/1191 1290/1288/1226
f 637/637/616 632/632/612 631/631/611
f 360/360/351 1260/1258/1193 346/346/337
f 1276/1274/1208 1275/1273/1207 189/189/184
f 1177/1175/1118 1176/1174/1117 597/597/576
f 1286/1284/1219 1090/1089/1035 1153/1151/1095
f 1283/1281/1215 1278/1276/1210 1273/1271/1205
f 1196/1194/1134 1291/1289/1227 1220/1218/1158
f 1277/1275/1209 1223/1221/1161 1255/1253/1188
f 1139/1138/1081 1292/1290/1228 1227/1225/1164
f 1283/1281/1215 1293/1291/1229 1278/1276/1210
f 1294/1292/1230 1295/1293/1231 1143/1142/1085
f 1235/1233/1171 1175/1173/1116 1234/1232/1170
f 1026/1025/977 1222/1220/1160 1224/1222/1081
f 1296/1294/1212 1227/1225/1164 1297/1295/1232
f 1086/1085/1031 1143/1142/1085 1084/1083/1029
f 339/339/330 295/295/290 297/297/291
f 1298/1296/1233 1178/1176/1119 1226/1224/1163
f 1122/1121/1065 1205/1203/1143 1020/1019/971
f 1299/1297/610 588/588/567 587/587/566
f 1300/1298/1234 1301/1299/1235 354/354/345
f 279/279/274 281/281/276 1302/1300/1236
f 1303/1301/1237 777/777/748 776/776/747
f 806/806/776 410/410/399 409/409/398
f 1304/1302/1238 1305/1303/1239 1306/1304/1240
f 767/767/738 1307/1305/1241 765/765/736
f 406/406/395 1308/1306/1242 812/812/781
f 1309/1307/1243 1310/1308/1244 1311/1309/1245
f 760/760/731 779/779/750 1312/1310/1246
f 1313/1311/1247 1314/1312/1248 1315/1313/1249
f 1316/1314/1250 1317/1315/1251 1318/1316/1252
f 804/804/774 790/790/760 791/791/761
f 1319/1317/727 1320/1318/1253 1321/1319/1254
f 1322/1320/1255 1323/1321/1256 1324/1322/1257
f 52/52/52 779/779/750 760/760/731
f 1325/1323/1245 1326/1324/1258 821/821/790
f 264/264/259 1327/1325/1259 1328/1326/1260
f 92/92/91 202/202/197 67/67/67
f 1329/1327/1261 782/782/753 1330/1328/1262
f 331/331/323 303/303/297 302/302/296
f 264/264/259 1331/1329/1263 265/265/260
f 155/155/151 28/28/28 277/277/272
f 258/258/253 67/67/67 69/69/69
f 1045/1044/995 333/333/325 875/875/838
f 884/884/846 827/827/797 462/462/446
f 1332/1330/1264 1333/1331/1265 1334/1332/1266
f 1335/1333/1267 313/313/306 312/312/305
f 839/839/808 180/180/175 179/179/174
f 1327/1325/1259 264/264/259 263/263/258
f 914/914/872 1336/1334/16 915/915/873
f 260/260/255 443/443/429 385/385/374
f 1337/1335/1268 796/796/766 795/795/765
f 1338/1336/1269 1339/1337/1270 1340/1338/772
f 388/388/377 455/455/440 386/386/375
f 261/261/256 1341/1339/1271 1342/1340/1272
f 468/468/452 470/470/454 1343/1341/1273
f 452/452/437 1344/1342/1274 453/453/438
f 398/398/387 397/397/386 415/415/404
f 1345/1343/1275 1346/1344/1276 1347/1345/37
f 93/93/92 92/92/91 245/245/239
f 1333/1331/1265 1332/1330/1264 841/841/810
f 1348/1346/1277 1349/1347/1278 591/591/570
f 1350/1348/1279 880/880/842 879/879/841
f 1351/1349/1280 1352/1350/1281 89/89/88
f 884/884/846 826/826/795 827/827/797
f 163/163/159 226/226/220 75/75/74
f 1353/1351/1282 1341/1339/1271 261/261/256
f 1354/1352/1283 1355/1353/1284 1356/1354/1285
f 864/864/550 863/863/828 1357/1355/797
f 92/92/91 154/154/150 244/244/238
f 1358/1356/1286 1359/1357/1287 1360/1358/1288
f 826/826/795 1361/1359/1289 1362/1360/1290
f 1363/1361/1291 1364/1362/1292 375/375/364
f 1365/1363/1293 1366/1364/1294 1367/1365/1295
f 308/308/302 307/307/301 1368/1322/1296
f 871/871/834 1369/1366/1297 1370/1367/1298
f 220/220/214 225/225/219 163/163/159
f 842/842/811 342/342/333 253/253/248
f 467/467/451 867/867/831 465/465/449
f 836/836/805 375/375/364 374/374/363
f 1371/1368/1299 1372/1369/1300 1362/1360/1290
f 1330/1328/1262 1373/1370/1301 1329/1327/1261
f 443/443/429 260/260/255 343/343/334
f 180/180/175 840/840/809 1374/1371/1302
f 1375/1372/1303 1376/1373/1304 1377/1374/1305
f 1378/1375/1306 1379/1376/1307 193/193/188
f 1380/1377/1308 1376/1373/1304 1375/1372/1303
f 1381/1378/1309 1382/1379/1310 1383/1380/1311
f 826/826/795 1384/1381/1312 570/570/796
f 1331/1329/1263 264/264/259 827/827/797
f 385/385/374 330/330/322 302/302/296
f 249/249/244 133/133/131 549/549/530
f 375/375/364 837/837/806 1363/1361/1291
f 1369/1366/1297 1385/1382/1313 1370/1367/1298
f 1386/1383/1314 393/393/382 392/392/381
f 261/261/256 351/351/342 1353/1351/1282
f 1378/1375/1306 193/193/188 192/192/187
f 1361/1359/1289 826/826/795 883/883/845
f 829/829/799 828/828/798 843/843/812
f 1385/1382/1313 1369/1366/1297 1387/1384/1315
f 1388/1385/1316 336/336/328 1028/1027/979
f 1389/1386/1317 1390/1387/1318 1391/1388/1319
f 1392/1389/537 268/268/263 602/602/581
f 257/257/1320 1393/1390/1321 561/561/541
f 220/220/214 1394/1391/1322 1395/1392/1323
f 1396/1393/1324 1397/1394/1325 1398/1395/1326
f 1371/1368/1299 1362/1360/1290 1399/1396/1327
f 321/321/332 351/351/342 384/384/373
f 220/220/214 167/167/163 1394/1391/1322
f 473/473/457 475/475/459 1400/1397/1328
f 1401/1398/1329 1371/1368/1299 1399/1396/1327
f 166/166/162 871/871/834 1370/1367/1298
f 782/782/753 1329/1327/1261 783/783/754
f 878/878/753 880/880/842 374/374/363
f 137/137/135 136/136/134 903/903/862
f 1402/1399/1330 206/206/201 113/113/110
f 1403/1400/1331 374/374/363 376/376/365
f 270/270/265 591/591/570 1404/1401/1332
f 1405/1402/1333 1406/1403/1334 1407/1404/1335
f 337/337/94 336/336/328 1388/1385/1316
f 787/787/757 789/789/759 253/253/248
f 539/539/520 1408/1405/1336 540/540/521
f 398/398/387 1387/1384/1315 1369/1366/1297
f 1409/1406/1337 1410/1407/1338 1411/1408/1339
f 1362/1360/1290 1384/1381/1312 826/826/795
f 561/561/541 1328/1326/1260 562/562/542
f 1386/1383/1314 452/452/437 393/393/382
f 350/350/341 384/384/373 351/351/342
f 474/474/458 473/473/457 1361/1359/1289
f 1412/1409/1340 1413/1410/1341 1414/1411/1342
f 883/883/845 461/461/445 474/474/458
f 382/382/371 381/381/370 1049/1048/856
f 190/190/185 1268/1266/1200 1415/1412/1343
f 1416/1413/1344 1417/1414/623 1373/1370/1301
f 1418/1415/1345 1419/1416/1334 1420/1417/1346
f 427/427/416 1386/1383/1314 392/392/381
f 1374/1371/1302 840/840/809 920/920/878
f 645/645/624 1333/1331/1265 841/841/810
f 152/152/148 1421/1418/1347 153/153/149
f 253/253/248 789/789/759 842/842/811
f 1361/1359/1289 883/883/845 474/474/458
f 1422/1419/1348 890/890/850 892/892/852
f 1382/1379/1349 1349/1347/1278 1423/1420/1350
f 1424/1421/1351 1366/1364/1294 1365/1363/1293
f 829/829/799 843/843/812 842/842/811
f 1399/1396/1327 1362/1360/1290 1361/1359/1289
f 194/194/189 196/196/191 1425/1422/1352
f 1426/1423/1353 374/374/363 880/880/842
f 376/376/365 375/375/364 1364/1362/1292
f 1417/1414/623 1329/1327/1261 1373/1370/1301
f 634/634/613 872/872/835 635/635/614
f 440/440/426 539/539/520 441/441/427
f 14/14/14 8/8/8 78/78/77
f 342/342/333 341/341/332 471/471/455
f 883/883/845 884/884/846 461/461/445
f 270/270/265 1404/1401/1332 1427/1424/68
f 1428/1425/1354 167/167/163 134/134/132
f 264/264/259 462/462/446 827/827/797
f 258/258/253 69/69/69 256/256/251
f 865/865/829 1429/1426/802 863/863/828
f 1372/1369/1300 1430/1427/1355 569/569/549
f 1251/1249/1184 181/181/176 1431/1428/1356
f 1411/1408/1339 1432/1429/1357 1409/1406/1337
f 561/561/541 1393/1390/1321 1328/1326/1260
f 1374/1371/1302 920/920/878 1433/1430/15
f 1434/1431/1358 835/835/804 834/834/803
f 95/95/94 1435/1432/1359 542/542/523
f 619/619/599 1436/1433/1360 620/620/600
f 385/385/374 443/443/429 330/330/322
f 1416/1413/1344 888/888/762 1417/1414/623
f 269/269/264 600/600/579 270/270/265
f 226/226/220 1437/1434/1361 75/75/74
f 461/461/445 884/884/846 462/462/446
f 80/80/79 79/79/78 1438/1435/1362
f 1439/1436/77 139/139/137 138/138/136
f 435/435/422 437/437/424 1440/1437/1363
f 1441/1438/1364 459/459/443 458/458/442
f 1442/1439/1365 49/49/49 1256/1254/1189
f 878/878/753 374/374/363 1403/1400/1331
f 889/889/849 888/888/762 1416/1413/1344
f 789/789/759 788/788/758 830/830/1366
f 1371/1368/1299 1430/1427/1355 1372/1369/1300
f 569/569/549 568/568/548 1372/1369/1300
f 1443/1440/1367 139/139/137 1439/1436/77
f 561/561/541 154/154/150 67/67/67
f 396/396/385 398/398/387 1369/1366/1297
f 1444/1441/1368 1445/1442/1369 1446/1443/1370
f 813/813/782 407/407/396 406/406/395
f 810/810/780 809/809/779 1447/1444/1371
f 1445/1442/1369 1444/1441/1368 1448/1445/1372
f 765/765/736 1449/1446/1373 403/403/392
f 1450/1447/1374 804/804/774 791/791/761
f 1090/1089/1035 1176/1174/1117 1091/1090/1036
f 1451/1448/1375 1292/1290/1228 1452/1449/1376
f 1223/1221/1161 1252/1250/1185 1255/1253/1188
f 1453/1450/1377 1454/1451/1230 1455/1452/1378
f 1456/1453/1379 1269/1267/1201 1271/1269/1203
f 1457/1454/1380 1458/1455/1381 1459/1456/638
f 1460/1457/1382 1458/1455/1381 1461/1458/1383
f 280/280/275 232/232/226 1462/1459/1384
f 353/353/344 378/378/367 389/389/378
f 1135/1134/1077 1294/1292/1230 1143/1142/1085
f 1463/1460/1385 714/714/689 715/715/690
f 714/714/689 1463/1460/1385 1464/1461/1386
f 395/395/384 339/339/330 338/338/329
f 1465/1462/1387 1466/1463/1388 1467/1464/1389
f 1129/1128/1071 1128/1127/1070 1468/1465/1390
f 669/669/647 647/647/626 687/687/663
f 715/715/690 584/584/563 583/583/562
f 1469/1466/1391 1074/1073/1020 1470/1467/1392
f 1471/1468/1393 1472/1469/1394 1473/1470/1395
f 1474/1471/1396 671/671/649 673/673/651
f 1475/1472/1397 902/902/861 915/915/873
f 1476/1473/1398 1477/1474/1399 1478/1475/1400
f 1143/1142/1085 1295/1293/1231 1479/1476/1401
f 1453/1450/1377 1480/1477/1402 1481/1478/1403
f 1272/1270/1204 1144/1143/1086 1086/1085/1031
f 1457/1454/1380 1482/1479/1404 1461/1458/1383
f 1074/1073/1020 641/641/620 676/676/654
f 1274/1272/1206 1415/1412/1343 1268/1266/1200
f 1272/1270/1204 1136/1135/1078 1135/1134/1077
f 1272/1270/1204 1086/1085/1031 1136/1135/1078
f 1130/1129/1072 1483/1480/1405 1131/1130/1073
f 1274/1272/1206 1273/1271/1205 1278/1276/1210
f 1473/1470/1395 1484/1481/1406 1485/1482/1407
f 1486/1483/1408 1487/1484/1409 1488/1485/1410
f 1221/1219/1159 1224/1222/1081 1222/1220/1160
f 1489/1486/1411 1461/1458/1383 1490/1487/1412
f 1452/1449/1376 1491/1488/1413 1451/1448/1375
f 639/639/618 682/682/658 681/681/657
f 1461/1458/1383 1458/1455/1381 1457/1454/1380
f 900/900/859 1492/1489/1414 1493/1490/1415
f 1274/1272/1206 1278/1276/1210 1280/1278/1212
f 1277/1275/1209 1255/1253/1188 582/582/561
f 1128/1127/1070 1494/1491/1416 1468/1465/1390
f 1269/1267/1201 1456/1453/1379 1495/1492/1417
f 1496/1493/1418 1497/1494/525 1498/1495/1416
f 1472/1469/1394 1499/1496/1419 1500/1497/1420
f 1501/1498/1421 658/658/637 657/657/636
f 1460/1457/1382 1461/1458/1383 1489/1486/1411
f 1502/1499/1422 1474/1471/1396 673/673/651
f 641/641/620 1074/1073/1020 1469/1466/1391
f 1277/1275/1209 582/582/561 190/190/185
f 1297/1295/1232 1227/1225/1164 1451/1448/1375
f 1503/1500/1423 1233/1231/1169 1504/1501/1424
f 1453/1450/1377 1455/1452/1378 1480/1477/1402
f 1084/1083/1029 1143/1142/1085 1130/1129/1072
f 1505/1502/1425 1506/1503/1426 1507/1504/1427
f 1508/1505/1428 1509/1506/1429 1510/1507/1430
f 1509/1506/1429 1511/1508/1431 1512/1509/1432
f 1513/1510/1433 1506/1503/1426 1514/1511/1434
f 1515/1512/1435 1516/1513/1436 1517/1514/1437
f 1518/1515/1438 1519/1516/1439 1520/1517/1440
f 1521/1518/1441 1522/1519/1442 1519/1516/1439
f 1523/1520/1443 1524/1521/1444 1525/1522/1445
f 1521/1518/1441 1526/1523/1387 1522/1519/1442
f 1527/1524/1388 1528/1525/1446 1529/1526/1447
f 1530/1527/1202 1485/1482/1407 1484/1481/1406
f 1531/1528/1448 1527/1524/1388 1532/1529/1449
f 1533/1530/1450 1534/1531/1451 1535/1532/1452
f 259/259/254 1536/1533/1453 1537/1534/1454
f 1538/1535/1455 1539/1536/1456 1540/1537/1457
f 1541/1538/1458 1542/1539/1459 1543/1540/1460
f 1542/1539/1459 1541/1538/1458 1533/1530/1450
f 1544/1541/1461 1545/1542/1462 1546/1543/1463
f 430/430/419 1542/1539/1459 1547/1544/1464
f 1548/1545/1465 1549/1546/1466 1550/1547/1467
f 1485/1482/1407 1471/1468/1393 1473/1470/1395
f 1551/1548/1468 1552/1549/1469 1553/1550/1470
f 1554/1551/1471 1543/1540/1460 1542/1539/1459
f 1472/1469/1394 1471/1468/1393 1499/1496/1419
f 1554/1551/1471 1540/1537/1457 1543/1540/1460
f 1555/1552/1472 1556/1553/1473 1557/1554/1474
f 1554/1551/1471 1558/1555/1475 1540/1537/1457
f 1545/1542/1462 1555/1552/1472 1557/1554/1474
f 1555/1552/1472 1545/1542/1462 1544/1541/1461
f 1540/1537/1457 1559/1556/1476 1538/1535/1455
f 1556/1553/1473 1560/1557/1477 1557/1554/1474
f 1559/1556/1476 1540/1537/1457 1558/1555/1475
f 1560/1557/1477 1561/1558/1478 1557/1554/1474
f 1562/1559/1479 1563/1560/1480 1564/1561/1481
f 1565/1562/1482 1566/1563/1483 1567/1564/1484
f 1566/1563/1483 1568/1565/1485 1569/1566/1486
f 1570/1567/1487 1571/1568/1479 1559/1556/1488
f 1572/1569/1489 1573/1570/1490 1574/1571/1491
f 898/898/857 900/900/859 1575/1572/1492
f 1573/1570/1490 1572/1569/1489 1576/1573/1493
f 1559/1556/1488 1571/1568/1479 1577/1574/1489
f 900/900/859 901/901/860 1492/1489/1414
f 1577/1574/1489 1571/1568/1479 1533/1530/1450
f 1578/1575/1494 1579/1576/1495 1580/1577/1496
f 1579/1576/1495 1578/1575/1494 1581/1578/1497
f 1582/1579/1498 1583/1580/1499 1584/1581/1500
f 1580/1577/1496 1585/1582/1501 1578/1575/1494
f 1586/1583/1502 1587/1584/1503 1585/1582/1501
f 1586/1583/1502 1585/1582/1501 1580/1577/1496
f 1582/1579/1498 1588/1585/1504 1589/1586/1505
f 1590/1587/1506 1591/1588/1504 1592/1589/1507
f 1593/1590/1508 1589/1586/1505 1588/1585/1504
f 1594/1591/1509 1587/1584/1503 1586/1583/1502
f 1595/1592/1510 1596/1593/1511 1597/1594/1512
f 1594/1591/1509 1598/1595/1513 1587/1584/1503
f 1506/1503/1426 1599/1596/1514 1507/1504/1427
f 1600/1597/1515 1514/1511/1434 1505/1502/1425
f 1514/1511/1434 1506/1503/1426 1505/1502/1425
f 1514/1511/1434 1601/1598/1516 1513/1510/1433
f 1602/1599/1431 1603/1600/1517 1604/1601/1518
f 1514/1511/1434 1600/1597/1515 1517/1514/1519
f 1605/1602/1520 1606/1603/1521 1607/1604/1522
f 1600/1597/1515 1608/1605/1523 1517/1514/1519
f 1609/1606/1524 1518/1515/1438 1610/1607/1525
f 1516/1513/1436 1515/1512/1435 1611/1608/1526
f 1519/1516/1439 1522/1519/1442 1520/1517/1440
f 1517/1514/1437 1612/1609/1527 1515/1512/1435
f 1613/1610/1528 1467/1464/1389 1515/1512/1435
f 1531/1528/1448 1528/1525/1446 1527/1524/1388
f 1465/1462/1387 1614/1611/1529 1466/1463/1388
f 1526/1523/1387 1615/1612/1530 1616/1613/1529
f 1615/1612/1530 1617/1614/1531 1616/1613/1529
f 1618/1615/1532 1531/1528/1448 1532/1529/1449
f 1619/1616/1449 1614/1611/1529 1620/1617/1533
f 1621/1618/1534 1622/1619/1535 1623/1620/1536
f 1618/1615/1532 1624/1621/1537 1625/1622/1538
f 1575/1572/1492 900/900/859 1626/1623/1539
f 1620/1617/1531 279/279/274 1627/1624/1540
f 1628/1625/1541 1629/1626/1542 1630/1627/1543
f 1631/1628/1544 1632/1629/1545 1633/1630/1546
f 1634/1631/1547 1635/1632/1548 1636/1633/1549
f 1637/1634/1550 1638/1635/1551 1639/1636/1552
f 1640/1637/1477 1633/1630/1546 1641/1638/1553
f 1640/1637/1477 1641/1638/1553 1642/1639/1554
f 1643/1640/1555 1516/1513/1436 1644/1641/1556
f 1611/1608/1526 1642/1639/1554 1637/1634/1557
f 1601/1598/1516 1633/1630/1546 1513/1510/1433
f 1645/1642/1558 1646/1643/1559 1647/1644/1546
f 1633/1630/1546 1640/1637/1477 1513/1510/1433
f 1633/1630/1546 1632/1629/1545 1641/1638/1553
f 1639/1636/1552 1638/1635/1551 1632/1629/1545
f 1632/1629/1545 1638/1635/1551 1641/1638/1553
f 1642/1639/1554 1641/1638/1553 1637/1634/1557
f 1639/1636/1552 1632/1629/1545 1631/1628/1544
f 1637/1634/1557 1644/1641/1556 1611/1608/1526
f 1648/1645/1560 1649/1646/1561 1650/1647/1562
f 1651/1648/1563 1648/1645/1560 1650/1647/1562
f 1645/1642/1558 1652/1649/1564 1646/1643/1559
f 1542/1539/1459 1533/1530/1450 1547/1544/1464
f 430/430/419 1653/1650/1565 1654/1651/1566
f 1542/1539/1459 430/430/419 1654/1651/1566
f 1541/1538/1458 1539/1536/1456 1655/1652/1567
f 1653/1650/1565 1656/1653/1568 1654/1651/1566
f 1539/1536/1456 1538/1535/1455 1655/1652/1567
f 1541/1538/1458 1655/1652/1567 1533/1530/1450
f 1655/1652/1567 1577/1574/1489 1533/1530/1450
f 1657/1654/1569 1658/1655/1570 1659/1656/1450
f 1660/1657/1571 1564/1561/1481 1563/1560/1480
f 1661/1658/1572 1656/1653/1568 1506/1503/1426
f 1538/1535/1455 1662/1659/1573 1655/1652/1567
f 1538/1535/1455 1559/1556/1476 1662/1659/1573
f 1559/1556/1476 1558/1555/1475 1663/1660/1574
f 1566/1563/1483 1565/1562/1482 1568/1565/1485
f 1664/1661/1575 1642/1639/1554 1611/1608/1526
f 1534/1531/1451 1642/1639/1554 1664/1661/1575
f 1465/1462/1387 1467/1464/1389 1613/1610/1528
f 1620/1617/1531 1665/1662/1530 279/279/274
f 279/279/274 1665/1662/1530 1300/1298/1576
f 1535/1532/1452 1666/1663/1532 1533/1530/1450
f 1667/1664/1577 190/190/185 1668/1665/1578
f 1667/1664/1577 188/188/183 190/190/185
f 1669/1666/1579 1581/1578/1497 1578/1575/1494
f 1667/1664/1577 1653/1650/1565 188/188/183
f 1653/1650/1565 1667/1664/1577 1670/1667/1580
f 1671/1668/1496 1672/1669/1431 1673/1670/1581
f 1674/1671/1582 1592/1589/1507 1675/1672/1583
f 1591/1588/1504 1675/1672/1583 1592/1589/1507
f 1582/1579/1498 1584/1581/1500 1588/1585/1504
f 1670/1667/1580 1676/1673/1505 1653/1650/1565
f 1672/1669/1431 1677/1674/1584 1673/1670/1581
f 1678/1675/1585 1591/1588/1504 1590/1587/1506
f 1590/1587/1506 1507/1504/1427 1678/1675/1585
f 1656/1653/1568 1653/1650/1565 1599/1596/1514
f 1676/1673/1505 1599/1596/1514 1653/1650/1565
f 1599/1596/1514 1506/1503/1426 1656/1653/1568
f 1599/1596/1514 1678/1675/1585 1507/1504/1427
f 1506/1503/1426 1640/1637/1477 1661/1658/1572
f 1640/1637/1477 1506/1503/1426 1513/1510/1433
f 1509/1506/1429 1508/1505/1428 1511/1508/1431
f 1508/1505/1428 1510/1507/1430 1679/1676/1586
f 1643/1640/1555 1633/1630/1546 1601/1598/1516
f 1517/1514/1519 1601/1598/1516 1514/1511/1434
f 1601/1598/1516 1516/1513/1436 1643/1640/1555
f 1672/1669/1431 1671/1668/1496 1680/1677/1587
f 1681/1678/1588 1682/1679/1589 1683/1680/1590
f 190/190/185 1680/1677/1587 1671/1668/1496
f 1671/1668/1496 1668/1665/1578 190/190/185
f 1610/1607/1525 1518/1515/1438 1520/1517/1440
f 1680/1677/1587 190/190/185 1301/1299/1235
f 1516/1513/1436 1611/1608/1526 1644/1641/1556
f 1682/1679/1589 1684/1681/1591 1685/1682/1592
f 1521/1518/1441 1519/1516/1439 1686/1683/1593
f 1687/1684/1594 1688/1685/1595 1685/1682/1592
f 1612/1609/1527 1613/1610/1528 1515/1512/1435
f 190/190/185 354/354/345 1301/1299/1235
f 1529/1526/1447 1528/1525/1446 1689/1686/1596
f 1630/1627/1543 1629/1626/1542 1627/1624/1540
f 1690/1687/1597 1691/1688/1598 1692/1689/1599
f 1451/1448/1375 1227/1225/1164 1292/1290/1228
f 377/377/366 378/378/367 353/353/344
f 1693/1690/1600 1630/1627/1543 1627/1624/1540
f 1526/1523/1387 1521/1518/1441 1615/1612/1530
f 1300/1298/1576 1665/1662/1530 1694/1691/1441
f 1619/1616/1449 1629/1626/1542 1628/1625/1541
f 1619/1616/1449 1466/1463/1388 1614/1611/1529
f 1535/1532/1452 1534/1531/1451 1664/1661/1575
f 1618/1615/1532 1532/1529/1449 1624/1621/1537
f 1623/1620/1536 1622/1619/1535 1695/1692/1601
f 1696/1693/1602 1697/1694/1603 1698/1695/1604
f 1666/1663/1532 1630/1627/1543 1533/1530/1450
f 1699/1696/1605 1700/1697/1606 1701/1698/1607
f 1702/1699/1608 1703/1700/1609 1704/1701/1610
f 1705/1702/1611 1706/1703/1612 1707/1704/1613
f 1708/1705/1614 1709/1706/1615 1710/1707/1616
f 1700/1697/1606 1699/1696/1605 1711/1708/1617
f 1712/1709/1618 1713/1710/1619 1714/1711/1620
f 1715/1712/1621 1716/1713/1622 1717/1714/1623
f 1718/1715/1624 1719/1716/1625 1720/1717/1626
f 1721/1718/1627 1722/1719/1628 1723/1720/1629
f 1724/1721/1629 1725/1722/1630 1726/1723/1631
f 1726/1723/1631 1709/1706/1615 1724/1721/1629
f 1725/1722/1630 1727/1724/1632 1726/1723/1631
f 1701/1698/1607 1728/1725/1633 1699/1696/1605
f 1729/1726/1634 1701/1698/1607 1700/1697/1606
f 1725/1722/1630 1730/1727/1635 1727/1724/1632
f 1731/1728/1636 1732/1729/1637 1733/1730/1638
f 1727/1724/1632 1720/1717/1626 1734/1731/1639
f 1735/1732/1640 1736/1733/1641 1737/1734/1642
f 1734/1731/1639 1720/1717/1626 1719/1716/1625
f 1738/1735/1643 1739/1736/1644 1740/1737/1645
f 1741/1738/1646 1716/1713/1622 1742/1739/1647
f 1716/1713/1622 1715/1712/1621 1742/1739/1647
f 1743/1740/1648 1744/1741/1649 1745/1742/1650
f 1746/1743/1651 1747/1744/1652 1748/1745/1653
f 1748/1745/1653 1749/1746/1654 1750/1747/1655
f 1751/1748/1656 1752/1749/1657 1753/1750/1658
f 1754/1751/1659 1755/1752/1660 1756/1753/1661
f 1755/1752/1660 1754/1751/1659 1757/1754/1662
f 1758/1755/1663 1759/1756/1664 1760/1757/1665
f 1761/1758/1666 1762/1759/1667 1763/1760/1668
f 1764/1761/1669 1759/1756/1664 1758/1755/1663
f 1765/1762/1670 1766/1763/1671 1762/1759/1667
f 1767/1764/1672 1768/1765/1673 1769/1766/1674
f 1770/1509/1598 1769/1766/1674 1768/1765/1673
f 1771/1767/1675 1772/1768/1676 1773/1769/1677
f 1762/1759/1667 1774/1770/1678 1775/1771/1679
f 1690/1687/1597 1688/1685/1595 1687/1684/1594
f 1759/1756/1664 1776/1772/1680 1760/1757/1665
f 1777/1773/1681 1761/1758/1666 1763/1760/1668
f 1778/1774/1682 1779/1775/1683 1780/1776/1684
f 1746/1743/1651 1781/1777/1685 1747/1744/1652
f 1748/1745/1653 1750/1747/1655 1782/1778/1686
f 1757/1754/1662 1783/1779/1687 1784/1780/1688
f 1768/1765/1673 1767/1764/1672 1785/1781/1689
f 1786/1782/1690 1787/1783/1691 1772/1768/1676
f 1788/1784/1692 1789/1785/1693 1790/1786/1694
f 1791/1787/1695 1792/1788/1696 1793/1789/1697
f 1794/1790/1250 1795/1791/1698 1796/1792/1699
f 1797/1793/1700 1682/1679/1589 1798/1794/1683
f 1797/1793/1700 1798/1794/1683 1799/1795/1701
f 1800/1796/1702 1801/1797/1703 1802/1798/1704
f 1803/1799/1705 1804/1800/1706 1326/1324/1707
f 1805/1801/1703 1799/1795/1701 1798/1794/1683
f 1806/1802/1708 1807/1803/1709 1808/1804/1710
f 1809/1805/1711 1807/1803/1709 1806/1802/1708
f 1810/1806/1712 1811/1807/1713 1812/1808/1714
f 1804/1800/1706 1813/1809/1715 1814/1810/1714
f 1682/1679/1589 1797/1793/1700 1683/1680/1590
f 1815/1811/1716 1315/1313/1249 1816/1812/1717
f 1315/1313/1249 1817/1813/1718 1816/1812/1717
f 1818/1814/1719 1811/1807/1713 1810/1806/1712
f 1818/1814/1719 1819/1815/1720 1811/1807/1713
f 1820/1816/1721 1817/1813/1718 1314/1312/1248
f 1821/1817/1722 1822/1818/1723 1823/1819/1724
f 885/885/847 1691/1688/1598 1824/1820/1725
f 1825/1821/1726 1692/1689/1599 885/885/847
f 1826/1822/1727 1827/1823/1728 1828/1824/848
f 1691/1688/1598 885/885/847 1692/1689/1599
f 1772/1768/1676 1771/1767/1675 1829/1825/1729
f 1830/1826/1730 1831/1827/1731 1832/1828/1732
f 1833/1829/1733 1831/1827/1731 1830/1826/1730
f 1688/1685/1595 1692/1689/1599 1825/1821/1726
f 1762/1759/1667 1766/1763/1671 1774/1770/1678
f 1834/1830/1734 1835/1831/1735 1784/1780/1688
f 1834/1830/1734 1784/1780/1688 1836/1832/276
f 1837/1833/1736 1838/1834/1737 898/898/857
f 1784/1780/1688 1783/1779/1687 1836/1832/276
f 1839/1835/1738 1630/1627/1543 1693/1690/1600
f 1748/1745/1653 1782/1778/1686 1746/1743/1651
f 1840/1836/1739 1841/1837/1740 1842/1838/1741
f 1842/1838/1741 1843/1839/1742 1840/1836/1739
f 1844/1840/1743 1845/1841/1744 1846/1842/1745
f 1844/1840/1743 1696/1693/1602 1845/1841/1744
f 1847/1843/1746 1848/1844/1747 1849/1845/1748
f 1850/1846/1749 1851/1847/1750 1846/1842/1745
f 1852/1848/1751 1853/1849/1752 1854/1850/1753
f 1855/1851/1754 1853/1849/1752 1852/1848/1751
f 1837/1833/1736 1856/1852/1755 1838/1834/1737
f 1857/1853/1756 1858/1854/1757 1859/1855/1758
f 1860/1856/1759 1861/1857/1760 1862/1858/1761
f 1833/1829/1733 1863/1859/1762 1864/1860/1763
f 1833/1829/1733 1865/1861/1764 1863/1859/1762
f 1866/1862/1765 1833/1829/1733 1830/1826/1730
f 1822/1818/1723 1867/1863/1766 1868/1864/1767
f 1814/1810/1714 1813/1809/1715 1869/1865/1768
f 1868/1864/1767 1867/1863/1766 1870/1866/1769
f 1871/1867/1770 1868/1864/1767 1870/1866/1769
f 1872/1868/1771 1804/1800/1706 1803/1799/1705
f 1873/1869/1772 1874/1870/1773 1875/1871/1774
f 1876/1872/1775 1875/1871/1774 1874/1870/1773
f 1704/1701/1610 1877/1873/1776 1878/1874/1777
f 1879/1875/1778 1880/1876/1779 1881/1877/1780
f 1882/1878/1781 1883/1879/1782 1884/1880/1783
f 1882/1878/1781 1885/1881/1784 1886/1882/1785
f 1885/1881/1784 1887/1883/1742 1888/1884/1786
f 1877/1873/1776 1889/1885/1787 1878/1874/1777
f 1751/1748/1656 1753/1750/1658 1843/1839/1742
f 1533/1530/1450 1839/1835/1738 1890/1886/1658
f 1887/1883/1742 1839/1835/1738 1888/1884/1786
f 1843/1839/1742 1842/1838/1741 1751/1748/1656
f 1885/1881/1784 1888/1884/1786 1891/1887/1788
f 1764/1761/1669 1758/1755/1663 1785/1781/1689
f 1891/1887/1788 1886/1882/1785 1885/1881/1784
f 886/886/848 281/281/276 280/280/275
f 1773/1769/1677 1772/1768/1676 1787/1783/1691
f 1685/1682/1592 1688/1685/1595 1698/1695/1604
f 1685/1682/1592 1684/1681/1591 1687/1684/1594
f 1682/1679/1789 1892/1888/1790 1893/1889/1791
f 1786/1782/1690 1314/1312/1248 1787/1783/1691
f 1820/1816/1721 1314/1312/1248 1786/1782/1690
f 1796/1792/1699 1807/1803/1709 1809/1805/1711
f 1796/1792/1699 1809/1805/1711 1794/1790/1250
f 1894/1890/1702 1893/1889/1791 1892/1888/1790
f 1805/1801/1703 1325/1323/1792 1799/1795/1701
f 1800/1796/1702 1895/1891/1793 1896/1892/1794
f 1872/1868/1771 1325/1323/1792 1805/1801/1703
f 1897/1893/1795 1898/1894/1770 1899/1895/1793
f 1800/1796/1702 1896/1892/1794 1801/1797/1703
f 1895/1891/1793 1870/1866/1769 1896/1892/1794
f 1900/1896/1796 1901/1897/1797 1902/1898/1798
f 1812/1808/1714 1811/1807/1713 1903/1899/1799
f 1903/1899/1799 1904/1900/1800 1812/1808/1714
f 1734/1731/1639 1905/1901/1801 1906/1902/1802
f 1869/1865/1768 1813/1809/1715 1866/1862/1803
f 1907/1903/1804 1830/1826/1730 1832/1828/1732
f 1822/1818/1723 1821/1817/1722 1867/1863/1766
f 1831/1827/1731 1864/1860/1763 1837/1833/1736
f 1833/1829/1733 1864/1860/1763 1831/1827/1731
f 1863/1859/1762 1908/1904/1805 1837/1833/1736
f 1837/1833/1736 1908/1904/1805 1856/1852/1755
f 1909/1905/1806 1910/1906/1807 1911/1907/1808
f 1859/1855/1758 1912/1908/1809 1876/1872/1775
f 1856/1852/1755 1908/1904/1805 1913/1909/1810
f 1913/1909/1810 1914/1910/1752 1856/1852/1755
f 1915/1911/1811 1916/1912/1812 1917/1913/1772
f 1914/1910/1752 1913/1909/1810 1851/1847/1750
f 1846/1842/1745 1918/1914/1813 1850/1846/1749
f 1919/1915/1645 1916/1912/1812 1915/1911/1811
f 1851/1847/1750 1850/1846/1749 1914/1910/1752
f 1844/1840/1743 1917/1913/1772 1916/1912/1812
f 1846/1842/1745 1917/1913/1772 1844/1840/1743
f 1696/1693/1602 1698/1695/1604 1825/1821/1726
f 1846/1842/1745 1845/1841/1744 1918/1914/1813
f 1734/1731/1639 1719/1716/1625 1920/1916/1761
f 1921/1917/1814 1922/1918/1815 1923/1919/1816
f 1710/1707/1616 1892/1888/1790 1924/1920/1817
f 1897/1893/1795 1899/1895/1793 1710/1707/1616
f 1708/1705/1614 1724/1721/1629 1709/1706/1615
f 1711/1708/1617 1699/1696/1605 1925/1921/1818
f 1726/1723/1631 1898/1894/1770 1709/1706/1615
f 1926/1922/1819 1927/1923/1820 1928/1924/1821
f 1727/1724/1632 1734/1731/1639 1906/1902/1802
f 1738/1735/1643 1929/1925/1627 1739/1736/1644
f 1720/1717/1626 1919/1915/1822 1718/1715/1624
f 1930/1926/1823 1931/1927/1824 1932/1928/1825
f 1933/1929/1623 1934/1930/1646 1697/1694/1603
f 1919/1915/1645 1935/1931/1826 1936/1932/1827
f 1933/1929/1623 1697/1694/1603 1844/1840/1743
f 1884/1880/1783 1883/1879/1782 1547/1544/1464
f 1841/1837/1740 1840/1836/1739 1937/1933/1778
f 1547/1544/1464 1938/1934/1828 1884/1880/1783
f 1877/1873/1776 1704/1701/1610 1703/1700/1609
f 1839/1835/1738 1887/1883/1742 1890/1886/1658
f 1533/1530/1450 1890/1886/1658 1938/1934/1828
f 1938/1934/1828 1547/1544/1464 1533/1530/1450
f 1759/1756/1664 1939/1935/1829 1776/1772/1680
f 1302/1300/1236 1627/1624/1540 279/279/274
f 1302/1300/1236 1693/1690/1600 1627/1624/1540
f 1757/1754/1662 1754/1751/1659 1783/1779/1687
f 1533/1530/1450 1630/1627/1543 1839/1835/1738
f 1762/1759/1667 1775/1771/1679 1763/1760/1668
f 1764/1761/1669 1785/1781/1689 1767/1764/1672
f 1940/1936/1830 1941/1937/1831 1942/1938/1832
f 1825/1821/1726 885/885/847 280/280/275
f 1943/1939/1833 1944/1940/1834 1886/1882/1785
f 1692/1689/1599 1688/1685/1595 1690/1687/1597
f 1886/1882/1785 1944/1940/1834 1882/1878/1781
f 1944/1940/1834 1883/1879/1782 1882/1878/1781
f 1688/1685/1595 1825/1821/1726 1698/1695/1604
f 1924/1920/1817 1892/1888/1790 1698/1695/1835
f 1682/1679/1589 1681/1678/1588 1684/1681/1591
f 1945/1941/1836 1946/1942/1837 1947/1943/1838
f 1948/1944/1839 1949/1945/1840 1950/1946/1841
f 1817/1813/1718 1315/1313/1249 1314/1312/1248
f 1951/1947/1842 821/821/790 445/445/431
f 1952/1948/1843 1951/1947/1842 444/444/430
f 1800/1796/1702 1802/1798/1704 1953/1949/1844
f 1710/1707/1616 1894/1890/1702 1892/1888/1790
f 1954/1950/1845 1325/1323/1245 821/821/790
f 1955/1951/1846 1956/1952/1847 1957/1953/1848
f 1872/1868/1771 1803/1799/1705 1325/1323/1792
f 1450/1447/1374 1958/1954/1849 1959/1955/1850
f 1871/1867/1770 1870/1866/1769 1895/1891/1793
f 1326/1324/1258 1960/1956/1851 821/821/790
f 1814/1810/1714 1326/1324/1707 1804/1800/1706
f 1960/1956/1851 1907/1903/1804 821/821/790
f 1905/1901/1801 1734/1731/1639 1865/1861/1852
f 1894/1890/1702 1710/1707/1616 1899/1895/1793
f 821/821/790 1951/1947/1842 1954/1950/1845
f 1906/1902/1802 1726/1723/1631 1727/1724/1632
f 1709/1706/1615 1898/1894/1770 1897/1893/1795
f 1696/1693/1602 1825/1821/1726 1961/1957/1853
f 1961/1957/1853 1825/1821/1726 280/280/275
f 1906/1902/1802 1898/1894/1770 1726/1723/1631
f 1962/1958/1854 1963/1959/1855 1964/1960/1856
f 1696/1693/1602 1844/1840/1743 1697/1694/1603
f 1850/1846/1857 1961/1957/1853 280/280/275
f 1965/1961/1858 1964/1960/1856 1963/1959/1855
f 1844/1840/1743 1916/1912/1812 1933/1929/1623
f 280/280/275 1966/1962/1859 1850/1846/1857
f 1966/1962/1859 280/280/275 211/211/205
f 1874/1870/1773 1873/1869/1772 1967/1963/1860
f 211/211/205 1968/1964/1861 1966/1962/1859
f 1915/1911/1811 1935/1931/1826 1919/1915/1645
f 1876/1872/1775 1912/1908/1809 1875/1871/1774
f 211/211/205 1838/1834/1737 1968/1964/1861
f 1853/1849/1752 1855/1851/1754 1969/1965/1862
f 1912/1908/1809 1859/1855/1758 1858/1854/1757
f 1935/1931/1826 1920/1916/1761 1936/1932/1827
f 1838/1834/1737 211/211/205 898/898/857
f 1821/1817/1722 1823/1819/1724 1970/1966/1863
f 1832/1828/1732 821/821/790 1907/1903/1804
f 1920/1916/1761 1865/1861/1852 1734/1731/1639
f 1837/1833/1736 898/898/857 1831/1827/1731
f 1920/1916/1761 1719/1716/1625 1936/1932/1827
f 1837/1833/1736 1864/1860/1763 1863/1859/1762
f 1971/1967/1864 1972/1968/1865 791/791/761
f 1973/1969/1866 791/791/761 1972/1968/1865
f 1974/1970/1867 1946/1942/1837 1973/1969/1866
f 1972/1968/1865 1975/1971/1868 1974/1970/1867
f 1976/1972/1869 1977/1973/1870 1978/1974/1871
f 1979/1975/1872 1980/1976/1873 1981/1977/1874
f 1982/1978/1875 791/791/761 1983/1979/1876
f 1984/1980/1877 1971/1967/1864 1985/1981/1878
f 1985/1981/1878 1971/1967/1864 791/791/761
f 1832/1828/1732 1986/1982/1873 791/791/761
f 791/791/761 1986/1982/1873 1985/1981/1878
f 1972/1968/1865 1974/1970/1867 1973/1969/1866
f 1986/1982/1873 1946/1942/1837 1987/1983/1879
f 1988/1984/1870 1989/1985/1880 1990/1986/1867
f 1971/1967/1864 1984/1980/1877 1972/1968/1865
f 1974/1970/1867 1987/1983/1879 1946/1942/1837
f 1991/1987/1881 1832/1828/1732 1992/1988/1882
f 1982/1978/1875 1450/1447/1374 791/791/761
f 1993/1989/1883 1994/1990/1884 1995/1991/1885
f 1996/1992/1886 1997/1993/1887 1998/1994/1888
f 1901/1897/1797 1996/1992/1886 1902/1898/1798
f 1999/1995/1889 1945/1941/1836 1626/1623/1539
f 1992/1988/1882 2000/1996/1890 1947/1943/1838
f 1831/1827/1731 1992/1988/1882 1832/1828/1732
f 2001/1997/1891 2002/1998/1890 2003/1999/1892
f 1992/1988/1882 1947/1943/1838 1991/1987/1881
f 1947/1943/1838 1832/1828/1732 1991/1987/1881
f 1972/1968/1865 1984/1980/1877 1975/1971/1868
f 791/791/761 1973/1969/1866 1983/1979/1876
f 1901/1897/1797 1997/1993/1887 1996/1992/1886
f 1981/1977/1874 2004/2000/1893 1979/1975/1872
f 2005/2001/1894 2006/2002/1895 2007/2003/1896
f 2008/2004/1897 2009/2005/1898 2010/2006/1899
f 2011/2007/1900 2012/2008/1901 2013/2009/1902
f 1947/1943/1838 1946/1942/1837 1832/1828/1732
f 1946/1942/1837 1986/1982/1873 1832/1828/1732
f 2014/2010/1903 2015/2011/1904 2016/2012/1902
f 2017/2013/1905 2018/2014/1906 2019/2015/1907
f 1900/1896/1796 1902/1898/1798 2020/2016/1908
f 1493/1490/1415 1626/1623/1539 900/900/859
f 1900/1896/1796 2021/2017/1909 2022/2018/1836
f 1945/1941/1836 2023/2019/1910 1626/1623/1539
f 1900/1896/1796 2020/2016/1908 2021/2017/1909
f 1575/1572/1492 1626/1623/1539 2023/2019/1910
f 1831/1827/1731 898/898/857 1992/1988/1882
f 1992/1988/1882 898/898/857 2024/2020/1911
f 2000/1996/1890 2023/2019/1910 1945/1941/1836
f 1575/1572/1492 2024/2020/1911 898/898/857
f 2002/1998/1890 2001/1997/1891 2025/2021/1912
f 2026/2022/1913 2027/2023/1914 2028/2024/1915
f 1994/1990/1884 1958/1954/1849 1995/1991/1885
f 1959/1955/1850 1958/1954/1849 2029/2025/1916
f 2030/2026/1917 2006/2002/1895 2005/2001/1894
f 2031/2027/1903 1994/1990/1884 1993/1989/1883
f 2032/2028/1918 2033/2029/1919 2034/2030/1920
f 2035/2031/1921 2002/1998/1890 2025/2021/1912
f 1626/1623/1539 2031/2027/1903 1999/1995/1889
f 2036/2032/1922 2037/2033/1923 2038/2034/1924
f 1999/1995/1889 2031/2027/1903 1993/1989/1883
f 2016/2012/1902 2015/2011/1904 2039/2035/1900
f 2029/2025/1916 1492/1489/1414 901/901/860
f 2040/2036/1925 2041/2037/1926 2042/2038/1927
f 1994/1990/1884 2029/2025/1916 1958/1954/1849
f 2043/2039/1928 2044/2040/1929 2045/2041/1930
f 2046/2042/1931 2047/2043/1932 2048/2044/1933
f 1947/1943/1838 2000/1996/1890 1945/1941/1836
f 1450/1447/1374 1982/1978/1875 1958/1954/1849
f 2029/2025/1916 1994/1990/1884 2049/2045/1934
f 2050/2046/1935 2051/2047/1936 2052/2048/1937
f 1393/1390/1321 264/264/259 1328/1326/1260
f 2053/2049/1938 2054/2050/1939 2050/2046/1935
f 2048/2044/1933 2047/2043/1932 2055/2051/1940
f 2056/2052/1941 2057/2053/1942 2058/2054/1943
f 2059/2055/1944 2060/2056/1945 2061/2057/1946
f 2062/2058/1947 2063/2059/1948 2064/2060/1949
f 2065/2061/1950 2066/2062/1951 2067/2063/1952
f 2068/2064/1346 216/216/210 215/215/209
f 2069/2065/1953 2070/2066/1954 2071/2067/1955
f 2072/2068/1956 2071/2067/1955 2070/2066/1954
f 2073/2069/1957 2074/2070/1958 2075/2071/1959
f 2076/2072/1960 2077/2073/1961 2078/2074/1962
f 2014/2010/1903 2079/2075/1963 2015/2011/1904
f 2080/2076/1964 2081/2077/1965 1493/1490/1415
f 2082/2078/1966 2083/2079/1967 2084/2080/1968
f 2085/2081/1969 2086/2082/1970 2087/2083/1971
f 356/356/347 267/267/262 2088/2084/1972
f 2089/2085/1973 2090/2086/1974 2084/2080/1968
f 2091/2087/1975 2092/2088/1976 2093/2089/1977
f 2094/2090/1978 2053/2049/1938 2095/2091/1979
f 2082/2078/1966 2084/2080/1968 2090/2086/1974
f 2096/2092/1980 2097/2093/1981 2098/2094/1982
f 2074/2070/1958 2098/2094/1982 2097/2093/1981
f 2099/2095/1983 2056/2052/1941 2058/2054/1943
f 2066/2062/1951 2100/2096/1984 2101/2097/1985
f 2102/2098/1986 2103/2099/1987 2047/2043/1988
f 2104/2100/1989 2105/2101/1990 2106/2102/1991
f 2089/2085/1973 2107/2103/1915 2090/2086/1974
f 2108/2104/1992 2066/2062/1951 2065/2061/1950
f 2101/2097/1985 2100/2096/1984 2109/2105/1993
f 2110/2106/1994 2026/2022/1913 2111/2107/1995
f 2112/2108/1996 2072/2068/1956 2106/2102/1991
f 2072/2068/1956 2070/2066/1954 2106/2102/1991
f 2113/2109/1997 2055/2051/1940 2114/2110/1998
f 2115/2111/1999 2116/2112/2000 2117/2113/2001
f 2017/2013/1905 2118/2114/2002 2018/2014/1906
f 2119/2115/2003 2109/2105/1993 2120/2116/1978
f 2106/2102/1991 2121/2117/2004 2112/2108/1996
f 2064/2060/1949 2122/2118/2005 2062/2058/1947
f 2123/2119/2006 2061/2057/1946 2124/2120/2007
f 2125/2121/1981 2114/2110/1998 2126/2122/2008
f 2126/2122/2008 2114/2110/1998 2065/2061/1950
f 2049/2045/1934 1492/1489/1414 2029/2025/1916
f 2100/2096/1984 2120/2116/1978 2109/2105/1993
f 2127/2123/2009 2085/2081/1969 2087/2083/1971
f 2073/2069/1957 2098/2094/1982 2074/2070/1958
f 2103/2099/1987 2102/2098/1986 2128/2124/2010
f 2129/2125/2011 2130/2126/2012 2131/2127/2013
f 2032/2028/1918 2132/2128/2014 2033/2029/1919
f 2070/2066/1954 2104/2100/1989 2106/2102/1991
f 2133/2129/2015 2134/2130/2016 2135/2131/2017
f 2108/2104/1992 2065/2061/1950 2055/2051/1940
f 2136/2132/2018 2102/2098/1986 2046/2042/2019
f 2092/2088/1976 2137/2133/2020 2093/2089/1977
f 2034/2030/1920 2138/2134/2021 2139/2135/1969
f 2033/2029/1919 2043/2039/1928 2138/2134/2021
f 2125/2121/1981 2113/2109/1997 2114/2110/1998
f 2132/2128/2014 2044/2040/1929 2043/2039/1928
f 2140/2136/2022 2141/2137/2023 2044/2040/1929
f 2045/2041/1930 2044/2040/1929 2141/2137/2023
f 2055/2051/1940 2065/2061/1950 2114/2110/1998
f 2101/2097/1985 2067/2063/1952 2066/2062/1951
f 1493/1490/1415 1492/1489/1414 2080/2076/1964
f 2142/2138/2024 2081/2077/1965 2080/2076/1964
f 2143/2139/2025 2144/2140/2026 2145/2141/2027
f 2146/2142/2028 2067/2063/1952 2101/2097/1985
f 2053/2049/1938 2094/2090/1978 2147/2143/2029
f 2148/2144/2030 2071/2067/1955 2072/2068/1956
f 2149/2145/2031 2150/2146/2032 2151/2147/2033
f 2132/2128/2014 2140/2136/2022 2044/2040/1929
f 2143/2139/2025 2145/2141/2027 2152/2148/2034
f 2126/2122/2008 2065/2061/1950 2153/2149/2035
f 2154/2150/2036 2155/2151/2037 2060/2056/1945
f 2043/2039/1928 2033/2029/1919 2132/2128/2014
f 2026/2022/1913 2110/2106/1994 2027/2023/1914
f 2156/2152/2001 2136/2132/2018 2157/2153/2038
f 2045/2041/1930 2139/2135/1969 2138/2134/2021
f 901/901/860 2046/2042/2019 2029/2025/1916
f 2147/2143/2029 2054/2050/1939 2053/2049/1938
f 2125/2121/1981 2158/2154/2039 2159/2155/2040
f 2071/2067/1955 2160/2156/2041 2069/2065/1953
f 2138/2134/2021 2034/2030/1920 2033/2029/1919
f 2061/2057/1946 2060/2056/1945 2124/2120/2007
f 2128/2124/2010 2102/2098/1986 2136/2132/2018
f 2119/2115/2042 2161/2157/2043 2162/2158/2044
f 2146/2142/2028 2101/2097/1985 2163/2159/2045
f 2146/2142/2028 2069/2065/1953 2160/2156/2041
f 2164/2160/2046 2161/2157/2043 2119/2115/2042
f 2050/2046/1935 2054/2050/1939 2051/2047/1936
f 2160/2156/2041 2158/2154/2039 2125/2121/1981
f 1959/1955/1850 2029/2025/1916 2165/2161/2047
f 2060/2056/1945 2059/2055/1944 2154/2150/2036
f 2138/2134/2021 2043/2039/1928 2045/2041/1930
f 2029/2025/1916 2046/2042/2019 2165/2161/2047
f 2162/2158/2044 2163/2159/2045 2119/2115/2042
f 2045/2041/1930 2141/2137/2023 2166/2162/2048
f 2167/2163/2049 2159/2155/2040 1450/1447/1374
f 2168/2164/1970 2139/2135/1969 2045/2041/1930
f 2167/2163/2049 1450/1447/1374 1959/1955/1850
f 2160/2156/2041 2125/2121/1981 2126/2122/2008
f 2045/2041/1930 2166/2162/2048 2168/2164/1970
f 2126/2122/2008 2153/2149/2035 2160/2156/2041
f 2055/2051/1940 2047/2043/1932 2108/2104/1992
f 2119/2115/2042 2156/2152/2001 2157/2153/2038
f 814/814/784 2160/2156/2041 815/815/785
f 1381/1378/1309 2088/2084/1972 1382/1379/1310
f 2159/2155/2040 2158/2154/2039 1450/1447/1374
f 2162/2158/2044 2146/2142/2028 2163/2159/2045
f 2146/2142/2028 2160/2156/2041 2169/2165/1913
f 215/215/209 2170/2166/2050 2171/2167/2051
f 2172/2168/2052 2173/2169/2053 2174/2170/2054
f 2148/2144/2030 2175/2171/2055 2071/2067/1955
f 2176/2172/2056 89/89/88 794/794/764
f 2177/2173/2042 2078/2074/1962 2077/2073/1961
f 794/794/764 89/89/88 1352/1350/1281
f 2178/2174/2057 2170/2166/2050 215/215/209
f 2179/2175/2058 2180/2176/2059 2181/2177/2060
f 966/966/919 504/504/487 2182/2178/2061
f 2183/2179/2062 2184/2180/2063 2185/2181/2064
f 2186/2182/2065 2187/2183/2066 2188/2184/2067
f 2189/2185/2068 2190/2186/2069 2191/2187/2070
f 2188/2184/2067 2187/2183/2066 2192/2188/2071
f 1294/1292/1230 2193/2189/2072 1295/1293/1231
f 2192/2188/2071 2187/2183/2066 2194/2190/2073
f 2195/2191/2074 2196/2192/2075 2197/2193/2076
f 2198/2194/2077 2199/2195/2078 2200/2196/2079
f 621/621/601 2201/2197/2080 622/622/602
f 2202/2198/2081 162/162/158 267/267/262
f 2203/2199/2082 2204/2200/2083 235/235/1222
f 2205/2201/2084 2206/2202/2085 2207/2203/2086
f 146/146/143 2208/2204/2087 638/638/617
f 544/544/525 904/904/863 906/906/99
f 2175/2171/2055 2148/2144/2030 2157/2153/2038
f 2148/2144/2030 2072/2068/1956 2112/2108/1996
f 208/208/203 215/215/209 1536/1533/1453
f 2178/2174/2057 215/215/209 820/820/789
f 2209/2205/2088 2210/2206/31 2211/2207/2089
f 2157/2153/2038 2164/2160/2046 2119/2115/2042
f 2212/2208/2090 2164/2160/2046 2157/2153/2038
f 2178/2174/2057 820/820/789 2213/2209/2091
f 2214/2210/2092 2215/2211/2093 2216/2212/2091
f 820/820/789 2217/2213/2094 2213/2209/2091
f 2182/2178/2061 903/903/862 136/136/134
f 2218/2214/2095 2219/2215/2096 773/773/744
f 2220/2216/2097 2221/2217/2098 774/774/745
f 2222/2218/2099 2220/2216/2097 2223/2219/2056
f 2223/2219/2056 2220/2216/2097 2224/2220/2100
f 2176/2172/2056 2225/2221/2101 89/89/88
f 895/895/600 2226/2222/2102 373/373/362
f 2222/2218/2099 2221/2217/2098 2220/2216/2097
f 792/792/762 794/794/764 1352/1350/1281
f 2227/2223/2103 2228/2224/2104 2229/2225/2105
f 1375/1372/1303 2230/2226/2106 1380/1377/1308
f 793/793/763 2231/2227/2107 794/794/764
f 2232/2228/2108 788/788/758 787/787/757
f 2233/2229/2109 2227/2223/2103 2229/2225/2105
f 2231/2227/2107 2234/2230/2110 794/794/764
f 1380/1377/1308 2230/2226/2106 2235/2231/2111
f 2236/2232/2112 2237/2233/2113 2238/2234/2114
f 2239/2235/2115 2240/2236/2116 2241/2237/2117
f 2242/2238/2118 160/160/156 162/162/158
f 12/12/12 820/820/789 215/215/209
f 208/208/203 210/210/108 215/215/209
f 2136/2132/2018 2046/2042/2019 2157/2153/2038
f 2243/2239/2119 2244/2240/2120 2245/2241/951
f 2148/2144/2030 2212/2208/2090 2157/2153/2038
f 2068/2064/1346 215/215/209 210/210/108
f 2046/2042/2019 901/901/860 2246/2242/2121
f 2208/2204/2087 146/146/143 2247/2243/2122
f 2248/2244/2123 2249/2245/2124 1477/1474/1399
f 2169/2165/1913 2160/2156/2041 2153/2149/2035
f 2250/2246/2125 2093/2089/1977 2137/2133/2020
f 2233/2229/2109 2251/2247/2115 2227/2223/2103
f 2237/2233/2113 2241/2237/2117 2240/2236/2116
f 787/787/757 2252/2248/2114 2253/2249/2126
f 2240/2236/2116 2238/2234/2114 2237/2233/2113
f 373/373/362 2226/2222/2102 903/903/862
f 2254/2250/2127 2221/2217/2098 2255/2251/2128
f 774/774/745 2254/2250/2127 775/775/746
f 2256/2252/2129 2252/2248/2114 787/787/757
f 2236/2232/2112 2257/2253/2130 2258/2254/2131
f 903/903/862 2226/2222/2102 2259/2255/2132
f 2258/2254/2131 2254/2250/2127 2255/2251/2128
f 2237/2233/2113 2255/2251/2128 2221/2217/2098
f 2260/2256/2128 2261/2257/2133 2262/2258/2134
f 2258/2254/2131 2255/2251/2128 2236/2232/2112
f 2263/2259/2135 2258/2254/2131 2257/2253/2130
f 2257/2253/2130 2236/2232/2112 2238/2234/2114
f 2256/2252/2129 787/787/757 2264/2260/2136
f 2265/2261/2137 2264/2260/2136 787/787/757
f 1134/1133/1076 1095/1094/1039 1111/1110/1054
f 1479/1476/1401 2266/2262/2138 2267/2263/2139
f 2258/2254/2131 2268/2264/2140 2269/2265/2141
f 2270/2266/2142 2271/2267/2143 2272/2268/2144
f 2273/2269/2145 2274/2270/2146 2267/2263/2139
f 2267/2263/2139 2266/2262/2138 2273/2269/2145
f 2272/2268/2144 2275/2271/2147 2270/2266/2142
f 2199/2195/2078 2274/2270/2146 2273/2269/2145
f 2268/2264/2140 2258/2254/2131 2263/2259/2135
f 2276/2272/2148 2277/2273/2149 2278/2274/2150
f 2279/2275/2151 2199/2195/2078 2198/2194/2077
f 2274/2270/2146 2279/2275/2151 2280/2276/2152
f 2200/2196/2079 2184/2180/2063 2198/2194/2077
f 2281/2277/2153 2186/2182/2065 2188/2184/2067
f 2280/2276/2152 2279/2275/2151 2198/2194/2077
f 2282/2278/2154 2188/2184/2067 2192/2188/2071
f 2283/2279/2155 2284/2280/2156 2285/2281/2157
f 2286/2282/2158 2269/2265/2141 2287/2283/2159
f 1134/1133/1076 2288/2284/2160 964/964/917
f 964/964/917 963/963/916 1134/1133/1076
f 2289/2285/2161 371/371/360 373/373/362
f 2290/2286/2162 2275/2271/2147 2291/2287/2163
f 2292/2288/2164 1479/1476/1401 2267/2263/2139
f 1143/1142/1085 1479/1476/1401 1130/1129/1072
f 2293/2289/2165 964/964/917 2288/2284/2160
f 2294/2290/2166 2295/2291/2095 2296/2292/745
f 1436/1433/1360 2297/2293/2167 620/620/600
f 1134/1133/1076 1111/1110/1054 2288/2284/2160
f 2258/2254/2131 2298/2294/2168 2254/2250/2127
f 2299/2295/1401 2290/2286/2162 2291/2287/2163
f 2300/2296/2169 2289/2285/2161 373/373/362
f 2195/2191/2074 2197/2193/2076 2301/2297/2170
f 2199/2195/2078 2279/2275/2151 2274/2270/2146
f 2198/2194/2077 2184/2180/2063 2183/2179/2062
f 2298/2294/2168 2258/2254/2131 2269/2265/2141
f 2302/2298/2171 2303/2299/2172 2304/2300/2173
f 2305/2301/2174 2306/2302/2140 2307/2303/2175
f 2290/2286/2162 2270/2266/2142 2275/2271/2147
f 2308/2304/2176 1131/1130/1073 1483/1480/1405
f 2268/2264/2140 2287/2283/2159 2269/2265/2141
f 2265/2261/2137 255/255/250 2309/2305/2177
f 1130/1129/1072 2292/2288/2164 1483/1480/1405
f 2308/2304/2176 2310/2306/2178 1131/1130/1073
f 1479/1476/1401 2292/2288/2164 1130/1129/1072
f 2311/2307/2140 2265/2261/2137 2309/2305/2177
f 2312/2308/2179 2313/2309/2180 2314/2310/2181
f 2315/2311/2182 771/771/742 770/770/741
f 2316/2312/2183 1306/1304/1240 1305/1303/1239
f 2317/2313/2184 2217/2213/2185 11/11/11
f 2318/2314/2186 2254/2250/2127 2319/2315/2187
f 2320/2316/2188 2071/2067/1955 2175/2171/2055
f 773/773/744 2219/2215/2096 774/774/745
f 2254/2250/2127 2318/2314/2186 775/775/746
f 2071/2067/1955 2321/2317/2189 2322/2318/2190
f 2071/2067/1955 2322/2318/2190 815/815/785
f 2221/2217/2098 2241/2237/2117 2237/2233/2113
f 2323/2319/2191 772/772/743 2324/2320/2192
f 2325/2321/2193 1256/1254/1189 2326/2322/2194
f 10/10/10 2225/2221/2101 2317/2313/2184
f 2224/2220/2100 2327/2323/2194 2223/2219/2056
f 2224/2220/2100 2220/2216/2097 774/774/745
f 907/907/865 2328/2324/41 2329/2325/2195
f 51/51/51 2326/2322/2194 1256/1254/1189
f 907/907/865 909/909/867 2328/2324/41
f 2330/2326/40 2331/2327/2196 2332/2328/2197
f 2333/2329/869 2334/2330/2198 2335/2331/2199
f 2336/2332/2200 2314/2310/2181 2337/1181/2201
f 2338/2333/870 2339/2334/2202 2340/2335/40
f 908/908/866 2341/2336/2203 909/909/867
f 2315/2311/2182 2342/2337/2204 2218/2214/2095
f 2214/2210/2092 2343/2338/2205 2215/2211/2093
f 1043/1042/993 50/50/50 49/49/49
f 2218/2214/2095 2342/2337/2204 2224/2220/2100
f 2323/2319/2191 2324/2320/2192 2344/2339/2206
f 2225/2221/2101 10/10/10 89/89/88
f 2221/2217/2098 2254/2250/2127 774/774/745
f 772/772/743 2345/2340/1237 2346/2341/2207
f 2346/2341/2207 2324/2320/2192 772/772/743
f 2347/2342/1257 2348/2343/2208 2349/2344/2209
f 2071/2067/1955 815/815/785 2160/2156/2041
f 2329/2325/2195 2350/2345/2210 907/907/865
f 2351/2346/2211 2352/2347/2064 2353/2348/1419
f 769/769/740 772/772/743 2323/2319/2191
f 769/769/740 2323/2319/2191 770/770/741
f 2354/2349/2212 2355/2350/2213 2356/2351/2214
f 2357/2352/2215 2358/2353/2216 2280/2276/2152
f 2359/2354/1256 1305/1303/1239 1304/1302/1238
f 2254/2250/2127 2298/2294/2168 2319/2315/2187
f 2329/2325/2195 2249/2245/2124 2350/2345/2210
f 2360/2355/2217 2361/2356/2218 2362/2357/2219
f 2341/2336/2203 998/998/951 2363/2358/2220
f 1306/1304/1240 2316/2312/2183 2364/2359/2221
f 2365/2360/2222 2354/2349/2212 2356/2351/2214
f 2354/2349/2212 2366/2361/2223 2367/2362/2224
f 10/10/10 2317/2313/2184 11/11/11
f 2337/1181/2201 2314/2310/2181 2313/2309/2180
f 2357/2352/2215 2280/2276/2152 2198/2194/2077
f 2368/2363/2055 2369/2364/2225 2370/2365/2226
f 2371/2366/2148 2267/2263/2139 2274/2270/2146
f 2283/2279/2155 2372/2367/2227 2373/2368/2228
f 2365/2360/2222 2366/2361/2223 2354/2349/2212
f 771/771/742 2315/2311/2182 2218/2214/2095
f 215/215/209 214/214/208 12/12/12
f 2372/2367/2227 2283/2279/2155 2285/2281/2157
f 2358/2353/2216 2371/2366/2168 2280/2276/2152
f 2357/2352/2215 2183/2179/2229 2358/2353/2216
f 2372/2367/2227 2285/2281/2157 2374/2369/2230
f 2375/2370/2231 2376/2371/2232 2377/2372/2148
f 1448/1445/1372 1444/1441/1368 2378/2373/2233
f 2245/2241/951 2244/2240/2120 2379/2374/2234
f 882/882/844 100/100/99 862/862/827
f 1477/1474/1399 1476/1473/1398 2248/2244/2123
f 2209/2205/2088 2211/2207/2089 918/918/876
f 1475/1472/1397 2380/2375/2235 902/902/861
f 2380/2375/2235 2379/2374/2234 2244/2240/2120
f 614/614/594 590/590/569 589/589/568
f 2381/2376/2236 2379/2374/2234 1475/1472/1397
f 2380/2375/2235 1475/1472/1397 2379/2374/2234
f 2382/2377/2237 2381/2376/2236 1475/1472/1397
f 1536/1533/1453 215/215/209 2171/2167/2051
f 966/966/919 2182/2178/2061 136/136/134
f 2383/2378/2238 2384/2379/2239 2385/2380/2240
f 2180/2176/2059 2386/2381/2240 2387/2382/2241
f 2182/2178/2061 373/373/362 903/903/862
f 2171/2167/2051 1537/1534/1454 1536/1533/1453
f 1044/1043/994 1043/1042/993 2388/2383/2242
f 2046/2042/2019 2246/2242/2121 2157/2153/2038
f 2389/2384/2243 2390/2385/2244 2391/2386/2245
f 2209/2205/2088 918/918/876 917/917/875
f 2224/2220/2100 774/774/745 2218/2214/2095
f 2387/2382/2241 2181/2177/2060 2180/2176/2059
f 1336/1334/16 2382/2377/2237 1475/1472/1397
f 32/32/32 505/505/488 966/966/919
f 2350/2345/2210 2249/2245/2124 2248/2244/2123
f 998/998/951 2341/2336/2203 908/908/866
f 1336/1334/16 1475/1472/1397 915/915/873
f 1536/1533/1453 259/259/254 208/208/203
f 125/125/123 1433/1430/15 920/920/878
f 966/966/919 136/136/134 135/135/133
f 2392/2387/2246 2393/2388/2247 2394/2389/2248
f 811/811/778 810/810/780 2395/2390/2249
f 2396/2391/2250 2397/2392/2251 2398/2393/453
f 1495/1492/1417 2399/2394/2252 2400/2395/2253
f 755/755/726 2401/2396/2254 229/229/223
f 229/229/223 726/726/700 755/755/726
f 2398/2393/453 2397/2392/2251 2402/2397/2255
f 2403/2398/2256 2404/2399/2257 2402/2397/2255
f 2398/2393/453 2402/2397/2255 2404/2399/2257
f 2405/2400/2258 2406/2401/2259 2386/2381/2240
f 2398/2393/453 2407/2402/2260 2408/2403/2261
f 1490/1487/1412 1461/1458/1383 2409/2404/2262
f 799/799/769 798/798/768 814/814/784
f 2396/2391/2250 2398/2393/453 2410/2405/2263
f 2411/2406/785 2396/2391/2250 2410/2405/2263
f 2386/2381/2240 2406/2401/2259 2412/2407/2264
f 2413/2408/2265 2414/2409/2262 2415/2410/2266
f 2398/2393/453 2408/2403/2261 2410/2405/2263
f 2386/2381/2240 2180/2176/2059 2405/2400/2258
f 2384/2379/2239 2416/2411/2267 2385/2380/2240
f 2417/2412/2268 2418/2413/2238 2419/2414/2269
f 2399/2394/2252 1495/1492/1417 1456/1453/1379
f 567/567/547 1118/1117/1061 181/181/176
f 2420/2415/2270 221/221/215 56/56/56
f 1137/1136/1079 1156/1154/1098 1116/1115/1059
f 1653/1650/1565 429/429/418 2421/2416/2271
f 143/143/140 359/359/350 53/53/53
f 143/143/140 142/142/139 359/359/350
f 444/444/430 1951/1947/1842 445/445/431
f 53/53/53 52/52/52 143/143/140
f 2422/2417/2272 404/404/393 854/854/821
f 1156/1154/1098 1158/1156/1100 1232/1230/1168
f 955/955/909 2182/2178/2061 504/504/487
f 2247/2243/2122 146/146/143 856/856/822
f 1135/1134/1077 1137/1136/1079 1105/1104/1048
f 131/131/129 130/130/128 977/977/929
f 2210/2206/31 2209/2205/2088 2423/2418/2273
f 2409/2404/2262 1461/1458/1383 1482/1479/1404
f 1116/1115/1059 1165/1163/1107 1137/1136/1079
f 2424/2419/2274 1501/1498/1421 657/657/636
f 255/255/250 2265/2261/2137 787/787/757
f 253/253/248 255/255/250 787/787/757
f 2425/2420/2275 2426/2421/2276 2427/2422/2277
f 1096/1095/1040 1098/1097/1042 2428/2423/2278
f 1201/1199/1139 1200/1198/1138 2429/2424/2279
f 906/906/99 905/905/864 2430/2425/528
f 520/520/502 601/601/580 534/534/515
f 1120/1119/1063 1132/1131/1074 2431/2426/2280
f 1106/1105/1049 1243/1241/1178 2432/2427/2281
f 1136/1135/1078 1085/1084/1030 1218/1216/1156
f 1232/1230/1168 1504/1501/1424 1233/1231/1169
f 2433/2428/2282 2434/2429/2283 2201/2197/2080
f 622/622/602 2201/2197/2080 2434/2429/2283
f 2435/2430/2284 2205/2201/2084 2207/2203/2086
f 2436/2431/2285 2437/2432/2286 2438/2433/2287
f 2437/2432/2286 2436/2431/2285 2208/2204/2288
f 2203/2199/2082 2438/2433/2287 2204/2200/2083
f 2436/2431/2285 2438/2433/2287 2203/2199/2082
f 603/603/1221 2203/2199/2082 235/235/1222
f 2439/2434/2289 2440/2435/2290 2441/2436/2291
f 235/235/229 1348/1346/1277 2259/2255/2132
f 2437/2432/2286 2442/2437/2292 2438/2433/2287
f 2443/2438/2293 235/235/229 356/356/347
f 2443/2438/2293 356/356/347 1381/1378/1309
f 2202/2198/2081 2438/2433/2287 2442/2437/2292
f 2444/2439/2294 2445/2440/2295 2446/2441/2296
f 2202/2198/2081 356/356/347 355/355/346
f 356/356/347 2202/2198/2081 267/267/262
f 356/356/347 2088/2084/1972 1381/1378/1309
f 2443/2438/2293 1381/1378/1309 1383/1380/1311
f 1423/1420/1350 1349/1347/1278 2443/2438/2293
f 591/591/570 590/590/569 831/831/800
f 235/235/229 2443/2438/2293 1348/1346/1277
f 1348/1346/1277 2443/2438/2293 1349/1347/1278
f 591/591/570 1349/1347/1278 1382/1379/1349
f 1348/1346/1277 591/591/570 831/831/800
f 2259/2255/2132 831/831/800 903/903/862
f 831/831/800 2259/2255/2132 1348/1346/1277
f 2447/2442/2297 2448/2443/2298 2449/2444/2299
f 233/233/227 235/235/229 2259/2255/2132
f 1356/1354/1285 1355/1353/1284 2450/2445/2300
f 355/355/346 2438/2433/2287 2202/2198/2081
f 2202/2198/2081 2242/2238/2118 162/162/158
f 896/896/855 2437/2432/2286 897/897/856
f 1049/1048/856 440/440/426 442/442/428
f 2437/2432/2286 896/896/855 2442/2437/2292
f 2451/2446/2301 2452/2447/2302 2453/2448/2303
f 2442/2437/2292 2242/2238/2118 2202/2198/2081
f 2454/2449/2289 2455/2450/2304 2456/2451/2305
f 897/897/856 2437/2432/2286 2457/2452/2306
f 896/896/855 160/160/156 2242/2238/2118
f 2458/2453/2307 2459/2454/2302 2460/2455/2308
f 2461/2456/2309 2462/2457/2310 2463/2458/2311
f 2464/2459/2312 2465/2460/2313 2466/2461/312
f 326/326/319 325/325/318 171/171/167
f 169/169/165 2467/2462/2314 170/170/166
f 2468/2463/2315 1282/1280/1214 1284/1282/1216
f 359/359/350 702/702/628 596/596/575
f 1653/1650/1565 430/430/419 429/429/418
f 357/357/348 2469/2464/2316 358/358/349
f 2470/2465/2317 189/189/184 188/188/183
f 2471/2466/19 2472/2467/2318 2473/2468/2319
f 2474/2469/2320 1653/1650/1565 2421/2416/2271
f 2475/2470/2321 2476/2471/2322 2473/2468/2319
f 2474/2469/2320 2477/2472/2323 2478/2473/2324
f 2421/2416/2271 2477/2472/2323 2474/2469/2320
f 2479/2474/2325 2480/2475/2326 2481/2476/2327
f 2478/2473/2324 2477/2472/2323 2482/2477/2328
f 2483/2478/2318 1282/1280/1214 2468/2463/2315
f 1267/1265/1199 1265/1263/1197 2470/2465/2317
f 1265/1263/1197 189/189/184 2470/2465/2317
f 2482/2477/2328 2484/2479/2329 2478/2473/2324
f 2485/2480/2330 2486/2481/2331 19/19/19
f 2487/2482/2332 2488/2483/2333 2489/2484/2334
f 2471/2466/19 2473/2468/2319 2476/2471/2322
f 2490/2485/2335 2491/2486/2336 2492/2487/2337
f 2490/2485/2335 2492/2487/2337 2493/2488/2338
f 2486/2481/2331 20/20/20 19/19/19
f 2494/2489/2339 2495/2490/2340 2496/2491/2341
f 2497/2492/2342 2490/2485/2335 2493/2488/2338
f 1282/1280/1214 606/606/586 592/592/571
f 2498/2493/2343 2472/2467/2318 2471/2466/19
f 20/20/20 2499/2494/2344 18/18/18
f 1107/1106/1050 1264/1262/1196 669/669/647
f 1282/1280/1214 592/592/571 594/594/573
f 651/651/630 598/598/577 594/594/573
f 2500/2495/2345 2501/2496/2346 651/651/630
f 2502/2497/2347 598/598/577 2501/2496/2346
f 2503/2498/2348 2502/2497/2347 2501/2496/2346
f 1081/1080/1026 2504/2499/2349 1082/1081/1027
f 2505/2500/2350 2506/2501/2351 2507/2502/2352
f 1148/1147/1090 1149/1148/1091 2508/2503/2353
f 1215/1213/1153 2506/2501/2351 2505/2500/2350
f 2509/2504/2354 2503/2498/2348 2501/2496/2346
f 598/598/577 1145/1144/1087 599/599/578
f 2510/2505/2355 2511/2506/2356 1148/1147/1090
f 598/598/577 2502/2497/2347 2512/2507/1152
f 1215/1213/1153 2505/2500/2350 1213/1211/1151
f 1082/1081/1027 2504/2499/2349 2513/2508/2357
f 2514/2509/2358 2515/2510/2359 2516/2511/2360
f 2517/2512/2361 948/948/903 2514/2509/2358
f 658/658/637 1501/1498/1421 1105/1104/1048
f 2508/2503/2353 2510/2505/2355 1148/1147/1090
f 594/594/573 598/598/577 597/597/576
f 2500/2495/2345 651/651/630 684/684/660
f 1501/1498/1421 1135/1134/1077 1105/1104/1048
f 2518/2513/2362 2513/2508/2357 2519/2514/2363
f 2520/2515/2364 2518/2513/2362 2519/2514/2363
f 950/950/905 2521/2516/2365 948/948/903
f 1096/1095/1040 2522/2517/2366 1194/1192/1132
f 2523/2518/2367 2521/2516/2365 950/950/905
f 2524/2519/2361 2525/2520/2368 2526/2521/2369
f 2501/2496/2346 598/598/577 651/651/630
f 2527/2522/2370 2505/2500/2350 2507/2502/2352
f 2528/2523/2371 2503/2498/2348 2529/2524/2372
f 2530/2525/2373 2531/2526/2374 2532/2527/2375
f 2533/2528/2376 2534/2529/2377 2535/2530/2378
f 2503/2498/2348 2509/2504/2354 2529/2524/2372
f 684/684/660 674/674/652 669/669/647
f 2536/2531/2379 2525/2520/2368 2537/2532/2380
f 1204/1202/1142 2538/2533/2381 2539/2534/2382
f 2540/2535/2383 2541/2536/2384 2542/2537/2385
f 2543/2538/2386 2544/2539/2387 2545/2540/2388
f 2546/2541/2389 2525/2520/2368 2536/2531/2379
f 2432/2427/2281 1254/1252/1187 1108/1107/1051
f 1108/1107/1051 1254/1252/1187 1109/1108/1052
f 2547/2542/2390 2548/2543/2391 2549/2544/2392
f 1106/1105/1049 2432/2427/2281 1107/1106/1050
f 1137/1136/1079 1165/1163/1107 1105/1104/1048
f 2513/2508/2357 2550/2545/2393 2519/2514/2363
f 1254/1252/1187 2432/2427/2281 1243/1241/1178
f 2549/2544/2392 2551/2546/2394 2547/2542/2390
f 2552/2547/2395 2547/2542/2390 2553/2548/2396
f 1294/1292/1230 1135/1134/1077 1501/1498/1421
f 2548/2543/2391 2547/2542/2390 2552/2547/2395
f 2554/2549/2397 684/684/660 1264/1262/1196
f 2546/2541/2389 2526/2521/2369 2525/2520/2368
f 2531/2526/2374 2530/2525/2373 2555/2550/2398
f 2517/2512/2361 2514/2509/2358 2516/2511/2360
f 2556/2551/2399 2557/2552/2400 2558/2553/2401
f 1282/1280/1214 594/594/573 597/597/576
f 2559/2554/2402 1079/1078/1025 1146/1145/1088
f 597/597/576 1176/1174/1117 1231/1229/1167
f 1177/1175/1118 599/599/578 1217/1215/1155
f 1145/1144/1087 1217/1215/1155 599/599/578
f 1163/1161/1105 1225/1223/1162 1199/1197/1137
f 1209/1207/1147 1140/1139/1082 1281/1279/1213
f 1210/1208/1148 2560/2555/2403 1211/1209/1149
f 1166/1164/1108 1164/1162/1106 1163/1161/1105
f 1030/1029/981 132/132/130 1006/1006/958
f 2508/2503/2353 1080/1079/981 1079/1078/1025
f 2510/2505/2355 2508/2503/2353 1079/1078/1025
f 2559/2554/2402 2510/2505/2355 1079/1078/1025
f 2512/2507/2404 2511/2506/2356 2559/2554/2402
f 2512/2507/1152 1145/1144/1087 598/598/577
f 2559/2554/2402 1146/1145/1088 2512/2507/2404
f 2511/2506/2356 2510/2505/2355 2559/2554/2402
f 1082/1081/1027 2513/2508/2357 2518/2513/2362
f 773/773/744 771/771/742 2218/2214/2095
f 2561/2556/2405 2562/2557/2406 2563/2558/2407
f 1203/1201/1141 2538/2533/2381 1204/1202/1142
f 1096/1095/1040 1149/1148/1091 2564/2517/2408
f 1195/1193/1133 1149/1148/1091 1097/1096/1041
f 2565/2559/1133 2566/2560/2409 2567/2561/2410
f 2568/2562/2411 1149/1148/1091 1195/1193/1133
f 1110/1109/1053 2537/2532/2380 2525/2520/2368
f 963/963/916 1204/1202/1142 1133/1132/1075
f 2564/2517/2408 1149/1148/1091 2568/2562/2411
f 1097/1096/1041 1096/1095/1040 1194/1192/1132
f 1149/1148/1091 1096/1095/1040 2428/2423/2278
f 2569/2563/2412 2567/2561/2410 2566/2560/2409
f 949/949/904 948/948/903 2517/2512/2361
f 1109/1108/1052 2537/2532/2380 1110/1109/1053
